﻿<?xml version="1.0" encoding="utf-8"?>
<!-- XBRL Document Created with WizLabo Platform -->
<link:linkbase xmlns:xlink="http://www.w3.org/1999/xlink" xmlns:xsi="http://www.w3.org/2001/XMLSchema-instance" xmlns:link="http://www.xbrl.org/2003/linkbase">
  <link:labelLink xlink:type="extended" xlink:role="http://www.xbrl.org/2003/role/link">
    <link:label xml:lang="en" xlink:type="resource" xlink:label="jpcrp030000-asr_E00491-000_AdvertisingAndSampleExpenseSGA_label_1" xlink:role="http://www.xbrl.org/2003/role/label">Advertising and sample expense</link:label>
    <link:label xml:lang="en" xlink:type="resource" xlink:label="jpcrp030000-asr_E00491-000_AdvertisingAndSampleExpenseSGA_label_2" xlink:role="http://www.xbrl.org/2003/role/verboseLabel">Advertising and sample expense-SGA</link:label>
    <link:label xml:lang="en" xlink:type="resource" xlink:label="jpcrp030000-asr_E00491-000_AdvertisingAndSampleExpenseSGA_label" xlink:role="http://www.xbrl.org/2003/role/documentation">Advertising and sample expense-SGA</link:label>
    <link:label xml:lang="en" xlink:type="resource" xlink:label="jpcrp030000-asr_E00491-000_AllowanceForDoubtfulAccountsOfSubsidiariesAndAssociatesIOAByGroup_label" xlink:role="http://www.xbrl.org/2003/role/label">Allowance for doubtful accounts of subsidiaries and associates</link:label>
    <link:label xml:lang="en" xlink:type="resource" xlink:label="jpcrp030000-asr_E00491-000_AllowanceForDoubtfulAccountsOfSubsidiariesAndAssociatesIOAByGroup_label_1" xlink:role="http://www.xbrl.org/2003/role/verboseLabel">Allowance for doubtful accounts of subsidiaries and associates-IOA-by group</link:label>
    <link:label xml:lang="en" xlink:type="resource" xlink:label="jpcrp030000-asr_E00491-000_AmortizationOfGoodwillAmortizationAndUnamortizedBalanceOfGoodwillForEachReportableSegment_label" xlink:role="http://www.xbrl.org/2003/role/label">Amortization of goodwill</link:label>
    <link:label xml:lang="en" xlink:type="resource" xlink:label="jpcrp030000-asr_E00491-000_AmortizationOfGoodwillAmortizationAndUnamortizedBalanceOfGoodwillForEachReportableSegment_label_1" xlink:role="http://www.xbrl.org/2003/role/verboseLabel">Amortization of goodwill, Amortization and unamortized balance of goodwill for each reportable segment</link:label>
    <link:label xml:lang="en" xlink:type="resource" xlink:label="jpcrp030000-asr_E00491-000_AndoMasayaMember_label" xlink:role="http://www.xbrl.org/2003/role/label">Ando, Masaya</link:label>
    <link:label xml:lang="en" xlink:type="resource" xlink:label="jpcrp030000-asr_E00491-000_AndoMasayaMember_label_1" xlink:role="http://www.xbrl.org/2003/role/verboseLabel">Ando, Masaya [member]</link:label>
    <link:label xml:lang="en" xlink:type="resource" xlink:label="jpcrp030000-asr_E00491-000_ApplianceEquipment_label_1" xlink:role="http://www.xbrl.org/2003/role/label">Appliance equipment</link:label>
    <link:label xml:lang="en" xlink:type="resource" xlink:label="jpcrp030000-asr_E00491-000_ApplianceEquipment_label_2" xlink:role="http://www.xbrl.org/2003/role/verboseLabel">Appliance equipment</link:label>
    <link:label xml:lang="en" xlink:type="resource" xlink:label="jpcrp030000-asr_E00491-000_ApplianceEquipment_label" xlink:role="http://www.xbrl.org/2003/role/documentation">Appliance equipment</link:label>
    <link:label xml:lang="en" xlink:type="resource" xlink:label="jpcrp030000-asr_E00491-000_AzumaShihoMember_label" xlink:role="http://www.xbrl.org/2003/role/label">Azuma, Shiho</link:label>
    <link:label xml:lang="en" xlink:type="resource" xlink:label="jpcrp030000-asr_E00491-000_AzumaShihoMember_label_1" xlink:role="http://www.xbrl.org/2003/role/verboseLabel">Azuma, Shiho [member]</link:label>
    <link:label xml:lang="en" xlink:type="resource" xlink:label="jpcrp030000-asr_E00491-000_ClaimsProvablelnBankruptcyClaimsProvablelnRehbilit_label_1" xlink:role="http://www.xbrl.org/2003/role/label">Claims provableln bankruptcy claims provableln rehbilit</link:label>
    <link:label xml:lang="en" xlink:type="resource" xlink:label="jpcrp030000-asr_E00491-000_ClaimsProvablelnBankruptcyClaimsProvablelnRehbilit_label_2" xlink:role="http://www.xbrl.org/2003/role/verboseLabel">Claims provableln bankruptcy claims provableln rehbilit</link:label>
    <link:label xml:lang="en" xlink:type="resource" xlink:label="jpcrp030000-asr_E00491-000_ClaimsProvablelnBankruptcyClaimsProvablelnRehbilit_label" xlink:role="http://www.xbrl.org/2003/role/documentation">Claims provableln bankruptcy claims provableln rehbilit</link:label>
    <link:label xml:lang="en" xlink:type="resource" xlink:label="jpcrp030000-asr_E00491-000_CoffeeRelatedReportableSegmentsMember_label" xlink:role="http://www.xbrl.org/2003/role/label">Coffee related</link:label>
    <link:label xml:lang="en" xlink:type="resource" xlink:label="jpcrp030000-asr_E00491-000_CoffeeRelatedReportableSegmentsMember_label_1" xlink:role="http://www.xbrl.org/2003/role/verboseLabel">Coffee related, Reportable segments[member]</link:label>
    <link:label xml:lang="en" xlink:type="resource" xlink:label="jpcrp030000-asr_E00491-000_FoodAndBeverageRelatedReportableSegmentsMember_label" xlink:role="http://www.xbrl.org/2003/role/label">Food and beverage related</link:label>
    <link:label xml:lang="en" xlink:type="resource" xlink:label="jpcrp030000-asr_E00491-000_FoodAndBeverageRelatedReportableSegmentsMember_label_1" xlink:role="http://www.xbrl.org/2003/role/verboseLabel">Food and beverage related, Reportable segments[member]</link:label>
    <link:label xml:lang="en" xlink:type="resource" xlink:label="jpcrp030000-asr_E00491-000_KawamataKazuoMember_label" xlink:role="http://www.xbrl.org/2003/role/label">Kawamata, Kazuo</link:label>
    <link:label xml:lang="en" xlink:type="resource" xlink:label="jpcrp030000-asr_E00491-000_KawamataKazuoMember_label_1" xlink:role="http://www.xbrl.org/2003/role/verboseLabel">Kawamata, Kazuo [member]</link:label>
    <link:label xml:lang="en" xlink:type="resource" xlink:label="jpcrp030000-asr_E00491-000_NakagawaKouzouMember_label" xlink:role="http://www.xbrl.org/2003/role/label">Nakagawa, Kouzou</link:label>
    <link:label xml:lang="en" xlink:type="resource" xlink:label="jpcrp030000-asr_E00491-000_NakagawaKouzouMember_label_1" xlink:role="http://www.xbrl.org/2003/role/verboseLabel">Nakagawa, Kouzou [member]</link:label>
    <link:label xml:lang="en" xlink:type="resource" xlink:label="jpcrp030000-asr_E00491-000_NakanoMasatakaMember_label" xlink:role="http://www.xbrl.org/2003/role/label">Nakano, Masataka</link:label>
    <link:label xml:lang="en" xlink:type="resource" xlink:label="jpcrp030000-asr_E00491-000_NakanoMasatakaMember_label_1" xlink:role="http://www.xbrl.org/2003/role/verboseLabel">Nakano, Masataka [member]</link:label>
    <link:label xml:lang="en" xlink:type="resource" xlink:label="jpcrp030000-asr_E00491-000_OzawaNobuhiroMember_label" xlink:role="http://www.xbrl.org/2003/role/label">Ozawa, Nobuhiro</link:label>
    <link:label xml:lang="en" xlink:type="resource" xlink:label="jpcrp030000-asr_E00491-000_OzawaNobuhiroMember_label_1" xlink:role="http://www.xbrl.org/2003/role/verboseLabel">Ozawa, Nobuhiro [member]</link:label>
    <link:label xml:lang="en" xlink:type="resource" xlink:label="jpcrp030000-asr_E00491-000_ProvisionOfAllowanceForDoubtfulAccountsForSubsidiariesAndAffiliatesNOE_label" xlink:role="http://www.xbrl.org/2003/role/label">Provision of allowance for doubtful accounts for subsidiaries and affiliates</link:label>
    <link:label xml:lang="en" xlink:type="resource" xlink:label="jpcrp030000-asr_E00491-000_ProvisionOfAllowanceForDoubtfulAccountsForSubsidiariesAndAffiliatesNOE_label_1" xlink:role="http://www.xbrl.org/2003/role/verboseLabel">Provision of allowance for doubtful accounts for subsidiaries and affiliates-NOE</link:label>
    <link:label xml:lang="en" xlink:type="resource" xlink:label="jpcrp030000-asr_E00491-000_ShibamotoYoshikoMember_label" xlink:role="http://www.xbrl.org/2003/role/label">Shibamoto, Yoshiko</link:label>
    <link:label xml:lang="en" xlink:type="resource" xlink:label="jpcrp030000-asr_E00491-000_ShibamotoYoshikoMember_label_1" xlink:role="http://www.xbrl.org/2003/role/verboseLabel">Shibamoto, Yoshiko [member]</link:label>
    <link:label xml:lang="en" xlink:type="resource" xlink:label="jpcrp030000-asr_E00491-000_ShibataYutakaMember_label" xlink:role="http://www.xbrl.org/2003/role/label">Shibata, Yutaka</link:label>
    <link:label xml:lang="en" xlink:type="resource" xlink:label="jpcrp030000-asr_E00491-000_ShibataYutakaMember_label_1" xlink:role="http://www.xbrl.org/2003/role/verboseLabel">Shibata, Yutaka [member]</link:label>
    <link:label xml:lang="en" xlink:type="resource" xlink:label="jpcrp030000-asr_E00491-000_ShimizuNobuyukiMember_label" xlink:role="http://www.xbrl.org/2003/role/label">Shimizu, Nobuyuki</link:label>
    <link:label xml:lang="en" xlink:type="resource" xlink:label="jpcrp030000-asr_E00491-000_ShimizuNobuyukiMember_label_1" xlink:role="http://www.xbrl.org/2003/role/verboseLabel">Shimizu, Nobuyuki [member]</link:label>
    <link:label xml:lang="en" xlink:type="resource" xlink:label="jpcrp030000-asr_E00491-000_StorageExpensesSGA_label" xlink:role="http://www.xbrl.org/2003/role/label">Storage expenses</link:label>
    <link:label xml:lang="en" xlink:type="resource" xlink:label="jpcrp030000-asr_E00491-000_StorageExpensesSGA_label_1" xlink:role="http://www.xbrl.org/2003/role/verboseLabel">Storage expenses-SGA</link:label>
    <link:loc xlink:type="locator" xlink:href="jpcrp030000-asr-001_E00491-000_2024-03-31_01_2024-06-21.xsd#jpcrp030000-asr_E00491-000_AdvertisingAndSampleExpenseSGA" xlink:label="jpcrp030000-asr_E00491-000_AdvertisingAndSampleExpenseSGA" />
    <link:loc xlink:type="locator" xlink:href="jpcrp030000-asr-001_E00491-000_2024-03-31_01_2024-06-21.xsd#jpcrp030000-asr_E00491-000_AllowanceForDoubtfulAccountsOfSubsidiariesAndAssociatesIOAByGroup" xlink:label="jpcrp030000-asr_E00491-000_AllowanceForDoubtfulAccountsOfSubsidiariesAndAssociatesIOAByGroup" />
    <link:loc xlink:type="locator" xlink:href="jpcrp030000-asr-001_E00491-000_2024-03-31_01_2024-06-21.xsd#jpcrp030000-asr_E00491-000_AmortizationOfGoodwillAmortizationAndUnamortizedBalanceOfGoodwillForEachReportableSegment" xlink:label="jpcrp030000-asr_E00491-000_AmortizationOfGoodwillAmortizationAndUnamortizedBalanceOfGoodwillForEachReportableSegment" />
    <link:loc xlink:type="locator" xlink:href="jpcrp030000-asr-001_E00491-000_2024-03-31_01_2024-06-21.xsd#jpcrp030000-asr_E00491-000_AndoMasayaMember" xlink:label="jpcrp030000-asr_E00491-000_AndoMasayaMember" />
    <link:loc xlink:type="locator" xlink:href="jpcrp030000-asr-001_E00491-000_2024-03-31_01_2024-06-21.xsd#jpcrp030000-asr_E00491-000_ApplianceEquipment" xlink:label="jpcrp030000-asr_E00491-000_ApplianceEquipment" />
    <link:loc xlink:type="locator" xlink:href="jpcrp030000-asr-001_E00491-000_2024-03-31_01_2024-06-21.xsd#jpcrp030000-asr_E00491-000_AzumaShihoMember" xlink:label="jpcrp030000-asr_E00491-000_AzumaShihoMember" />
    <link:loc xlink:type="locator" xlink:href="jpcrp030000-asr-001_E00491-000_2024-03-31_01_2024-06-21.xsd#jpcrp030000-asr_E00491-000_ClaimsProvablelnBankruptcyClaimsProvablelnRehbilit" xlink:label="jpcrp030000-asr_E00491-000_ClaimsProvablelnBankruptcyClaimsProvablelnRehbilit" />
    <link:loc xlink:type="locator" xlink:href="jpcrp030000-asr-001_E00491-000_2024-03-31_01_2024-06-21.xsd#jpcrp030000-asr_E00491-000_CoffeeRelatedReportableSegmentsMember" xlink:label="jpcrp030000-asr_E00491-000_CoffeeRelatedReportableSegmentsMember" />
    <link:loc xlink:type="locator" xlink:href="jpcrp030000-asr-001_E00491-000_2024-03-31_01_2024-06-21.xsd#jpcrp030000-asr_E00491-000_FoodAndBeverageRelatedReportableSegmentsMember" xlink:label="jpcrp030000-asr_E00491-000_FoodAndBeverageRelatedReportableSegmentsMember" />
    <link:loc xlink:type="locator" xlink:href="jpcrp030000-asr-001_E00491-000_2024-03-31_01_2024-06-21.xsd#jpcrp030000-asr_E00491-000_KawamataKazuoMember" xlink:label="jpcrp030000-asr_E00491-000_KawamataKazuoMember" />
    <link:loc xlink:type="locator" xlink:href="jpcrp030000-asr-001_E00491-000_2024-03-31_01_2024-06-21.xsd#jpcrp030000-asr_E00491-000_NakagawaKouzouMember" xlink:label="jpcrp030000-asr_E00491-000_NakagawaKouzouMember" />
    <link:loc xlink:type="locator" xlink:href="jpcrp030000-asr-001_E00491-000_2024-03-31_01_2024-06-21.xsd#jpcrp030000-asr_E00491-000_NakanoMasatakaMember" xlink:label="jpcrp030000-asr_E00491-000_NakanoMasatakaMember" />
    <link:loc xlink:type="locator" xlink:href="jpcrp030000-asr-001_E00491-000_2024-03-31_01_2024-06-21.xsd#jpcrp030000-asr_E00491-000_OzawaNobuhiroMember" xlink:label="jpcrp030000-asr_E00491-000_OzawaNobuhiroMember" />
    <link:loc xlink:type="locator" xlink:href="jpcrp030000-asr-001_E00491-000_2024-03-31_01_2024-06-21.xsd#jpcrp030000-asr_E00491-000_ProvisionOfAllowanceForDoubtfulAccountsForSubsidiariesAndAffiliatesNOE" xlink:label="jpcrp030000-asr_E00491-000_ProvisionOfAllowanceForDoubtfulAccountsForSubsidiariesAndAffiliatesNOE" />
    <link:loc xlink:type="locator" xlink:href="jpcrp030000-asr-001_E00491-000_2024-03-31_01_2024-06-21.xsd#jpcrp030000-asr_E00491-000_ShibamotoYoshikoMember" xlink:label="jpcrp030000-asr_E00491-000_ShibamotoYoshikoMember" />
    <link:loc xlink:type="locator" xlink:href="jpcrp030000-asr-001_E00491-000_2024-03-31_01_2024-06-21.xsd#jpcrp030000-asr_E00491-000_ShibataYutakaMember" xlink:label="jpcrp030000-asr_E00491-000_ShibataYutakaMember" />
    <link:loc xlink:type="locator" xlink:href="jpcrp030000-asr-001_E00491-000_2024-03-31_01_2024-06-21.xsd#jpcrp030000-asr_E00491-000_ShimizuNobuyukiMember" xlink:label="jpcrp030000-asr_E00491-000_ShimizuNobuyukiMember" />
    <link:loc xlink:type="locator" xlink:href="jpcrp030000-asr-001_E00491-000_2024-03-31_01_2024-06-21.xsd#jpcrp030000-asr_E00491-000_StorageExpensesSGA" xlink:label="jpcrp030000-asr_E00491-000_StorageExpensesSGA" />
    <link:labelArc xlink:type="arc" xlink:from="jpcrp030000-asr_E00491-000_AdvertisingAndSampleExpenseSGA" xlink:to="jpcrp030000-asr_E00491-000_AdvertisingAndSampleExpenseSGA_label" xlink:arcrole="http://www.xbrl.org/2003/arcrole/concept-label" order="1" />
    <link:labelArc xlink:type="arc" xlink:from="jpcrp030000-asr_E00491-000_AdvertisingAndSampleExpenseSGA" xlink:to="jpcrp030000-asr_E00491-000_AdvertisingAndSampleExpenseSGA_label_1" xlink:arcrole="http://www.xbrl.org/2003/arcrole/concept-label" order="1" />
    <link:labelArc xlink:type="arc" xlink:from="jpcrp030000-asr_E00491-000_AdvertisingAndSampleExpenseSGA" xlink:to="jpcrp030000-asr_E00491-000_AdvertisingAndSampleExpenseSGA_label_2" xlink:arcrole="http://www.xbrl.org/2003/arcrole/concept-label" order="1" />
    <link:labelArc xlink:type="arc" xlink:from="jpcrp030000-asr_E00491-000_AllowanceForDoubtfulAccountsOfSubsidiariesAndAssociatesIOAByGroup" xlink:to="jpcrp030000-asr_E00491-000_AllowanceForDoubtfulAccountsOfSubsidiariesAndAssociatesIOAByGroup_label" xlink:arcrole="http://www.xbrl.org/2003/arcrole/concept-label" order="1" />
    <link:labelArc xlink:type="arc" xlink:from="jpcrp030000-asr_E00491-000_AllowanceForDoubtfulAccountsOfSubsidiariesAndAssociatesIOAByGroup" xlink:to="jpcrp030000-asr_E00491-000_AllowanceForDoubtfulAccountsOfSubsidiariesAndAssociatesIOAByGroup_label_1" xlink:arcrole="http://www.xbrl.org/2003/arcrole/concept-label" order="1" />
    <link:labelArc xlink:type="arc" xlink:from="jpcrp030000-asr_E00491-000_AmortizationOfGoodwillAmortizationAndUnamortizedBalanceOfGoodwillForEachReportableSegment" xlink:to="jpcrp030000-asr_E00491-000_AmortizationOfGoodwillAmortizationAndUnamortizedBalanceOfGoodwillForEachReportableSegment_label" xlink:arcrole="http://www.xbrl.org/2003/arcrole/concept-label" order="1" />
    <link:labelArc xlink:type="arc" xlink:from="jpcrp030000-asr_E00491-000_AmortizationOfGoodwillAmortizationAndUnamortizedBalanceOfGoodwillForEachReportableSegment" xlink:to="jpcrp030000-asr_E00491-000_AmortizationOfGoodwillAmortizationAndUnamortizedBalanceOfGoodwillForEachReportableSegment_label_1" xlink:arcrole="http://www.xbrl.org/2003/arcrole/concept-label" order="1" />
    <link:labelArc xlink:type="arc" xlink:from="jpcrp030000-asr_E00491-000_AndoMasayaMember" xlink:to="jpcrp030000-asr_E00491-000_AndoMasayaMember_label" xlink:arcrole="http://www.xbrl.org/2003/arcrole/concept-label" order="1" />
    <link:labelArc xlink:type="arc" xlink:from="jpcrp030000-asr_E00491-000_AndoMasayaMember" xlink:to="jpcrp030000-asr_E00491-000_AndoMasayaMember_label_1" xlink:arcrole="http://www.xbrl.org/2003/arcrole/concept-label" order="1" />
    <link:labelArc xlink:type="arc" xlink:from="jpcrp030000-asr_E00491-000_ApplianceEquipment" xlink:to="jpcrp030000-asr_E00491-000_ApplianceEquipment_label_2" xlink:arcrole="http://www.xbrl.org/2003/arcrole/concept-label" order="1" />
    <link:labelArc xlink:type="arc" xlink:from="jpcrp030000-asr_E00491-000_ApplianceEquipment" xlink:to="jpcrp030000-asr_E00491-000_ApplianceEquipment_label" xlink:arcrole="http://www.xbrl.org/2003/arcrole/concept-label" order="1" />
    <link:labelArc xlink:type="arc" xlink:from="jpcrp030000-asr_E00491-000_ApplianceEquipment" xlink:to="jpcrp030000-asr_E00491-000_ApplianceEquipment_label_1" xlink:arcrole="http://www.xbrl.org/2003/arcrole/concept-label" order="1" />
    <link:labelArc xlink:type="arc" xlink:from="jpcrp030000-asr_E00491-000_AzumaShihoMember" xlink:to="jpcrp030000-asr_E00491-000_AzumaShihoMember_label" xlink:arcrole="http://www.xbrl.org/2003/arcrole/concept-label" order="1" />
    <link:labelArc xlink:type="arc" xlink:from="jpcrp030000-asr_E00491-000_AzumaShihoMember" xlink:to="jpcrp030000-asr_E00491-000_AzumaShihoMember_label_1" xlink:arcrole="http://www.xbrl.org/2003/arcrole/concept-label" order="1" />
    <link:labelArc xlink:type="arc" xlink:from="jpcrp030000-asr_E00491-000_ClaimsProvablelnBankruptcyClaimsProvablelnRehbilit" xlink:to="jpcrp030000-asr_E00491-000_ClaimsProvablelnBankruptcyClaimsProvablelnRehbilit_label" xlink:arcrole="http://www.xbrl.org/2003/arcrole/concept-label" order="1" />
    <link:labelArc xlink:type="arc" xlink:from="jpcrp030000-asr_E00491-000_ClaimsProvablelnBankruptcyClaimsProvablelnRehbilit" xlink:to="jpcrp030000-asr_E00491-000_ClaimsProvablelnBankruptcyClaimsProvablelnRehbilit_label_1" xlink:arcrole="http://www.xbrl.org/2003/arcrole/concept-label" order="1" />
    <link:labelArc xlink:type="arc" xlink:from="jpcrp030000-asr_E00491-000_ClaimsProvablelnBankruptcyClaimsProvablelnRehbilit" xlink:to="jpcrp030000-asr_E00491-000_ClaimsProvablelnBankruptcyClaimsProvablelnRehbilit_label_2" xlink:arcrole="http://www.xbrl.org/2003/arcrole/concept-label" order="1" />
    <link:labelArc xlink:type="arc" xlink:from="jpcrp030000-asr_E00491-000_CoffeeRelatedReportableSegmentsMember" xlink:to="jpcrp030000-asr_E00491-000_CoffeeRelatedReportableSegmentsMember_label_1" xlink:arcrole="http://www.xbrl.org/2003/arcrole/concept-label" order="1" />
    <link:labelArc xlink:type="arc" xlink:from="jpcrp030000-asr_E00491-000_CoffeeRelatedReportableSegmentsMember" xlink:to="jpcrp030000-asr_E00491-000_CoffeeRelatedReportableSegmentsMember_label" xlink:arcrole="http://www.xbrl.org/2003/arcrole/concept-label" order="1" />
    <link:labelArc xlink:type="arc" xlink:from="jpcrp030000-asr_E00491-000_FoodAndBeverageRelatedReportableSegmentsMember" xlink:to="jpcrp030000-asr_E00491-000_FoodAndBeverageRelatedReportableSegmentsMember_label_1" xlink:arcrole="http://www.xbrl.org/2003/arcrole/concept-label" order="1" />
    <link:labelArc xlink:type="arc" xlink:from="jpcrp030000-asr_E00491-000_FoodAndBeverageRelatedReportableSegmentsMember" xlink:to="jpcrp030000-asr_E00491-000_FoodAndBeverageRelatedReportableSegmentsMember_label" xlink:arcrole="http://www.xbrl.org/2003/arcrole/concept-label" order="1" />
    <link:labelArc xlink:type="arc" xlink:from="jpcrp030000-asr_E00491-000_KawamataKazuoMember" xlink:to="jpcrp030000-asr_E00491-000_KawamataKazuoMember_label" xlink:arcrole="http://www.xbrl.org/2003/arcrole/concept-label" order="1" />
    <link:labelArc xlink:type="arc" xlink:from="jpcrp030000-asr_E00491-000_KawamataKazuoMember" xlink:to="jpcrp030000-asr_E00491-000_KawamataKazuoMember_label_1" xlink:arcrole="http://www.xbrl.org/2003/arcrole/concept-label" order="1" />
    <link:labelArc xlink:type="arc" xlink:from="jpcrp030000-asr_E00491-000_NakagawaKouzouMember" xlink:to="jpcrp030000-asr_E00491-000_NakagawaKouzouMember_label" xlink:arcrole="http://www.xbrl.org/2003/arcrole/concept-label" order="1" />
    <link:labelArc xlink:type="arc" xlink:from="jpcrp030000-asr_E00491-000_NakagawaKouzouMember" xlink:to="jpcrp030000-asr_E00491-000_NakagawaKouzouMember_label_1" xlink:arcrole="http://www.xbrl.org/2003/arcrole/concept-label" order="1" />
    <link:labelArc xlink:type="arc" xlink:from="jpcrp030000-asr_E00491-000_NakanoMasatakaMember" xlink:to="jpcrp030000-asr_E00491-000_NakanoMasatakaMember_label" xlink:arcrole="http://www.xbrl.org/2003/arcrole/concept-label" order="1" />
    <link:labelArc xlink:type="arc" xlink:from="jpcrp030000-asr_E00491-000_NakanoMasatakaMember" xlink:to="jpcrp030000-asr_E00491-000_NakanoMasatakaMember_label_1" xlink:arcrole="http://www.xbrl.org/2003/arcrole/concept-label" order="1" />
    <link:labelArc xlink:type="arc" xlink:from="jpcrp030000-asr_E00491-000_OzawaNobuhiroMember" xlink:to="jpcrp030000-asr_E00491-000_OzawaNobuhiroMember_label" xlink:arcrole="http://www.xbrl.org/2003/arcrole/concept-label" order="1" />
    <link:labelArc xlink:type="arc" xlink:from="jpcrp030000-asr_E00491-000_OzawaNobuhiroMember" xlink:to="jpcrp030000-asr_E00491-000_OzawaNobuhiroMember_label_1" xlink:arcrole="http://www.xbrl.org/2003/arcrole/concept-label" order="1" />
    <link:labelArc xlink:type="arc" xlink:from="jpcrp030000-asr_E00491-000_ProvisionOfAllowanceForDoubtfulAccountsForSubsidiariesAndAffiliatesNOE" xlink:to="jpcrp030000-asr_E00491-000_ProvisionOfAllowanceForDoubtfulAccountsForSubsidiariesAndAffiliatesNOE_label_1" xlink:arcrole="http://www.xbrl.org/2003/arcrole/concept-label" order="1" />
    <link:labelArc xlink:type="arc" xlink:from="jpcrp030000-asr_E00491-000_ProvisionOfAllowanceForDoubtfulAccountsForSubsidiariesAndAffiliatesNOE" xlink:to="jpcrp030000-asr_E00491-000_ProvisionOfAllowanceForDoubtfulAccountsForSubsidiariesAndAffiliatesNOE_label" xlink:arcrole="http://www.xbrl.org/2003/arcrole/concept-label" order="1" />
    <link:labelArc xlink:type="arc" xlink:from="jpcrp030000-asr_E00491-000_ShibamotoYoshikoMember" xlink:to="jpcrp030000-asr_E00491-000_ShibamotoYoshikoMember_label" xlink:arcrole="http://www.xbrl.org/2003/arcrole/concept-label" order="1" />
    <link:labelArc xlink:type="arc" xlink:from="jpcrp030000-asr_E00491-000_ShibamotoYoshikoMember" xlink:to="jpcrp030000-asr_E00491-000_ShibamotoYoshikoMember_label_1" xlink:arcrole="http://www.xbrl.org/2003/arcrole/concept-label" order="1" />
    <link:labelArc xlink:type="arc" xlink:from="jpcrp030000-asr_E00491-000_ShibataYutakaMember" xlink:to="jpcrp030000-asr_E00491-000_ShibataYutakaMember_label" xlink:arcrole="http://www.xbrl.org/2003/arcrole/concept-label" order="1" />
    <link:labelArc xlink:type="arc" xlink:from="jpcrp030000-asr_E00491-000_ShibataYutakaMember" xlink:to="jpcrp030000-asr_E00491-000_ShibataYutakaMember_label_1" xlink:arcrole="http://www.xbrl.org/2003/arcrole/concept-label" order="1" />
    <link:labelArc xlink:type="arc" xlink:from="jpcrp030000-asr_E00491-000_ShimizuNobuyukiMember" xlink:to="jpcrp030000-asr_E00491-000_ShimizuNobuyukiMember_label" xlink:arcrole="http://www.xbrl.org/2003/arcrole/concept-label" order="1" />
    <link:labelArc xlink:type="arc" xlink:from="jpcrp030000-asr_E00491-000_ShimizuNobuyukiMember" xlink:to="jpcrp030000-asr_E00491-000_ShimizuNobuyukiMember_label_1" xlink:arcrole="http://www.xbrl.org/2003/arcrole/concept-label" order="1" />
    <link:labelArc xlink:type="arc" xlink:from="jpcrp030000-asr_E00491-000_StorageExpensesSGA" xlink:to="jpcrp030000-asr_E00491-000_StorageExpensesSGA_label" xlink:arcrole="http://www.xbrl.org/2003/arcrole/concept-label" order="1" />
    <link:labelArc xlink:type="arc" xlink:from="jpcrp030000-asr_E00491-000_StorageExpensesSGA" xlink:to="jpcrp030000-asr_E00491-000_StorageExpensesSGA_label_1" xlink:arcrole="http://www.xbrl.org/2003/arcrole/concept-label" order="1" />
  </link:labelLink>
</link:linkbase>