﻿<?xml version="1.0" encoding="utf-8"?>
<!-- XBRL Document Created with WizLabo Platform -->
<link:linkbase xmlns:xlink="http://www.w3.org/1999/xlink" xmlns:xsi="http://www.w3.org/2001/XMLSchema-instance" xmlns:link="http://www.xbrl.org/2003/linkbase">
  <link:labelLink xlink:type="extended" xlink:role="http://www.xbrl.org/2003/role/link">
    <link:label xml:lang="ja" xlink:type="resource" xlink:label="jpcrp030000-asr_E00491-000_AdvertisingAndSampleExpenseSGA_label_1" xlink:role="http://www.xbrl.org/2003/role/label">広告宣伝費及び見本費</link:label>
    <link:label xml:lang="ja" xlink:type="resource" xlink:label="jpcrp030000-asr_E00491-000_AdvertisingAndSampleExpenseSGA_label_2" xlink:role="http://www.xbrl.org/2003/role/verboseLabel">広告宣伝費及び見本費、販売費及び一般管理費</link:label>
    <link:label xml:lang="ja" xlink:type="resource" xlink:label="jpcrp030000-asr_E00491-000_AdvertisingAndSampleExpenseSGA_label" xlink:role="http://www.xbrl.org/2003/role/documentation">広告宣伝費及び見本費、販売費及び一般管理費</link:label>
    <link:label xml:lang="ja" xlink:type="resource" xlink:label="jpcrp030000-asr_E00491-000_AllowanceForDoubtfulAccountsOfSubsidiariesAndAssociatesIOAByGroup_label" xlink:role="http://www.xbrl.org/2003/role/label">関係会社貸倒引当金</link:label>
    <link:label xml:lang="ja" xlink:type="resource" xlink:label="jpcrp030000-asr_E00491-000_AllowanceForDoubtfulAccountsOfSubsidiariesAndAssociatesIOAByGroup_label_1" xlink:role="http://www.xbrl.org/2003/role/verboseLabel">関係会社貸倒引当金、投資その他の資産、一括控除</link:label>
    <link:label xml:lang="ja" xlink:type="resource" xlink:label="jpcrp030000-asr_E00491-000_AmortizationOfGoodwillAmortizationAndUnamortizedBalanceOfGoodwillForEachReportableSegment_label" xlink:role="http://www.xbrl.org/2003/role/label">のれん償却額</link:label>
    <link:label xml:lang="ja" xlink:type="resource" xlink:label="jpcrp030000-asr_E00491-000_AmortizationOfGoodwillAmortizationAndUnamortizedBalanceOfGoodwillForEachReportableSegment_label_1" xlink:role="http://www.xbrl.org/2003/role/verboseLabel">のれん償却額、報告セグメントごとののれんの償却額及び未償却残高に関する情報</link:label>
    <link:label xml:lang="ja" xlink:type="resource" xlink:label="jpcrp030000-asr_E00491-000_AndoMasayaMember_label" xlink:role="http://www.xbrl.org/2003/role/label">安藤　昌也</link:label>
    <link:label xml:lang="ja" xlink:type="resource" xlink:label="jpcrp030000-asr_E00491-000_AndoMasayaMember_label_1" xlink:role="http://www.xbrl.org/2003/role/verboseLabel">安藤　昌也 [メンバー]</link:label>
    <link:label xml:lang="ja" xlink:type="resource" xlink:label="jpcrp030000-asr_E00491-000_ApplianceEquipment_label_1" xlink:role="http://www.xbrl.org/2003/role/label">器具備品</link:label>
    <link:label xml:lang="ja" xlink:type="resource" xlink:label="jpcrp030000-asr_E00491-000_ApplianceEquipment_label_2" xlink:role="http://www.xbrl.org/2003/role/verboseLabel">器具備品</link:label>
    <link:label xml:lang="ja" xlink:type="resource" xlink:label="jpcrp030000-asr_E00491-000_ApplianceEquipment_label" xlink:role="http://www.xbrl.org/2003/role/documentation">器具備品</link:label>
    <link:label xml:lang="ja" xlink:type="resource" xlink:label="jpcrp030000-asr_E00491-000_AzumaShihoMember_label" xlink:role="http://www.xbrl.org/2003/role/label">東　志穂</link:label>
    <link:label xml:lang="ja" xlink:type="resource" xlink:label="jpcrp030000-asr_E00491-000_AzumaShihoMember_label_1" xlink:role="http://www.xbrl.org/2003/role/verboseLabel">東　志穂 [メンバー]</link:label>
    <link:label xml:lang="ja" xlink:type="resource" xlink:label="jpcrp030000-asr_E00491-000_ClaimsProvablelnBankruptcyClaimsProvablelnRehbilit_label_1" xlink:role="http://www.xbrl.org/2003/role/label">更生債権等</link:label>
    <link:label xml:lang="ja" xlink:type="resource" xlink:label="jpcrp030000-asr_E00491-000_ClaimsProvablelnBankruptcyClaimsProvablelnRehbilit_label_2" xlink:role="http://www.xbrl.org/2003/role/verboseLabel">更生債権等</link:label>
    <link:label xml:lang="ja" xlink:type="resource" xlink:label="jpcrp030000-asr_E00491-000_ClaimsProvablelnBankruptcyClaimsProvablelnRehbilit_label" xlink:role="http://www.xbrl.org/2003/role/documentation">更生債権等</link:label>
    <link:label xml:lang="ja" xlink:type="resource" xlink:label="jpcrp030000-asr_E00491-000_CoffeeRelatedReportableSegmentsMember_label" xlink:role="http://www.xbrl.org/2003/role/label">コーヒー関連事業</link:label>
    <link:label xml:lang="ja" xlink:type="resource" xlink:label="jpcrp030000-asr_E00491-000_CoffeeRelatedReportableSegmentsMember_label_1" xlink:role="http://www.xbrl.org/2003/role/verboseLabel">コーヒー関連事業、報告セグメント[メンバー]</link:label>
    <link:label xml:lang="ja" xlink:type="resource" xlink:label="jpcrp030000-asr_E00491-000_FoodAndBeverageRelatedReportableSegmentsMember_label" xlink:role="http://www.xbrl.org/2003/role/label">飲食関連事業</link:label>
    <link:label xml:lang="ja" xlink:type="resource" xlink:label="jpcrp030000-asr_E00491-000_FoodAndBeverageRelatedReportableSegmentsMember_label_1" xlink:role="http://www.xbrl.org/2003/role/verboseLabel">飲食関連事業、報告セグメント[メンバー]</link:label>
    <link:label xml:lang="ja" xlink:type="resource" xlink:label="jpcrp030000-asr_E00491-000_KawamataKazuoMember_label" xlink:role="http://www.xbrl.org/2003/role/label">川股　一雄</link:label>
    <link:label xml:lang="ja" xlink:type="resource" xlink:label="jpcrp030000-asr_E00491-000_KawamataKazuoMember_label_1" xlink:role="http://www.xbrl.org/2003/role/verboseLabel">川股　一雄 [メンバー]</link:label>
    <link:label xml:lang="ja" xlink:type="resource" xlink:label="jpcrp030000-asr_E00491-000_NakagawaKouzouMember_label" xlink:role="http://www.xbrl.org/2003/role/label">中川　幸三</link:label>
    <link:label xml:lang="ja" xlink:type="resource" xlink:label="jpcrp030000-asr_E00491-000_NakagawaKouzouMember_label_1" xlink:role="http://www.xbrl.org/2003/role/verboseLabel">中川　幸三 [メンバー]</link:label>
    <link:label xml:lang="ja" xlink:type="resource" xlink:label="jpcrp030000-asr_E00491-000_NakanoMasatakaMember_label" xlink:role="http://www.xbrl.org/2003/role/label">中野　正崇</link:label>
    <link:label xml:lang="ja" xlink:type="resource" xlink:label="jpcrp030000-asr_E00491-000_NakanoMasatakaMember_label_1" xlink:role="http://www.xbrl.org/2003/role/verboseLabel">中野　正崇 [メンバー]</link:label>
    <link:label xml:lang="ja" xlink:type="resource" xlink:label="jpcrp030000-asr_E00491-000_OzawaNobuhiroMember_label" xlink:role="http://www.xbrl.org/2003/role/label">小澤　信宏</link:label>
    <link:label xml:lang="ja" xlink:type="resource" xlink:label="jpcrp030000-asr_E00491-000_OzawaNobuhiroMember_label_1" xlink:role="http://www.xbrl.org/2003/role/verboseLabel">小澤　信宏 [メンバー]</link:label>
    <link:label xml:lang="ja" xlink:type="resource" xlink:label="jpcrp030000-asr_E00491-000_ProvisionOfAllowanceForDoubtfulAccountsForSubsidiariesAndAffiliatesNOE_label" xlink:role="http://www.xbrl.org/2003/role/label">関係会社貸倒引当金繰入額</link:label>
    <link:label xml:lang="ja" xlink:type="resource" xlink:label="jpcrp030000-asr_E00491-000_ProvisionOfAllowanceForDoubtfulAccountsForSubsidiariesAndAffiliatesNOE_label_1" xlink:role="http://www.xbrl.org/2003/role/verboseLabel">関係会社貸倒引当金繰入額、営業外費用</link:label>
    <link:label xml:lang="ja" xlink:type="resource" xlink:label="jpcrp030000-asr_E00491-000_ShibamotoYoshikoMember_label" xlink:role="http://www.xbrl.org/2003/role/label">柴本　淑子</link:label>
    <link:label xml:lang="ja" xlink:type="resource" xlink:label="jpcrp030000-asr_E00491-000_ShibamotoYoshikoMember_label_1" xlink:role="http://www.xbrl.org/2003/role/verboseLabel">柴本　淑子 [メンバー]</link:label>
    <link:label xml:lang="ja" xlink:type="resource" xlink:label="jpcrp030000-asr_E00491-000_ShibataYutakaMember_label" xlink:role="http://www.xbrl.org/2003/role/label">柴田　裕</link:label>
    <link:label xml:lang="ja" xlink:type="resource" xlink:label="jpcrp030000-asr_E00491-000_ShibataYutakaMember_label_1" xlink:role="http://www.xbrl.org/2003/role/verboseLabel">柴田　裕 [メンバー]</link:label>
    <link:label xml:lang="ja" xlink:type="resource" xlink:label="jpcrp030000-asr_E00491-000_ShimizuNobuyukiMember_label" xlink:role="http://www.xbrl.org/2003/role/label">清水　信行</link:label>
    <link:label xml:lang="ja" xlink:type="resource" xlink:label="jpcrp030000-asr_E00491-000_ShimizuNobuyukiMember_label_1" xlink:role="http://www.xbrl.org/2003/role/verboseLabel">清水　信行 [メンバー]</link:label>
    <link:label xml:lang="ja" xlink:type="resource" xlink:label="jpcrp030000-asr_E00491-000_StorageExpensesSGA_label" xlink:role="http://www.xbrl.org/2003/role/label">保管料</link:label>
    <link:label xml:lang="ja" xlink:type="resource" xlink:label="jpcrp030000-asr_E00491-000_StorageExpensesSGA_label_1" xlink:role="http://www.xbrl.org/2003/role/verboseLabel">保管料、販売費及び一般管理費</link:label>
    <link:loc xlink:type="locator" xlink:href="jpcrp030000-asr-001_E00491-000_2024-03-31_01_2024-06-21.xsd#jpcrp030000-asr_E00491-000_AdvertisingAndSampleExpenseSGA" xlink:label="jpcrp030000-asr_E00491-000_AdvertisingAndSampleExpenseSGA" />
    <link:loc xlink:type="locator" xlink:href="jpcrp030000-asr-001_E00491-000_2024-03-31_01_2024-06-21.xsd#jpcrp030000-asr_E00491-000_AllowanceForDoubtfulAccountsOfSubsidiariesAndAssociatesIOAByGroup" xlink:label="jpcrp030000-asr_E00491-000_AllowanceForDoubtfulAccountsOfSubsidiariesAndAssociatesIOAByGroup" />
    <link:loc xlink:type="locator" xlink:href="jpcrp030000-asr-001_E00491-000_2024-03-31_01_2024-06-21.xsd#jpcrp030000-asr_E00491-000_AmortizationOfGoodwillAmortizationAndUnamortizedBalanceOfGoodwillForEachReportableSegment" xlink:label="jpcrp030000-asr_E00491-000_AmortizationOfGoodwillAmortizationAndUnamortizedBalanceOfGoodwillForEachReportableSegment" />
    <link:loc xlink:type="locator" xlink:href="jpcrp030000-asr-001_E00491-000_2024-03-31_01_2024-06-21.xsd#jpcrp030000-asr_E00491-000_AndoMasayaMember" xlink:label="jpcrp030000-asr_E00491-000_AndoMasayaMember" />
    <link:loc xlink:type="locator" xlink:href="jpcrp030000-asr-001_E00491-000_2024-03-31_01_2024-06-21.xsd#jpcrp030000-asr_E00491-000_ApplianceEquipment" xlink:label="jpcrp030000-asr_E00491-000_ApplianceEquipment" />
    <link:loc xlink:type="locator" xlink:href="jpcrp030000-asr-001_E00491-000_2024-03-31_01_2024-06-21.xsd#jpcrp030000-asr_E00491-000_AzumaShihoMember" xlink:label="jpcrp030000-asr_E00491-000_AzumaShihoMember" />
    <link:loc xlink:type="locator" xlink:href="jpcrp030000-asr-001_E00491-000_2024-03-31_01_2024-06-21.xsd#jpcrp030000-asr_E00491-000_ClaimsProvablelnBankruptcyClaimsProvablelnRehbilit" xlink:label="jpcrp030000-asr_E00491-000_ClaimsProvablelnBankruptcyClaimsProvablelnRehbilit" />
    <link:loc xlink:type="locator" xlink:href="jpcrp030000-asr-001_E00491-000_2024-03-31_01_2024-06-21.xsd#jpcrp030000-asr_E00491-000_CoffeeRelatedReportableSegmentsMember" xlink:label="jpcrp030000-asr_E00491-000_CoffeeRelatedReportableSegmentsMember" />
    <link:loc xlink:type="locator" xlink:href="jpcrp030000-asr-001_E00491-000_2024-03-31_01_2024-06-21.xsd#jpcrp030000-asr_E00491-000_FoodAndBeverageRelatedReportableSegmentsMember" xlink:label="jpcrp030000-asr_E00491-000_FoodAndBeverageRelatedReportableSegmentsMember" />
    <link:loc xlink:type="locator" xlink:href="jpcrp030000-asr-001_E00491-000_2024-03-31_01_2024-06-21.xsd#jpcrp030000-asr_E00491-000_KawamataKazuoMember" xlink:label="jpcrp030000-asr_E00491-000_KawamataKazuoMember" />
    <link:loc xlink:type="locator" xlink:href="jpcrp030000-asr-001_E00491-000_2024-03-31_01_2024-06-21.xsd#jpcrp030000-asr_E00491-000_NakagawaKouzouMember" xlink:label="jpcrp030000-asr_E00491-000_NakagawaKouzouMember" />
    <link:loc xlink:type="locator" xlink:href="jpcrp030000-asr-001_E00491-000_2024-03-31_01_2024-06-21.xsd#jpcrp030000-asr_E00491-000_NakanoMasatakaMember" xlink:label="jpcrp030000-asr_E00491-000_NakanoMasatakaMember" />
    <link:loc xlink:type="locator" xlink:href="jpcrp030000-asr-001_E00491-000_2024-03-31_01_2024-06-21.xsd#jpcrp030000-asr_E00491-000_OzawaNobuhiroMember" xlink:label="jpcrp030000-asr_E00491-000_OzawaNobuhiroMember" />
    <link:loc xlink:type="locator" xlink:href="jpcrp030000-asr-001_E00491-000_2024-03-31_01_2024-06-21.xsd#jpcrp030000-asr_E00491-000_ProvisionOfAllowanceForDoubtfulAccountsForSubsidiariesAndAffiliatesNOE" xlink:label="jpcrp030000-asr_E00491-000_ProvisionOfAllowanceForDoubtfulAccountsForSubsidiariesAndAffiliatesNOE" />
    <link:loc xlink:type="locator" xlink:href="jpcrp030000-asr-001_E00491-000_2024-03-31_01_2024-06-21.xsd#jpcrp030000-asr_E00491-000_ShibamotoYoshikoMember" xlink:label="jpcrp030000-asr_E00491-000_ShibamotoYoshikoMember" />
    <link:loc xlink:type="locator" xlink:href="jpcrp030000-asr-001_E00491-000_2024-03-31_01_2024-06-21.xsd#jpcrp030000-asr_E00491-000_ShibataYutakaMember" xlink:label="jpcrp030000-asr_E00491-000_ShibataYutakaMember" />
    <link:loc xlink:type="locator" xlink:href="jpcrp030000-asr-001_E00491-000_2024-03-31_01_2024-06-21.xsd#jpcrp030000-asr_E00491-000_ShimizuNobuyukiMember" xlink:label="jpcrp030000-asr_E00491-000_ShimizuNobuyukiMember" />
    <link:loc xlink:type="locator" xlink:href="jpcrp030000-asr-001_E00491-000_2024-03-31_01_2024-06-21.xsd#jpcrp030000-asr_E00491-000_StorageExpensesSGA" xlink:label="jpcrp030000-asr_E00491-000_StorageExpensesSGA" />
    <link:labelArc xlink:type="arc" xlink:from="jpcrp030000-asr_E00491-000_AdvertisingAndSampleExpenseSGA" xlink:to="jpcrp030000-asr_E00491-000_AdvertisingAndSampleExpenseSGA_label" xlink:arcrole="http://www.xbrl.org/2003/arcrole/concept-label" order="1" />
    <link:labelArc xlink:type="arc" xlink:from="jpcrp030000-asr_E00491-000_AdvertisingAndSampleExpenseSGA" xlink:to="jpcrp030000-asr_E00491-000_AdvertisingAndSampleExpenseSGA_label_1" xlink:arcrole="http://www.xbrl.org/2003/arcrole/concept-label" order="1" />
    <link:labelArc xlink:type="arc" xlink:from="jpcrp030000-asr_E00491-000_AdvertisingAndSampleExpenseSGA" xlink:to="jpcrp030000-asr_E00491-000_AdvertisingAndSampleExpenseSGA_label_2" xlink:arcrole="http://www.xbrl.org/2003/arcrole/concept-label" order="1" />
    <link:labelArc xlink:type="arc" xlink:from="jpcrp030000-asr_E00491-000_AllowanceForDoubtfulAccountsOfSubsidiariesAndAssociatesIOAByGroup" xlink:to="jpcrp030000-asr_E00491-000_AllowanceForDoubtfulAccountsOfSubsidiariesAndAssociatesIOAByGroup_label" xlink:arcrole="http://www.xbrl.org/2003/arcrole/concept-label" order="1" />
    <link:labelArc xlink:type="arc" xlink:from="jpcrp030000-asr_E00491-000_AllowanceForDoubtfulAccountsOfSubsidiariesAndAssociatesIOAByGroup" xlink:to="jpcrp030000-asr_E00491-000_AllowanceForDoubtfulAccountsOfSubsidiariesAndAssociatesIOAByGroup_label_1" xlink:arcrole="http://www.xbrl.org/2003/arcrole/concept-label" order="1" />
    <link:labelArc xlink:type="arc" xlink:from="jpcrp030000-asr_E00491-000_AmortizationOfGoodwillAmortizationAndUnamortizedBalanceOfGoodwillForEachReportableSegment" xlink:to="jpcrp030000-asr_E00491-000_AmortizationOfGoodwillAmortizationAndUnamortizedBalanceOfGoodwillForEachReportableSegment_label" xlink:arcrole="http://www.xbrl.org/2003/arcrole/concept-label" order="1" />
    <link:labelArc xlink:type="arc" xlink:from="jpcrp030000-asr_E00491-000_AmortizationOfGoodwillAmortizationAndUnamortizedBalanceOfGoodwillForEachReportableSegment" xlink:to="jpcrp030000-asr_E00491-000_AmortizationOfGoodwillAmortizationAndUnamortizedBalanceOfGoodwillForEachReportableSegment_label_1" xlink:arcrole="http://www.xbrl.org/2003/arcrole/concept-label" order="1" />
    <link:labelArc xlink:type="arc" xlink:from="jpcrp030000-asr_E00491-000_AndoMasayaMember" xlink:to="jpcrp030000-asr_E00491-000_AndoMasayaMember_label" xlink:arcrole="http://www.xbrl.org/2003/arcrole/concept-label" order="1" />
    <link:labelArc xlink:type="arc" xlink:from="jpcrp030000-asr_E00491-000_AndoMasayaMember" xlink:to="jpcrp030000-asr_E00491-000_AndoMasayaMember_label_1" xlink:arcrole="http://www.xbrl.org/2003/arcrole/concept-label" order="1" />
    <link:labelArc xlink:type="arc" xlink:from="jpcrp030000-asr_E00491-000_ApplianceEquipment" xlink:to="jpcrp030000-asr_E00491-000_ApplianceEquipment_label_2" xlink:arcrole="http://www.xbrl.org/2003/arcrole/concept-label" order="1" />
    <link:labelArc xlink:type="arc" xlink:from="jpcrp030000-asr_E00491-000_ApplianceEquipment" xlink:to="jpcrp030000-asr_E00491-000_ApplianceEquipment_label" xlink:arcrole="http://www.xbrl.org/2003/arcrole/concept-label" order="1" />
    <link:labelArc xlink:type="arc" xlink:from="jpcrp030000-asr_E00491-000_ApplianceEquipment" xlink:to="jpcrp030000-asr_E00491-000_ApplianceEquipment_label_1" xlink:arcrole="http://www.xbrl.org/2003/arcrole/concept-label" order="1" />
    <link:labelArc xlink:type="arc" xlink:from="jpcrp030000-asr_E00491-000_AzumaShihoMember" xlink:to="jpcrp030000-asr_E00491-000_AzumaShihoMember_label" xlink:arcrole="http://www.xbrl.org/2003/arcrole/concept-label" order="1" />
    <link:labelArc xlink:type="arc" xlink:from="jpcrp030000-asr_E00491-000_AzumaShihoMember" xlink:to="jpcrp030000-asr_E00491-000_AzumaShihoMember_label_1" xlink:arcrole="http://www.xbrl.org/2003/arcrole/concept-label" order="1" />
    <link:labelArc xlink:type="arc" xlink:from="jpcrp030000-asr_E00491-000_ClaimsProvablelnBankruptcyClaimsProvablelnRehbilit" xlink:to="jpcrp030000-asr_E00491-000_ClaimsProvablelnBankruptcyClaimsProvablelnRehbilit_label" xlink:arcrole="http://www.xbrl.org/2003/arcrole/concept-label" order="1" />
    <link:labelArc xlink:type="arc" xlink:from="jpcrp030000-asr_E00491-000_ClaimsProvablelnBankruptcyClaimsProvablelnRehbilit" xlink:to="jpcrp030000-asr_E00491-000_ClaimsProvablelnBankruptcyClaimsProvablelnRehbilit_label_1" xlink:arcrole="http://www.xbrl.org/2003/arcrole/concept-label" order="1" />
    <link:labelArc xlink:type="arc" xlink:from="jpcrp030000-asr_E00491-000_ClaimsProvablelnBankruptcyClaimsProvablelnRehbilit" xlink:to="jpcrp030000-asr_E00491-000_ClaimsProvablelnBankruptcyClaimsProvablelnRehbilit_label_2" xlink:arcrole="http://www.xbrl.org/2003/arcrole/concept-label" order="1" />
    <link:labelArc xlink:type="arc" xlink:from="jpcrp030000-asr_E00491-000_CoffeeRelatedReportableSegmentsMember" xlink:to="jpcrp030000-asr_E00491-000_CoffeeRelatedReportableSegmentsMember_label_1" xlink:arcrole="http://www.xbrl.org/2003/arcrole/concept-label" order="1" />
    <link:labelArc xlink:type="arc" xlink:from="jpcrp030000-asr_E00491-000_CoffeeRelatedReportableSegmentsMember" xlink:to="jpcrp030000-asr_E00491-000_CoffeeRelatedReportableSegmentsMember_label" xlink:arcrole="http://www.xbrl.org/2003/arcrole/concept-label" order="1" />
    <link:labelArc xlink:type="arc" xlink:from="jpcrp030000-asr_E00491-000_FoodAndBeverageRelatedReportableSegmentsMember" xlink:to="jpcrp030000-asr_E00491-000_FoodAndBeverageRelatedReportableSegmentsMember_label_1" xlink:arcrole="http://www.xbrl.org/2003/arcrole/concept-label" order="1" />
    <link:labelArc xlink:type="arc" xlink:from="jpcrp030000-asr_E00491-000_FoodAndBeverageRelatedReportableSegmentsMember" xlink:to="jpcrp030000-asr_E00491-000_FoodAndBeverageRelatedReportableSegmentsMember_label" xlink:arcrole="http://www.xbrl.org/2003/arcrole/concept-label" order="1" />
    <link:labelArc xlink:type="arc" xlink:from="jpcrp030000-asr_E00491-000_KawamataKazuoMember" xlink:to="jpcrp030000-asr_E00491-000_KawamataKazuoMember_label" xlink:arcrole="http://www.xbrl.org/2003/arcrole/concept-label" order="1" />
    <link:labelArc xlink:type="arc" xlink:from="jpcrp030000-asr_E00491-000_KawamataKazuoMember" xlink:to="jpcrp030000-asr_E00491-000_KawamataKazuoMember_label_1" xlink:arcrole="http://www.xbrl.org/2003/arcrole/concept-label" order="1" />
    <link:labelArc xlink:type="arc" xlink:from="jpcrp030000-asr_E00491-000_NakagawaKouzouMember" xlink:to="jpcrp030000-asr_E00491-000_NakagawaKouzouMember_label" xlink:arcrole="http://www.xbrl.org/2003/arcrole/concept-label" order="1" />
    <link:labelArc xlink:type="arc" xlink:from="jpcrp030000-asr_E00491-000_NakagawaKouzouMember" xlink:to="jpcrp030000-asr_E00491-000_NakagawaKouzouMember_label_1" xlink:arcrole="http://www.xbrl.org/2003/arcrole/concept-label" order="1" />
    <link:labelArc xlink:type="arc" xlink:from="jpcrp030000-asr_E00491-000_NakanoMasatakaMember" xlink:to="jpcrp030000-asr_E00491-000_NakanoMasatakaMember_label" xlink:arcrole="http://www.xbrl.org/2003/arcrole/concept-label" order="1" />
    <link:labelArc xlink:type="arc" xlink:from="jpcrp030000-asr_E00491-000_NakanoMasatakaMember" xlink:to="jpcrp030000-asr_E00491-000_NakanoMasatakaMember_label_1" xlink:arcrole="http://www.xbrl.org/2003/arcrole/concept-label" order="1" />
    <link:labelArc xlink:type="arc" xlink:from="jpcrp030000-asr_E00491-000_OzawaNobuhiroMember" xlink:to="jpcrp030000-asr_E00491-000_OzawaNobuhiroMember_label" xlink:arcrole="http://www.xbrl.org/2003/arcrole/concept-label" order="1" />
    <link:labelArc xlink:type="arc" xlink:from="jpcrp030000-asr_E00491-000_OzawaNobuhiroMember" xlink:to="jpcrp030000-asr_E00491-000_OzawaNobuhiroMember_label_1" xlink:arcrole="http://www.xbrl.org/2003/arcrole/concept-label" order="1" />
    <link:labelArc xlink:type="arc" xlink:from="jpcrp030000-asr_E00491-000_ProvisionOfAllowanceForDoubtfulAccountsForSubsidiariesAndAffiliatesNOE" xlink:to="jpcrp030000-asr_E00491-000_ProvisionOfAllowanceForDoubtfulAccountsForSubsidiariesAndAffiliatesNOE_label_1" xlink:arcrole="http://www.xbrl.org/2003/arcrole/concept-label" order="1" />
    <link:labelArc xlink:type="arc" xlink:from="jpcrp030000-asr_E00491-000_ProvisionOfAllowanceForDoubtfulAccountsForSubsidiariesAndAffiliatesNOE" xlink:to="jpcrp030000-asr_E00491-000_ProvisionOfAllowanceForDoubtfulAccountsForSubsidiariesAndAffiliatesNOE_label" xlink:arcrole="http://www.xbrl.org/2003/arcrole/concept-label" order="1" />
    <link:labelArc xlink:type="arc" xlink:from="jpcrp030000-asr_E00491-000_ShibamotoYoshikoMember" xlink:to="jpcrp030000-asr_E00491-000_ShibamotoYoshikoMember_label" xlink:arcrole="http://www.xbrl.org/2003/arcrole/concept-label" order="1" />
    <link:labelArc xlink:type="arc" xlink:from="jpcrp030000-asr_E00491-000_ShibamotoYoshikoMember" xlink:to="jpcrp030000-asr_E00491-000_ShibamotoYoshikoMember_label_1" xlink:arcrole="http://www.xbrl.org/2003/arcrole/concept-label" order="1" />
    <link:labelArc xlink:type="arc" xlink:from="jpcrp030000-asr_E00491-000_ShibataYutakaMember" xlink:to="jpcrp030000-asr_E00491-000_ShibataYutakaMember_label" xlink:arcrole="http://www.xbrl.org/2003/arcrole/concept-label" order="1" />
    <link:labelArc xlink:type="arc" xlink:from="jpcrp030000-asr_E00491-000_ShibataYutakaMember" xlink:to="jpcrp030000-asr_E00491-000_ShibataYutakaMember_label_1" xlink:arcrole="http://www.xbrl.org/2003/arcrole/concept-label" order="1" />
    <link:labelArc xlink:type="arc" xlink:from="jpcrp030000-asr_E00491-000_ShimizuNobuyukiMember" xlink:to="jpcrp030000-asr_E00491-000_ShimizuNobuyukiMember_label" xlink:arcrole="http://www.xbrl.org/2003/arcrole/concept-label" order="1" />
    <link:labelArc xlink:type="arc" xlink:from="jpcrp030000-asr_E00491-000_ShimizuNobuyukiMember" xlink:to="jpcrp030000-asr_E00491-000_ShimizuNobuyukiMember_label_1" xlink:arcrole="http://www.xbrl.org/2003/arcrole/concept-label" order="1" />
    <link:labelArc xlink:type="arc" xlink:from="jpcrp030000-asr_E00491-000_StorageExpensesSGA" xlink:to="jpcrp030000-asr_E00491-000_StorageExpensesSGA_label" xlink:arcrole="http://www.xbrl.org/2003/arcrole/concept-label" order="1" />
    <link:labelArc xlink:type="arc" xlink:from="jpcrp030000-asr_E00491-000_StorageExpensesSGA" xlink:to="jpcrp030000-asr_E00491-000_StorageExpensesSGA_label_1" xlink:arcrole="http://www.xbrl.org/2003/arcrole/concept-label" order="1" />
  </link:labelLink>
</link:linkbase>