<?xml version="1.0" encoding="UTF-8"?>
<!--  (c) Financial Services Agency, The Japanese Government.
      All Rights Reserved.
      For intellectual property policy and authorized uses of EDINET Taxonomy,
      refer to “EDINET Taxonomy Legal Statement” at http://www.fsa.go.jp/search/EDINET_Taxonomy_Legal_Statement.html
-->
<link:linkbase xmlns:link="http://www.xbrl.org/2003/linkbase" xmlns:xsi="http://www.w3.org/2001/XMLSchema-instance" xmlns:xlink="http://www.w3.org/1999/xlink" xmlns:xbrli="http://www.xbrl.org/2003/instance">
  <link:roleRef roleURI="http://www.xbrl.org/2009/role/deprecatedDateLabel" xlink:type="simple" xlink:href="http://www.xbrl.org/lrr/role/deprecated-2009-12-16.xsd#deprecatedDateLabel"/>
  <link:roleRef roleURI="http://www.xbrl.org/2009/role/deprecatedLabel" xlink:type="simple" xlink:href="http://www.xbrl.org/lrr/role/deprecated-2009-12-16.xsd#deprecatedLabel"/>
  <link:labelLink xlink:type="extended" xlink:role="http://www.xbrl.org/2003/role/link">
    <link:loc xlink:type="locator" xlink:href="jpctl_dep_2021-11-01.xsd#jpctl_cor_TitleAndNameOfChiefFinancialOfficerCoverPageNA" xlink:label="TitleAndNameOfChiefFinancialOfficerCoverPageNA"/>
    <link:label xlink:type="resource" xlink:label="label_TitleAndNameOfChiefFinancialOfficerCoverPageNA" xlink:role="http://www.xbrl.org/2009/role/deprecatedLabel" xml:lang="ja" id="label_TitleAndNameOfChiefFinancialOfficerCoverPageNA">2021年版更新</link:label>
    <link:labelArc xlink:type="arc" xlink:arcrole="http://www.xbrl.org/2003/arcrole/concept-label" xlink:from="TitleAndNameOfChiefFinancialOfficerCoverPageNA" xlink:to="label_TitleAndNameOfChiefFinancialOfficerCoverPageNA"/>
    <link:label xlink:type="resource" xlink:label="label_TitleAndNameOfChiefFinancialOfficerCoverPageNA_2" xlink:role="http://www.xbrl.org/2009/role/deprecatedDateLabel" xml:lang="ja" id="label_TitleAndNameOfChiefFinancialOfficerCoverPageNA_2">2021-11-09</link:label>
    <link:labelArc xlink:type="arc" xlink:arcrole="http://www.xbrl.org/2003/arcrole/concept-label" xlink:from="TitleAndNameOfChiefFinancialOfficerCoverPageNA" xlink:to="label_TitleAndNameOfChiefFinancialOfficerCoverPageNA_2"/>
    <link:loc xlink:type="locator" xlink:href="jpctl_dep_2021-11-01.xsd#jpctl_cor_PlaceForPublicInspectionCoverPageNA" xlink:label="PlaceForPublicInspectionCoverPageNA"/>
    <link:label xlink:type="resource" xlink:label="label_PlaceForPublicInspectionCoverPageNA" xlink:role="http://www.xbrl.org/2009/role/deprecatedLabel" xml:lang="ja" id="label_PlaceForPublicInspectionCoverPageNA">2021年版更新</link:label>
    <link:labelArc xlink:type="arc" xlink:arcrole="http://www.xbrl.org/2003/arcrole/concept-label" xlink:from="PlaceForPublicInspectionCoverPageNA" xlink:to="label_PlaceForPublicInspectionCoverPageNA"/>
    <link:label xlink:type="resource" xlink:label="label_PlaceForPublicInspectionCoverPageNA_2" xlink:role="http://www.xbrl.org/2009/role/deprecatedDateLabel" xml:lang="ja" id="label_PlaceForPublicInspectionCoverPageNA_2">2021-11-09</link:label>
    <link:labelArc xlink:type="arc" xlink:arcrole="http://www.xbrl.org/2003/arcrole/concept-label" xlink:from="PlaceForPublicInspectionCoverPageNA" xlink:to="label_PlaceForPublicInspectionCoverPageNA_2"/>
    <link:loc xlink:type="locator" xlink:href="jpctl_dep_2021-11-01.xsd#jpctl_cor_SupplementaryInformationNA" xlink:label="SupplementaryInformationNA"/>
    <link:label xlink:type="resource" xlink:label="label_SupplementaryInformationNA" xlink:role="http://www.xbrl.org/2009/role/deprecatedLabel" xml:lang="ja" id="label_SupplementaryInformationNA">2021年版更新</link:label>
    <link:labelArc xlink:type="arc" xlink:arcrole="http://www.xbrl.org/2003/arcrole/concept-label" xlink:from="SupplementaryInformationNA" xlink:to="label_SupplementaryInformationNA"/>
    <link:label xlink:type="resource" xlink:label="label_SupplementaryInformationNA_2" xlink:role="http://www.xbrl.org/2009/role/deprecatedDateLabel" xml:lang="ja" id="label_SupplementaryInformationNA_2">2021-11-09</link:label>
    <link:labelArc xlink:type="arc" xlink:arcrole="http://www.xbrl.org/2003/arcrole/concept-label" xlink:from="SupplementaryInformationNA" xlink:to="label_SupplementaryInformationNA_2"/>
    <link:loc xlink:type="locator" xlink:href="jpctl_dep_2021-11-01.xsd#jpctl_cor_OtherInformationForSpecialAttentionNA" xlink:label="OtherInformationForSpecialAttentionNA"/>
    <link:label xlink:type="resource" xlink:label="label_OtherInformationForSpecialAttentionNA" xlink:role="http://www.xbrl.org/2009/role/deprecatedLabel" xml:lang="ja" id="label_OtherInformationForSpecialAttentionNA">2021年版更新</link:label>
    <link:labelArc xlink:type="arc" xlink:arcrole="http://www.xbrl.org/2003/arcrole/concept-label" xlink:from="OtherInformationForSpecialAttentionNA" xlink:to="label_OtherInformationForSpecialAttentionNA"/>
    <link:label xlink:type="resource" xlink:label="label_OtherInformationForSpecialAttentionNA_2" xlink:role="http://www.xbrl.org/2009/role/deprecatedDateLabel" xml:lang="ja" id="label_OtherInformationForSpecialAttentionNA_2">2021-11-09</link:label>
    <link:labelArc xlink:type="arc" xlink:arcrole="http://www.xbrl.org/2003/arcrole/concept-label" xlink:from="OtherInformationForSpecialAttentionNA" xlink:to="label_OtherInformationForSpecialAttentionNA_2"/>
  </link:labelLink>
</link:linkbase>
