﻿<?xml version="1.0" encoding="utf-8"?>
<!-- XBRL Document Created with WizLabo Platform -->
<link:linkbase xmlns:xlink="http://www.w3.org/1999/xlink" xmlns:xsi="http://www.w3.org/2001/XMLSchema-instance" xmlns:link="http://www.xbrl.org/2003/linkbase">
  <link:labelLink xlink:type="extended" xlink:role="http://www.xbrl.org/2003/role/link">
    <link:label xml:lang="ja" xlink:type="resource" xlink:label="jpcrp030000-asr_E00406-000_AkutsuSatoshiMember_label" xlink:role="http://www.xbrl.org/2003/role/label">阿久津　聡</link:label>
    <link:label xml:lang="ja" xlink:type="resource" xlink:label="jpcrp030000-asr_E00406-000_AkutsuSatoshiMember_label_1" xlink:role="http://www.xbrl.org/2003/role/verboseLabel">阿久津　聡 [メンバー]</link:label>
    <link:label xml:lang="ja" xlink:type="resource" xlink:label="jpcrp030000-asr_E00406-000_AsiaAndOceaniaFoodAndBeveragesReportableSegmentsMember_label" xlink:role="http://www.xbrl.org/2003/role/label">アジア・オセアニア</link:label>
    <link:label xml:lang="ja" xlink:type="resource" xlink:label="jpcrp030000-asr_E00406-000_AsiaAndOceaniaFoodAndBeveragesReportableSegmentsMember_label_1" xlink:role="http://www.xbrl.org/2003/role/verboseLabel">アジア・オセアニア、飲料及び食品製造販売事業、報告セグメント [メンバー]</link:label>
    <link:label xml:lang="ja" xlink:type="resource" xlink:label="jpcrp030000-asr_E00406-000_ChangeInOwnershipOfTheSubsidiaryOwnedByForeignAffiliatedCompany_label" xlink:role="http://www.xbrl.org/2003/role/label">在外関連会社の子会社に対する持分変動</link:label>
    <link:label xml:lang="ja" xlink:type="resource" xlink:label="jpcrp030000-asr_E00406-000_ChangeInOwnershipOfTheSubsidiaryOwnedByForeignAffiliatedCompany_label_1" xlink:role="http://www.xbrl.org/2003/role/verboseLabel">在外関連会社の子会社に対する持分変動</link:label>
    <link:label xml:lang="ja" xlink:type="resource" xlink:label="jpcrp030000-asr_E00406-000_EuropeFoodAndBeveragesReportableSegmentsMember_label" xlink:role="http://www.xbrl.org/2003/role/label">ヨーロッパ</link:label>
    <link:label xml:lang="ja" xlink:type="resource" xlink:label="jpcrp030000-asr_E00406-000_EuropeFoodAndBeveragesReportableSegmentsMember_label_1" xlink:role="http://www.xbrl.org/2003/role/verboseLabel">ヨーロッパ、飲料及び食品製造販売事業、報告セグメント [メンバー]</link:label>
    <link:label xml:lang="ja" xlink:type="resource" xlink:label="jpcrp030000-asr_E00406-000_FukuzawaToshihikoMember_label" xlink:role="http://www.xbrl.org/2003/role/label">福澤　俊彦</link:label>
    <link:label xml:lang="ja" xlink:type="resource" xlink:label="jpcrp030000-asr_E00406-000_FukuzawaToshihikoMember_label_1" xlink:role="http://www.xbrl.org/2003/role/verboseLabel">福澤　俊彦 [メンバー]</link:label>
    <link:label xml:lang="ja" xlink:type="resource" xlink:label="jpcrp030000-asr_E00406-000_HiranoKoichiMember_label" xlink:role="http://www.xbrl.org/2003/role/label">平野　宏一</link:label>
    <link:label xml:lang="ja" xlink:type="resource" xlink:label="jpcrp030000-asr_E00406-000_HiranoKoichiMember_label_1" xlink:role="http://www.xbrl.org/2003/role/verboseLabel">平野　宏一 [メンバー]</link:label>
    <link:label xml:lang="ja" xlink:type="resource" xlink:label="jpcrp030000-asr_E00406-000_HoshikoHideakiMember_label" xlink:role="http://www.xbrl.org/2003/role/label">星子　秀章</link:label>
    <link:label xml:lang="ja" xlink:type="resource" xlink:label="jpcrp030000-asr_E00406-000_HoshikoHideakiMember_label_1" xlink:role="http://www.xbrl.org/2003/role/verboseLabel">星子　秀章 [メンバー]</link:label>
    <link:label xml:lang="ja" xlink:type="resource" xlink:label="jpcrp030000-asr_E00406-000_JapanFoodAndBeveragesReportableSegmentsMember_label" xlink:role="http://www.xbrl.org/2003/role/label">日本</link:label>
    <link:label xml:lang="ja" xlink:type="resource" xlink:label="jpcrp030000-asr_E00406-000_JapanFoodAndBeveragesReportableSegmentsMember_label_1" xlink:role="http://www.xbrl.org/2003/role/verboseLabel">日本、飲料及び食品製造販売事業、報告セグメント [メンバー]</link:label>
    <link:label xml:lang="ja" xlink:type="resource" xlink:label="jpcrp030000-asr_E00406-000_KawabataHiroyukiMember_label" xlink:role="http://www.xbrl.org/2003/role/label">川畑　裕之</link:label>
    <link:label xml:lang="ja" xlink:type="resource" xlink:label="jpcrp030000-asr_E00406-000_KawabataHiroyukiMember_label_1" xlink:role="http://www.xbrl.org/2003/role/verboseLabel">川畑　裕之 [メンバー]</link:label>
    <link:label xml:lang="ja" xlink:type="resource" xlink:label="jpcrp030000-asr_E00406-000_KawanaHideyukiMember_label" xlink:role="http://www.xbrl.org/2003/role/label">川名　秀幸</link:label>
    <link:label xml:lang="ja" xlink:type="resource" xlink:label="jpcrp030000-asr_E00406-000_KawanaHideyukiMember_label_1" xlink:role="http://www.xbrl.org/2003/role/verboseLabel">川名　秀幸 [メンバー]</link:label>
    <link:label xml:lang="ja" xlink:type="resource" xlink:label="jpcrp030000-asr_E00406-000_KitamuraSatokoMember_label" xlink:role="http://www.xbrl.org/2003/role/label">北村　聡子</link:label>
    <link:label xml:lang="ja" xlink:type="resource" xlink:label="jpcrp030000-asr_E00406-000_KitamuraSatokoMember_label_1" xlink:role="http://www.xbrl.org/2003/role/verboseLabel">北村　聡子 [メンバー]</link:label>
    <link:label xml:lang="ja" xlink:type="resource" xlink:label="jpcrp030000-asr_E00406-000_MachidaEmiMember_label" xlink:role="http://www.xbrl.org/2003/role/label">町田　恵美</link:label>
    <link:label xml:lang="ja" xlink:type="resource" xlink:label="jpcrp030000-asr_E00406-000_MachidaEmiMember_label_1" xlink:role="http://www.xbrl.org/2003/role/verboseLabel">町田　恵美 [メンバー]</link:label>
    <link:label xml:lang="ja" xlink:type="resource" xlink:label="jpcrp030000-asr_E00406-000_MatthewDigbyMember_label" xlink:role="http://www.xbrl.org/2003/role/label">マシュー・ディグビー</link:label>
    <link:label xml:lang="ja" xlink:type="resource" xlink:label="jpcrp030000-asr_E00406-000_MatthewDigbyMember_label_1" xlink:role="http://www.xbrl.org/2003/role/verboseLabel">マシュー・ディグビー [メンバー]</link:label>
    <link:label xml:lang="ja" xlink:type="resource" xlink:label="jpcrp030000-asr_E00406-000_NagasawaYumikoMember_label" xlink:role="http://www.xbrl.org/2003/role/label">永沢　裕美子</link:label>
    <link:label xml:lang="ja" xlink:type="resource" xlink:label="jpcrp030000-asr_E00406-000_NagasawaYumikoMember_label_1" xlink:role="http://www.xbrl.org/2003/role/verboseLabel">永沢　裕美子 [メンバー]</link:label>
    <link:label xml:lang="ja" xlink:type="resource" xlink:label="jpcrp030000-asr_E00406-000_NagiraMasatoshiMember_label" xlink:role="http://www.xbrl.org/2003/role/label">梛良　昌利</link:label>
    <link:label xml:lang="ja" xlink:type="resource" xlink:label="jpcrp030000-asr_E00406-000_NagiraMasatoshiMember_label_1" xlink:role="http://www.xbrl.org/2003/role/verboseLabel">梛良　昌利 [メンバー]</link:label>
    <link:label xml:lang="ja" xlink:type="resource" xlink:label="jpcrp030000-asr_E00406-000_NaitoManabuMember_label" xlink:role="http://www.xbrl.org/2003/role/label">内藤　学</link:label>
    <link:label xml:lang="ja" xlink:type="resource" xlink:label="jpcrp030000-asr_E00406-000_NaitoManabuMember_label_1" xlink:role="http://www.xbrl.org/2003/role/verboseLabel">内藤　学 [メンバー]</link:label>
    <link:label xml:lang="ja" xlink:type="resource" xlink:label="jpcrp030000-asr_E00406-000_NaritaHiroshiMember_label" xlink:role="http://www.xbrl.org/2003/role/label">成田　裕</link:label>
    <link:label xml:lang="ja" xlink:type="resource" xlink:label="jpcrp030000-asr_E00406-000_NaritaHiroshiMember_label_1" xlink:role="http://www.xbrl.org/2003/role/verboseLabel">成田　裕 [メンバー]</link:label>
    <link:label xml:lang="ja" xlink:type="resource" xlink:label="jpcrp030000-asr_E00406-000_NotesRegardingOtherExtraordinaryIncomesTextBlock_label" xlink:role="http://www.xbrl.org/2003/role/label">その他特別利益に関する注記</link:label>
    <link:label xml:lang="ja" xlink:type="resource" xlink:label="jpcrp030000-asr_E00406-000_NotesRegardingOtherExtraordinaryIncomesTextBlock_label_1" xlink:role="http://www.xbrl.org/2003/role/verboseLabel">その他特別利益に関する注記 [テキストブロック]</link:label>
    <link:label xml:lang="ja" xlink:type="resource" xlink:label="jpcrp030000-asr_E00406-000_NotesRegardingOtherExtraordinaryLossesTextBlock_label" xlink:role="http://www.xbrl.org/2003/role/label">その他特別損失に関する注記</link:label>
    <link:label xml:lang="ja" xlink:type="resource" xlink:label="jpcrp030000-asr_E00406-000_NotesRegardingOtherExtraordinaryLossesTextBlock_label_1" xlink:role="http://www.xbrl.org/2003/role/verboseLabel">その他特別損失に関する注記 [テキストブロック]</link:label>
    <link:label xml:lang="ja" xlink:type="resource" xlink:label="jpcrp030000-asr_E00406-000_NotesRegardingReversalOfAllowanceForInvestmentLossTextBlock_label" xlink:role="http://www.xbrl.org/2003/role/label">投資損失引当金戻入額に関する注記</link:label>
    <link:label xml:lang="ja" xlink:type="resource" xlink:label="jpcrp030000-asr_E00406-000_NotesRegardingReversalOfAllowanceForInvestmentLossTextBlock_label_1" xlink:role="http://www.xbrl.org/2003/role/verboseLabel">投資損失引当金戻入額に関する注記 [テキストブロック]</link:label>
    <link:label xml:lang="ja" xlink:type="resource" xlink:label="jpcrp030000-asr_E00406-000_OkochiKimikazuMember_label" xlink:role="http://www.xbrl.org/2003/role/label">大河内　公一</link:label>
    <link:label xml:lang="ja" xlink:type="resource" xlink:label="jpcrp030000-asr_E00406-000_OkochiKimikazuMember_label_1" xlink:role="http://www.xbrl.org/2003/role/verboseLabel">大河内　公一 [メンバー]</link:label>
    <link:label xml:lang="ja" xlink:type="resource" xlink:label="jpcrp030000-asr_E00406-000_OnozukaYoshiakiMember_label" xlink:role="http://www.xbrl.org/2003/role/label">小野塚　善昭</link:label>
    <link:label xml:lang="ja" xlink:type="resource" xlink:label="jpcrp030000-asr_E00406-000_OnozukaYoshiakiMember_label_1" xlink:role="http://www.xbrl.org/2003/role/verboseLabel">小野塚　善昭 [メンバー]</link:label>
    <link:label xml:lang="ja" xlink:type="resource" xlink:label="jpcrp030000-asr_E00406-000_PayrollsAndBonusSGA_label" xlink:role="http://www.xbrl.org/2003/role/label">給与手当・賞与金</link:label>
    <link:label xml:lang="ja" xlink:type="resource" xlink:label="jpcrp030000-asr_E00406-000_PayrollsAndBonusSGA_label_1" xlink:role="http://www.xbrl.org/2003/role/verboseLabel">給与手当・賞与金、販売費及び一般管理費</link:label>
    <link:label xml:lang="ja" xlink:type="resource" xlink:label="jpcrp030000-asr_E00406-000_ProceedsFromShareIssuanceToNonControllingShareholdersCF_label" xlink:role="http://www.xbrl.org/2003/role/label">非支配株主からの払込による収入</link:label>
    <link:label xml:lang="ja" xlink:type="resource" xlink:label="jpcrp030000-asr_E00406-000_ProceedsFromShareIssuanceToNonControllingShareholdersCF_label_1" xlink:role="http://www.xbrl.org/2003/role/verboseLabel">非支配株主からの払込による収入、キャッシュ・フロー計算書</link:label>
    <link:label xml:lang="ja" xlink:type="resource" xlink:label="jpcrp030000-asr_E00406-000_ReferenceToOtherInformation2StrategyEnvironment_label" xlink:role="http://www.xbrl.org/2003/role/label">他の記載への参照２</link:label>
    <link:label xml:lang="ja" xlink:type="resource" xlink:label="jpcrp030000-asr_E00406-000_ReferenceToOtherInformation2StrategyEnvironment_label_1" xlink:role="http://www.xbrl.org/2003/role/verboseLabel">他の記載への参照２、戦略ならびに指標及び目標、環境</link:label>
    <link:label xml:lang="ja" xlink:type="resource" xlink:label="jpcrp030000-asr_E00406-000_ReferenceToOtherInformation3StrategyEnvironment_label" xlink:role="http://www.xbrl.org/2003/role/label">他の記載への参照３</link:label>
    <link:label xml:lang="ja" xlink:type="resource" xlink:label="jpcrp030000-asr_E00406-000_ReferenceToOtherInformation3StrategyEnvironment_label_1" xlink:role="http://www.xbrl.org/2003/role/verboseLabel">他の記載への参照３、戦略ならびに指標及び目標、環境</link:label>
    <link:label xml:lang="ja" xlink:type="resource" xlink:label="jpcrp030000-asr_E00406-000_ReferenceToOtherInformationStrategyEnvironment_label" xlink:role="http://www.xbrl.org/2003/role/label">他の記載への参照</link:label>
    <link:label xml:lang="ja" xlink:type="resource" xlink:label="jpcrp030000-asr_E00406-000_ReferenceToOtherInformationStrategyEnvironment_label_1" xlink:role="http://www.xbrl.org/2003/role/verboseLabel">他の記載への参照、戦略ならびに指標及び目標、環境</link:label>
    <link:label xml:lang="ja" xlink:type="resource" xlink:label="jpcrp030000-asr_E00406-000_SalesPromotionExpensesSGA_label" xlink:role="http://www.xbrl.org/2003/role/label">販売促進助成費</link:label>
    <link:label xml:lang="ja" xlink:type="resource" xlink:label="jpcrp030000-asr_E00406-000_SalesPromotionExpensesSGA_label_1" xlink:role="http://www.xbrl.org/2003/role/verboseLabel">販売促進助成費、販売費及び一般管理費</link:label>
    <link:label xml:lang="ja" xlink:type="resource" xlink:label="jpcrp030000-asr_E00406-000_SharesOfAffiliatesIOA_label" xlink:role="http://www.xbrl.org/2003/role/label">関連会社株式</link:label>
    <link:label xml:lang="ja" xlink:type="resource" xlink:label="jpcrp030000-asr_E00406-000_SharesOfAffiliatesIOA_label_1" xlink:role="http://www.xbrl.org/2003/role/verboseLabel">関連会社株式、投資その他の資産</link:label>
    <link:label xml:lang="ja" xlink:type="resource" xlink:label="jpcrp030000-asr_E00406-000_ShimadaJunichiMember_label" xlink:role="http://www.xbrl.org/2003/role/label">島田　淳一</link:label>
    <link:label xml:lang="ja" xlink:type="resource" xlink:label="jpcrp030000-asr_E00406-000_ShimadaJunichiMember_label_1" xlink:role="http://www.xbrl.org/2003/role/verboseLabel">島田　淳一 [メンバー]</link:label>
    <link:label xml:lang="ja" xlink:type="resource" xlink:label="jpcrp030000-asr_E00406-000_ShinboKatsuyoshiMember_label" xlink:role="http://www.xbrl.org/2003/role/label">新保　克芳</link:label>
    <link:label xml:lang="ja" xlink:type="resource" xlink:label="jpcrp030000-asr_E00406-000_ShinboKatsuyoshiMember_label_1" xlink:role="http://www.xbrl.org/2003/role/verboseLabel">新保　克芳 [メンバー]</link:label>
    <link:label xml:lang="ja" xlink:type="resource" xlink:label="jpcrp030000-asr_E00406-000_StrategyMetricsAndTargetsEnvironmentTextBlock_label" xlink:role="http://www.xbrl.org/2003/role/label">戦略ならびに指標及び目標、環境</link:label>
    <link:label xml:lang="ja" xlink:type="resource" xlink:label="jpcrp030000-asr_E00406-000_StrategyMetricsAndTargetsEnvironmentTextBlock_label_1" xlink:role="http://www.xbrl.org/2003/role/verboseLabel">戦略ならびに指標及び目標、環境 [テキストブロック]</link:label>
    <link:label xml:lang="ja" xlink:type="resource" xlink:label="jpcrp030000-asr_E00406-000_StrategyMetricsAndTargetsHumanCapitalTextBlock_label" xlink:role="http://www.xbrl.org/2003/role/label">戦略ならびに指標及び目標、人的資本</link:label>
    <link:label xml:lang="ja" xlink:type="resource" xlink:label="jpcrp030000-asr_E00406-000_StrategyMetricsAndTargetsHumanCapitalTextBlock_label_1" xlink:role="http://www.xbrl.org/2003/role/verboseLabel">戦略ならびに指標及び目標、人的資本 [テキストブロック]</link:label>
    <link:label xml:lang="ja" xlink:type="resource" xlink:label="jpcrp030000-asr_E00406-000_SuzukiYasuyukiMember_label" xlink:role="http://www.xbrl.org/2003/role/label">鈴木　康之</link:label>
    <link:label xml:lang="ja" xlink:type="resource" xlink:label="jpcrp030000-asr_E00406-000_SuzukiYasuyukiMember_label_1" xlink:role="http://www.xbrl.org/2003/role/verboseLabel">鈴木　康之 [メンバー]</link:label>
    <link:label xml:lang="ja" xlink:type="resource" xlink:label="jpcrp030000-asr_E00406-000_TheAmericasFoodAndBeveragesReportableSegmentsMember_label" xlink:role="http://www.xbrl.org/2003/role/label">米州</link:label>
    <link:label xml:lang="ja" xlink:type="resource" xlink:label="jpcrp030000-asr_E00406-000_TheAmericasFoodAndBeveragesReportableSegmentsMember_label_1" xlink:role="http://www.xbrl.org/2003/role/verboseLabel">米州、飲料及び食品製造販売事業、報告セグメント [メンバー]</link:label>
    <link:label xml:lang="ja" xlink:type="resource" xlink:label="jpcrp030000-asr_E00406-000_TobeNaokoMember_label" xlink:role="http://www.xbrl.org/2003/role/label">戸部　直子</link:label>
    <link:label xml:lang="ja" xlink:type="resource" xlink:label="jpcrp030000-asr_E00406-000_TobeNaokoMember_label_1" xlink:role="http://www.xbrl.org/2003/role/verboseLabel">戸部　直子 [メンバー]</link:label>
    <link:label xml:lang="ja" xlink:type="resource" xlink:label="jpcrp030000-asr_E00406-000_WatanabeShuichiMember_label" xlink:role="http://www.xbrl.org/2003/role/label">渡辺　秀一</link:label>
    <link:label xml:lang="ja" xlink:type="resource" xlink:label="jpcrp030000-asr_E00406-000_WatanabeShuichiMember_label_1" xlink:role="http://www.xbrl.org/2003/role/verboseLabel">渡辺　秀一 [メンバー]</link:label>
    <link:loc xlink:type="locator" xlink:href="jpcrp030000-asr-001_E00406-000_2024-03-31_01_2024-06-20.xsd#jpcrp030000-asr_E00406-000_AkutsuSatoshiMember" xlink:label="jpcrp030000-asr_E00406-000_AkutsuSatoshiMember" />
    <link:loc xlink:type="locator" xlink:href="jpcrp030000-asr-001_E00406-000_2024-03-31_01_2024-06-20.xsd#jpcrp030000-asr_E00406-000_AsiaAndOceaniaFoodAndBeveragesReportableSegmentsMember" xlink:label="jpcrp030000-asr_E00406-000_AsiaAndOceaniaFoodAndBeveragesReportableSegmentsMember" />
    <link:loc xlink:type="locator" xlink:href="jpcrp030000-asr-001_E00406-000_2024-03-31_01_2024-06-20.xsd#jpcrp030000-asr_E00406-000_ChangeInOwnershipOfTheSubsidiaryOwnedByForeignAffiliatedCompany" xlink:label="jpcrp030000-asr_E00406-000_ChangeInOwnershipOfTheSubsidiaryOwnedByForeignAffiliatedCompany" />
    <link:loc xlink:type="locator" xlink:href="jpcrp030000-asr-001_E00406-000_2024-03-31_01_2024-06-20.xsd#jpcrp030000-asr_E00406-000_EuropeFoodAndBeveragesReportableSegmentsMember" xlink:label="jpcrp030000-asr_E00406-000_EuropeFoodAndBeveragesReportableSegmentsMember" />
    <link:loc xlink:type="locator" xlink:href="jpcrp030000-asr-001_E00406-000_2024-03-31_01_2024-06-20.xsd#jpcrp030000-asr_E00406-000_FukuzawaToshihikoMember" xlink:label="jpcrp030000-asr_E00406-000_FukuzawaToshihikoMember" />
    <link:loc xlink:type="locator" xlink:href="jpcrp030000-asr-001_E00406-000_2024-03-31_01_2024-06-20.xsd#jpcrp030000-asr_E00406-000_HiranoKoichiMember" xlink:label="jpcrp030000-asr_E00406-000_HiranoKoichiMember" />
    <link:loc xlink:type="locator" xlink:href="jpcrp030000-asr-001_E00406-000_2024-03-31_01_2024-06-20.xsd#jpcrp030000-asr_E00406-000_HoshikoHideakiMember" xlink:label="jpcrp030000-asr_E00406-000_HoshikoHideakiMember" />
    <link:loc xlink:type="locator" xlink:href="jpcrp030000-asr-001_E00406-000_2024-03-31_01_2024-06-20.xsd#jpcrp030000-asr_E00406-000_JapanFoodAndBeveragesReportableSegmentsMember" xlink:label="jpcrp030000-asr_E00406-000_JapanFoodAndBeveragesReportableSegmentsMember" />
    <link:loc xlink:type="locator" xlink:href="jpcrp030000-asr-001_E00406-000_2024-03-31_01_2024-06-20.xsd#jpcrp030000-asr_E00406-000_KawabataHiroyukiMember" xlink:label="jpcrp030000-asr_E00406-000_KawabataHiroyukiMember" />
    <link:loc xlink:type="locator" xlink:href="jpcrp030000-asr-001_E00406-000_2024-03-31_01_2024-06-20.xsd#jpcrp030000-asr_E00406-000_KawanaHideyukiMember" xlink:label="jpcrp030000-asr_E00406-000_KawanaHideyukiMember" />
    <link:loc xlink:type="locator" xlink:href="jpcrp030000-asr-001_E00406-000_2024-03-31_01_2024-06-20.xsd#jpcrp030000-asr_E00406-000_KitamuraSatokoMember" xlink:label="jpcrp030000-asr_E00406-000_KitamuraSatokoMember" />
    <link:loc xlink:type="locator" xlink:href="jpcrp030000-asr-001_E00406-000_2024-03-31_01_2024-06-20.xsd#jpcrp030000-asr_E00406-000_MachidaEmiMember" xlink:label="jpcrp030000-asr_E00406-000_MachidaEmiMember" />
    <link:loc xlink:type="locator" xlink:href="jpcrp030000-asr-001_E00406-000_2024-03-31_01_2024-06-20.xsd#jpcrp030000-asr_E00406-000_MatthewDigbyMember" xlink:label="jpcrp030000-asr_E00406-000_MatthewDigbyMember" />
    <link:loc xlink:type="locator" xlink:href="jpcrp030000-asr-001_E00406-000_2024-03-31_01_2024-06-20.xsd#jpcrp030000-asr_E00406-000_NagasawaYumikoMember" xlink:label="jpcrp030000-asr_E00406-000_NagasawaYumikoMember" />
    <link:loc xlink:type="locator" xlink:href="jpcrp030000-asr-001_E00406-000_2024-03-31_01_2024-06-20.xsd#jpcrp030000-asr_E00406-000_NagiraMasatoshiMember" xlink:label="jpcrp030000-asr_E00406-000_NagiraMasatoshiMember" />
    <link:loc xlink:type="locator" xlink:href="jpcrp030000-asr-001_E00406-000_2024-03-31_01_2024-06-20.xsd#jpcrp030000-asr_E00406-000_NaitoManabuMember" xlink:label="jpcrp030000-asr_E00406-000_NaitoManabuMember" />
    <link:loc xlink:type="locator" xlink:href="jpcrp030000-asr-001_E00406-000_2024-03-31_01_2024-06-20.xsd#jpcrp030000-asr_E00406-000_NaritaHiroshiMember" xlink:label="jpcrp030000-asr_E00406-000_NaritaHiroshiMember" />
    <link:loc xlink:type="locator" xlink:href="jpcrp030000-asr-001_E00406-000_2024-03-31_01_2024-06-20.xsd#jpcrp030000-asr_E00406-000_NotesRegardingOtherExtraordinaryIncomesTextBlock" xlink:label="jpcrp030000-asr_E00406-000_NotesRegardingOtherExtraordinaryIncomesTextBlock" />
    <link:loc xlink:type="locator" xlink:href="jpcrp030000-asr-001_E00406-000_2024-03-31_01_2024-06-20.xsd#jpcrp030000-asr_E00406-000_NotesRegardingOtherExtraordinaryLossesTextBlock" xlink:label="jpcrp030000-asr_E00406-000_NotesRegardingOtherExtraordinaryLossesTextBlock" />
    <link:loc xlink:type="locator" xlink:href="jpcrp030000-asr-001_E00406-000_2024-03-31_01_2024-06-20.xsd#jpcrp030000-asr_E00406-000_NotesRegardingReversalOfAllowanceForInvestmentLossTextBlock" xlink:label="jpcrp030000-asr_E00406-000_NotesRegardingReversalOfAllowanceForInvestmentLossTextBlock" />
    <link:loc xlink:type="locator" xlink:href="jpcrp030000-asr-001_E00406-000_2024-03-31_01_2024-06-20.xsd#jpcrp030000-asr_E00406-000_OkochiKimikazuMember" xlink:label="jpcrp030000-asr_E00406-000_OkochiKimikazuMember" />
    <link:loc xlink:type="locator" xlink:href="jpcrp030000-asr-001_E00406-000_2024-03-31_01_2024-06-20.xsd#jpcrp030000-asr_E00406-000_OnozukaYoshiakiMember" xlink:label="jpcrp030000-asr_E00406-000_OnozukaYoshiakiMember" />
    <link:loc xlink:type="locator" xlink:href="jpcrp030000-asr-001_E00406-000_2024-03-31_01_2024-06-20.xsd#jpcrp030000-asr_E00406-000_PayrollsAndBonusSGA" xlink:label="jpcrp030000-asr_E00406-000_PayrollsAndBonusSGA" />
    <link:loc xlink:type="locator" xlink:href="jpcrp030000-asr-001_E00406-000_2024-03-31_01_2024-06-20.xsd#jpcrp030000-asr_E00406-000_ProceedsFromShareIssuanceToNonControllingShareholdersCF" xlink:label="jpcrp030000-asr_E00406-000_ProceedsFromShareIssuanceToNonControllingShareholdersCF" />
    <link:loc xlink:type="locator" xlink:href="jpcrp030000-asr-001_E00406-000_2024-03-31_01_2024-06-20.xsd#jpcrp030000-asr_E00406-000_ReferenceToOtherInformation2StrategyEnvironment" xlink:label="jpcrp030000-asr_E00406-000_ReferenceToOtherInformation2StrategyEnvironment" />
    <link:loc xlink:type="locator" xlink:href="jpcrp030000-asr-001_E00406-000_2024-03-31_01_2024-06-20.xsd#jpcrp030000-asr_E00406-000_ReferenceToOtherInformation3StrategyEnvironment" xlink:label="jpcrp030000-asr_E00406-000_ReferenceToOtherInformation3StrategyEnvironment" />
    <link:loc xlink:type="locator" xlink:href="jpcrp030000-asr-001_E00406-000_2024-03-31_01_2024-06-20.xsd#jpcrp030000-asr_E00406-000_ReferenceToOtherInformationStrategyEnvironment" xlink:label="jpcrp030000-asr_E00406-000_ReferenceToOtherInformationStrategyEnvironment" />
    <link:loc xlink:type="locator" xlink:href="jpcrp030000-asr-001_E00406-000_2024-03-31_01_2024-06-20.xsd#jpcrp030000-asr_E00406-000_SalesPromotionExpensesSGA" xlink:label="jpcrp030000-asr_E00406-000_SalesPromotionExpensesSGA" />
    <link:loc xlink:type="locator" xlink:href="jpcrp030000-asr-001_E00406-000_2024-03-31_01_2024-06-20.xsd#jpcrp030000-asr_E00406-000_SharesOfAffiliatesIOA" xlink:label="jpcrp030000-asr_E00406-000_SharesOfAffiliatesIOA" />
    <link:loc xlink:type="locator" xlink:href="jpcrp030000-asr-001_E00406-000_2024-03-31_01_2024-06-20.xsd#jpcrp030000-asr_E00406-000_ShimadaJunichiMember" xlink:label="jpcrp030000-asr_E00406-000_ShimadaJunichiMember" />
    <link:loc xlink:type="locator" xlink:href="jpcrp030000-asr-001_E00406-000_2024-03-31_01_2024-06-20.xsd#jpcrp030000-asr_E00406-000_ShinboKatsuyoshiMember" xlink:label="jpcrp030000-asr_E00406-000_ShinboKatsuyoshiMember" />
    <link:loc xlink:type="locator" xlink:href="jpcrp030000-asr-001_E00406-000_2024-03-31_01_2024-06-20.xsd#jpcrp030000-asr_E00406-000_StrategyMetricsAndTargetsEnvironmentTextBlock" xlink:label="jpcrp030000-asr_E00406-000_StrategyMetricsAndTargetsEnvironmentTextBlock" />
    <link:loc xlink:type="locator" xlink:href="jpcrp030000-asr-001_E00406-000_2024-03-31_01_2024-06-20.xsd#jpcrp030000-asr_E00406-000_StrategyMetricsAndTargetsHumanCapitalTextBlock" xlink:label="jpcrp030000-asr_E00406-000_StrategyMetricsAndTargetsHumanCapitalTextBlock" />
    <link:loc xlink:type="locator" xlink:href="jpcrp030000-asr-001_E00406-000_2024-03-31_01_2024-06-20.xsd#jpcrp030000-asr_E00406-000_SuzukiYasuyukiMember" xlink:label="jpcrp030000-asr_E00406-000_SuzukiYasuyukiMember" />
    <link:loc xlink:type="locator" xlink:href="jpcrp030000-asr-001_E00406-000_2024-03-31_01_2024-06-20.xsd#jpcrp030000-asr_E00406-000_TheAmericasFoodAndBeveragesReportableSegmentsMember" xlink:label="jpcrp030000-asr_E00406-000_TheAmericasFoodAndBeveragesReportableSegmentsMember" />
    <link:loc xlink:type="locator" xlink:href="jpcrp030000-asr-001_E00406-000_2024-03-31_01_2024-06-20.xsd#jpcrp030000-asr_E00406-000_TobeNaokoMember" xlink:label="jpcrp030000-asr_E00406-000_TobeNaokoMember" />
    <link:loc xlink:type="locator" xlink:href="jpcrp030000-asr-001_E00406-000_2024-03-31_01_2024-06-20.xsd#jpcrp030000-asr_E00406-000_WatanabeShuichiMember" xlink:label="jpcrp030000-asr_E00406-000_WatanabeShuichiMember" />
    <link:labelArc xlink:type="arc" xlink:from="jpcrp030000-asr_E00406-000_AkutsuSatoshiMember" xlink:to="jpcrp030000-asr_E00406-000_AkutsuSatoshiMember_label" xlink:arcrole="http://www.xbrl.org/2003/arcrole/concept-label" order="1" />
    <link:labelArc xlink:type="arc" xlink:from="jpcrp030000-asr_E00406-000_AkutsuSatoshiMember" xlink:to="jpcrp030000-asr_E00406-000_AkutsuSatoshiMember_label_1" xlink:arcrole="http://www.xbrl.org/2003/arcrole/concept-label" order="1" />
    <link:labelArc xlink:type="arc" xlink:from="jpcrp030000-asr_E00406-000_AsiaAndOceaniaFoodAndBeveragesReportableSegmentsMember" xlink:to="jpcrp030000-asr_E00406-000_AsiaAndOceaniaFoodAndBeveragesReportableSegmentsMember_label" xlink:arcrole="http://www.xbrl.org/2003/arcrole/concept-label" order="1" />
    <link:labelArc xlink:type="arc" xlink:from="jpcrp030000-asr_E00406-000_AsiaAndOceaniaFoodAndBeveragesReportableSegmentsMember" xlink:to="jpcrp030000-asr_E00406-000_AsiaAndOceaniaFoodAndBeveragesReportableSegmentsMember_label_1" xlink:arcrole="http://www.xbrl.org/2003/arcrole/concept-label" order="1" />
    <link:labelArc xlink:type="arc" xlink:from="jpcrp030000-asr_E00406-000_ChangeInOwnershipOfTheSubsidiaryOwnedByForeignAffiliatedCompany" xlink:to="jpcrp030000-asr_E00406-000_ChangeInOwnershipOfTheSubsidiaryOwnedByForeignAffiliatedCompany_label" xlink:arcrole="http://www.xbrl.org/2003/arcrole/concept-label" order="1" />
    <link:labelArc xlink:type="arc" xlink:from="jpcrp030000-asr_E00406-000_ChangeInOwnershipOfTheSubsidiaryOwnedByForeignAffiliatedCompany" xlink:to="jpcrp030000-asr_E00406-000_ChangeInOwnershipOfTheSubsidiaryOwnedByForeignAffiliatedCompany_label_1" xlink:arcrole="http://www.xbrl.org/2003/arcrole/concept-label" order="1" />
    <link:labelArc xlink:type="arc" xlink:from="jpcrp030000-asr_E00406-000_EuropeFoodAndBeveragesReportableSegmentsMember" xlink:to="jpcrp030000-asr_E00406-000_EuropeFoodAndBeveragesReportableSegmentsMember_label" xlink:arcrole="http://www.xbrl.org/2003/arcrole/concept-label" order="1" />
    <link:labelArc xlink:type="arc" xlink:from="jpcrp030000-asr_E00406-000_EuropeFoodAndBeveragesReportableSegmentsMember" xlink:to="jpcrp030000-asr_E00406-000_EuropeFoodAndBeveragesReportableSegmentsMember_label_1" xlink:arcrole="http://www.xbrl.org/2003/arcrole/concept-label" order="1" />
    <link:labelArc xlink:type="arc" xlink:from="jpcrp030000-asr_E00406-000_FukuzawaToshihikoMember" xlink:to="jpcrp030000-asr_E00406-000_FukuzawaToshihikoMember_label_1" xlink:arcrole="http://www.xbrl.org/2003/arcrole/concept-label" order="1" />
    <link:labelArc xlink:type="arc" xlink:from="jpcrp030000-asr_E00406-000_FukuzawaToshihikoMember" xlink:to="jpcrp030000-asr_E00406-000_FukuzawaToshihikoMember_label" xlink:arcrole="http://www.xbrl.org/2003/arcrole/concept-label" order="1" />
    <link:labelArc xlink:type="arc" xlink:from="jpcrp030000-asr_E00406-000_HiranoKoichiMember" xlink:to="jpcrp030000-asr_E00406-000_HiranoKoichiMember_label" xlink:arcrole="http://www.xbrl.org/2003/arcrole/concept-label" order="1" />
    <link:labelArc xlink:type="arc" xlink:from="jpcrp030000-asr_E00406-000_HiranoKoichiMember" xlink:to="jpcrp030000-asr_E00406-000_HiranoKoichiMember_label_1" xlink:arcrole="http://www.xbrl.org/2003/arcrole/concept-label" order="1" />
    <link:labelArc xlink:type="arc" xlink:from="jpcrp030000-asr_E00406-000_HoshikoHideakiMember" xlink:to="jpcrp030000-asr_E00406-000_HoshikoHideakiMember_label" xlink:arcrole="http://www.xbrl.org/2003/arcrole/concept-label" order="1" />
    <link:labelArc xlink:type="arc" xlink:from="jpcrp030000-asr_E00406-000_HoshikoHideakiMember" xlink:to="jpcrp030000-asr_E00406-000_HoshikoHideakiMember_label_1" xlink:arcrole="http://www.xbrl.org/2003/arcrole/concept-label" order="1" />
    <link:labelArc xlink:type="arc" xlink:from="jpcrp030000-asr_E00406-000_JapanFoodAndBeveragesReportableSegmentsMember" xlink:to="jpcrp030000-asr_E00406-000_JapanFoodAndBeveragesReportableSegmentsMember_label" xlink:arcrole="http://www.xbrl.org/2003/arcrole/concept-label" order="1" />
    <link:labelArc xlink:type="arc" xlink:from="jpcrp030000-asr_E00406-000_JapanFoodAndBeveragesReportableSegmentsMember" xlink:to="jpcrp030000-asr_E00406-000_JapanFoodAndBeveragesReportableSegmentsMember_label_1" xlink:arcrole="http://www.xbrl.org/2003/arcrole/concept-label" order="1" />
    <link:labelArc xlink:type="arc" xlink:from="jpcrp030000-asr_E00406-000_KawabataHiroyukiMember" xlink:to="jpcrp030000-asr_E00406-000_KawabataHiroyukiMember_label_1" xlink:arcrole="http://www.xbrl.org/2003/arcrole/concept-label" order="1" />
    <link:labelArc xlink:type="arc" xlink:from="jpcrp030000-asr_E00406-000_KawabataHiroyukiMember" xlink:to="jpcrp030000-asr_E00406-000_KawabataHiroyukiMember_label" xlink:arcrole="http://www.xbrl.org/2003/arcrole/concept-label" order="1" />
    <link:labelArc xlink:type="arc" xlink:from="jpcrp030000-asr_E00406-000_KawanaHideyukiMember" xlink:to="jpcrp030000-asr_E00406-000_KawanaHideyukiMember_label_1" xlink:arcrole="http://www.xbrl.org/2003/arcrole/concept-label" order="1" />
    <link:labelArc xlink:type="arc" xlink:from="jpcrp030000-asr_E00406-000_KawanaHideyukiMember" xlink:to="jpcrp030000-asr_E00406-000_KawanaHideyukiMember_label" xlink:arcrole="http://www.xbrl.org/2003/arcrole/concept-label" order="1" />
    <link:labelArc xlink:type="arc" xlink:from="jpcrp030000-asr_E00406-000_KitamuraSatokoMember" xlink:to="jpcrp030000-asr_E00406-000_KitamuraSatokoMember_label" xlink:arcrole="http://www.xbrl.org/2003/arcrole/concept-label" order="1" />
    <link:labelArc xlink:type="arc" xlink:from="jpcrp030000-asr_E00406-000_KitamuraSatokoMember" xlink:to="jpcrp030000-asr_E00406-000_KitamuraSatokoMember_label_1" xlink:arcrole="http://www.xbrl.org/2003/arcrole/concept-label" order="1" />
    <link:labelArc xlink:type="arc" xlink:from="jpcrp030000-asr_E00406-000_MachidaEmiMember" xlink:to="jpcrp030000-asr_E00406-000_MachidaEmiMember_label" xlink:arcrole="http://www.xbrl.org/2003/arcrole/concept-label" order="1" />
    <link:labelArc xlink:type="arc" xlink:from="jpcrp030000-asr_E00406-000_MachidaEmiMember" xlink:to="jpcrp030000-asr_E00406-000_MachidaEmiMember_label_1" xlink:arcrole="http://www.xbrl.org/2003/arcrole/concept-label" order="1" />
    <link:labelArc xlink:type="arc" xlink:from="jpcrp030000-asr_E00406-000_MatthewDigbyMember" xlink:to="jpcrp030000-asr_E00406-000_MatthewDigbyMember_label" xlink:arcrole="http://www.xbrl.org/2003/arcrole/concept-label" order="1" />
    <link:labelArc xlink:type="arc" xlink:from="jpcrp030000-asr_E00406-000_MatthewDigbyMember" xlink:to="jpcrp030000-asr_E00406-000_MatthewDigbyMember_label_1" xlink:arcrole="http://www.xbrl.org/2003/arcrole/concept-label" order="1" />
    <link:labelArc xlink:type="arc" xlink:from="jpcrp030000-asr_E00406-000_NagasawaYumikoMember" xlink:to="jpcrp030000-asr_E00406-000_NagasawaYumikoMember_label" xlink:arcrole="http://www.xbrl.org/2003/arcrole/concept-label" order="1" />
    <link:labelArc xlink:type="arc" xlink:from="jpcrp030000-asr_E00406-000_NagasawaYumikoMember" xlink:to="jpcrp030000-asr_E00406-000_NagasawaYumikoMember_label_1" xlink:arcrole="http://www.xbrl.org/2003/arcrole/concept-label" order="1" />
    <link:labelArc xlink:type="arc" xlink:from="jpcrp030000-asr_E00406-000_NagiraMasatoshiMember" xlink:to="jpcrp030000-asr_E00406-000_NagiraMasatoshiMember_label_1" xlink:arcrole="http://www.xbrl.org/2003/arcrole/concept-label" order="1" />
    <link:labelArc xlink:type="arc" xlink:from="jpcrp030000-asr_E00406-000_NagiraMasatoshiMember" xlink:to="jpcrp030000-asr_E00406-000_NagiraMasatoshiMember_label" xlink:arcrole="http://www.xbrl.org/2003/arcrole/concept-label" order="1" />
    <link:labelArc xlink:type="arc" xlink:from="jpcrp030000-asr_E00406-000_NaitoManabuMember" xlink:to="jpcrp030000-asr_E00406-000_NaitoManabuMember_label" xlink:arcrole="http://www.xbrl.org/2003/arcrole/concept-label" order="1" />
    <link:labelArc xlink:type="arc" xlink:from="jpcrp030000-asr_E00406-000_NaitoManabuMember" xlink:to="jpcrp030000-asr_E00406-000_NaitoManabuMember_label_1" xlink:arcrole="http://www.xbrl.org/2003/arcrole/concept-label" order="1" />
    <link:labelArc xlink:type="arc" xlink:from="jpcrp030000-asr_E00406-000_NaritaHiroshiMember" xlink:to="jpcrp030000-asr_E00406-000_NaritaHiroshiMember_label" xlink:arcrole="http://www.xbrl.org/2003/arcrole/concept-label" order="1" />
    <link:labelArc xlink:type="arc" xlink:from="jpcrp030000-asr_E00406-000_NaritaHiroshiMember" xlink:to="jpcrp030000-asr_E00406-000_NaritaHiroshiMember_label_1" xlink:arcrole="http://www.xbrl.org/2003/arcrole/concept-label" order="1" />
    <link:labelArc xlink:type="arc" xlink:from="jpcrp030000-asr_E00406-000_NotesRegardingOtherExtraordinaryIncomesTextBlock" xlink:to="jpcrp030000-asr_E00406-000_NotesRegardingOtherExtraordinaryIncomesTextBlock_label" xlink:arcrole="http://www.xbrl.org/2003/arcrole/concept-label" order="1" />
    <link:labelArc xlink:type="arc" xlink:from="jpcrp030000-asr_E00406-000_NotesRegardingOtherExtraordinaryIncomesTextBlock" xlink:to="jpcrp030000-asr_E00406-000_NotesRegardingOtherExtraordinaryIncomesTextBlock_label_1" xlink:arcrole="http://www.xbrl.org/2003/arcrole/concept-label" order="1" />
    <link:labelArc xlink:type="arc" xlink:from="jpcrp030000-asr_E00406-000_NotesRegardingOtherExtraordinaryLossesTextBlock" xlink:to="jpcrp030000-asr_E00406-000_NotesRegardingOtherExtraordinaryLossesTextBlock_label_1" xlink:arcrole="http://www.xbrl.org/2003/arcrole/concept-label" order="1" />
    <link:labelArc xlink:type="arc" xlink:from="jpcrp030000-asr_E00406-000_NotesRegardingOtherExtraordinaryLossesTextBlock" xlink:to="jpcrp030000-asr_E00406-000_NotesRegardingOtherExtraordinaryLossesTextBlock_label" xlink:arcrole="http://www.xbrl.org/2003/arcrole/concept-label" order="1" />
    <link:labelArc xlink:type="arc" xlink:from="jpcrp030000-asr_E00406-000_NotesRegardingReversalOfAllowanceForInvestmentLossTextBlock" xlink:to="jpcrp030000-asr_E00406-000_NotesRegardingReversalOfAllowanceForInvestmentLossTextBlock_label" xlink:arcrole="http://www.xbrl.org/2003/arcrole/concept-label" order="1" />
    <link:labelArc xlink:type="arc" xlink:from="jpcrp030000-asr_E00406-000_NotesRegardingReversalOfAllowanceForInvestmentLossTextBlock" xlink:to="jpcrp030000-asr_E00406-000_NotesRegardingReversalOfAllowanceForInvestmentLossTextBlock_label_1" xlink:arcrole="http://www.xbrl.org/2003/arcrole/concept-label" order="1" />
    <link:labelArc xlink:type="arc" xlink:from="jpcrp030000-asr_E00406-000_OkochiKimikazuMember" xlink:to="jpcrp030000-asr_E00406-000_OkochiKimikazuMember_label" xlink:arcrole="http://www.xbrl.org/2003/arcrole/concept-label" order="1" />
    <link:labelArc xlink:type="arc" xlink:from="jpcrp030000-asr_E00406-000_OkochiKimikazuMember" xlink:to="jpcrp030000-asr_E00406-000_OkochiKimikazuMember_label_1" xlink:arcrole="http://www.xbrl.org/2003/arcrole/concept-label" order="1" />
    <link:labelArc xlink:type="arc" xlink:from="jpcrp030000-asr_E00406-000_OnozukaYoshiakiMember" xlink:to="jpcrp030000-asr_E00406-000_OnozukaYoshiakiMember_label" xlink:arcrole="http://www.xbrl.org/2003/arcrole/concept-label" order="1" />
    <link:labelArc xlink:type="arc" xlink:from="jpcrp030000-asr_E00406-000_OnozukaYoshiakiMember" xlink:to="jpcrp030000-asr_E00406-000_OnozukaYoshiakiMember_label_1" xlink:arcrole="http://www.xbrl.org/2003/arcrole/concept-label" order="1" />
    <link:labelArc xlink:type="arc" xlink:from="jpcrp030000-asr_E00406-000_PayrollsAndBonusSGA" xlink:to="jpcrp030000-asr_E00406-000_PayrollsAndBonusSGA_label" xlink:arcrole="http://www.xbrl.org/2003/arcrole/concept-label" order="1" />
    <link:labelArc xlink:type="arc" xlink:from="jpcrp030000-asr_E00406-000_PayrollsAndBonusSGA" xlink:to="jpcrp030000-asr_E00406-000_PayrollsAndBonusSGA_label_1" xlink:arcrole="http://www.xbrl.org/2003/arcrole/concept-label" order="1" />
    <link:labelArc xlink:type="arc" xlink:from="jpcrp030000-asr_E00406-000_ProceedsFromShareIssuanceToNonControllingShareholdersCF" xlink:to="jpcrp030000-asr_E00406-000_ProceedsFromShareIssuanceToNonControllingShareholdersCF_label" xlink:arcrole="http://www.xbrl.org/2003/arcrole/concept-label" order="1" />
    <link:labelArc xlink:type="arc" xlink:from="jpcrp030000-asr_E00406-000_ProceedsFromShareIssuanceToNonControllingShareholdersCF" xlink:to="jpcrp030000-asr_E00406-000_ProceedsFromShareIssuanceToNonControllingShareholdersCF_label_1" xlink:arcrole="http://www.xbrl.org/2003/arcrole/concept-label" order="1" />
    <link:labelArc xlink:type="arc" xlink:from="jpcrp030000-asr_E00406-000_ReferenceToOtherInformation2StrategyEnvironment" xlink:to="jpcrp030000-asr_E00406-000_ReferenceToOtherInformation2StrategyEnvironment_label" xlink:arcrole="http://www.xbrl.org/2003/arcrole/concept-label" order="1" />
    <link:labelArc xlink:type="arc" xlink:from="jpcrp030000-asr_E00406-000_ReferenceToOtherInformation2StrategyEnvironment" xlink:to="jpcrp030000-asr_E00406-000_ReferenceToOtherInformation2StrategyEnvironment_label_1" xlink:arcrole="http://www.xbrl.org/2003/arcrole/concept-label" order="1" />
    <link:labelArc xlink:type="arc" xlink:from="jpcrp030000-asr_E00406-000_ReferenceToOtherInformation3StrategyEnvironment" xlink:to="jpcrp030000-asr_E00406-000_ReferenceToOtherInformation3StrategyEnvironment_label" xlink:arcrole="http://www.xbrl.org/2003/arcrole/concept-label" order="1" />
    <link:labelArc xlink:type="arc" xlink:from="jpcrp030000-asr_E00406-000_ReferenceToOtherInformation3StrategyEnvironment" xlink:to="jpcrp030000-asr_E00406-000_ReferenceToOtherInformation3StrategyEnvironment_label_1" xlink:arcrole="http://www.xbrl.org/2003/arcrole/concept-label" order="1" />
    <link:labelArc xlink:type="arc" xlink:from="jpcrp030000-asr_E00406-000_ReferenceToOtherInformationStrategyEnvironment" xlink:to="jpcrp030000-asr_E00406-000_ReferenceToOtherInformationStrategyEnvironment_label" xlink:arcrole="http://www.xbrl.org/2003/arcrole/concept-label" order="1" />
    <link:labelArc xlink:type="arc" xlink:from="jpcrp030000-asr_E00406-000_ReferenceToOtherInformationStrategyEnvironment" xlink:to="jpcrp030000-asr_E00406-000_ReferenceToOtherInformationStrategyEnvironment_label_1" xlink:arcrole="http://www.xbrl.org/2003/arcrole/concept-label" order="1" />
    <link:labelArc xlink:type="arc" xlink:from="jpcrp030000-asr_E00406-000_SalesPromotionExpensesSGA" xlink:to="jpcrp030000-asr_E00406-000_SalesPromotionExpensesSGA_label_1" xlink:arcrole="http://www.xbrl.org/2003/arcrole/concept-label" order="1" />
    <link:labelArc xlink:type="arc" xlink:from="jpcrp030000-asr_E00406-000_SalesPromotionExpensesSGA" xlink:to="jpcrp030000-asr_E00406-000_SalesPromotionExpensesSGA_label" xlink:arcrole="http://www.xbrl.org/2003/arcrole/concept-label" order="1" />
    <link:labelArc xlink:type="arc" xlink:from="jpcrp030000-asr_E00406-000_SharesOfAffiliatesIOA" xlink:to="jpcrp030000-asr_E00406-000_SharesOfAffiliatesIOA_label" xlink:arcrole="http://www.xbrl.org/2003/arcrole/concept-label" order="1" />
    <link:labelArc xlink:type="arc" xlink:from="jpcrp030000-asr_E00406-000_SharesOfAffiliatesIOA" xlink:to="jpcrp030000-asr_E00406-000_SharesOfAffiliatesIOA_label_1" xlink:arcrole="http://www.xbrl.org/2003/arcrole/concept-label" order="1" />
    <link:labelArc xlink:type="arc" xlink:from="jpcrp030000-asr_E00406-000_ShimadaJunichiMember" xlink:to="jpcrp030000-asr_E00406-000_ShimadaJunichiMember_label" xlink:arcrole="http://www.xbrl.org/2003/arcrole/concept-label" order="1" />
    <link:labelArc xlink:type="arc" xlink:from="jpcrp030000-asr_E00406-000_ShimadaJunichiMember" xlink:to="jpcrp030000-asr_E00406-000_ShimadaJunichiMember_label_1" xlink:arcrole="http://www.xbrl.org/2003/arcrole/concept-label" order="1" />
    <link:labelArc xlink:type="arc" xlink:from="jpcrp030000-asr_E00406-000_ShinboKatsuyoshiMember" xlink:to="jpcrp030000-asr_E00406-000_ShinboKatsuyoshiMember_label" xlink:arcrole="http://www.xbrl.org/2003/arcrole/concept-label" order="1" />
    <link:labelArc xlink:type="arc" xlink:from="jpcrp030000-asr_E00406-000_ShinboKatsuyoshiMember" xlink:to="jpcrp030000-asr_E00406-000_ShinboKatsuyoshiMember_label_1" xlink:arcrole="http://www.xbrl.org/2003/arcrole/concept-label" order="1" />
    <link:labelArc xlink:type="arc" xlink:from="jpcrp030000-asr_E00406-000_StrategyMetricsAndTargetsEnvironmentTextBlock" xlink:to="jpcrp030000-asr_E00406-000_StrategyMetricsAndTargetsEnvironmentTextBlock_label_1" xlink:arcrole="http://www.xbrl.org/2003/arcrole/concept-label" order="1" />
    <link:labelArc xlink:type="arc" xlink:from="jpcrp030000-asr_E00406-000_StrategyMetricsAndTargetsEnvironmentTextBlock" xlink:to="jpcrp030000-asr_E00406-000_StrategyMetricsAndTargetsEnvironmentTextBlock_label" xlink:arcrole="http://www.xbrl.org/2003/arcrole/concept-label" order="1" />
    <link:labelArc xlink:type="arc" xlink:from="jpcrp030000-asr_E00406-000_StrategyMetricsAndTargetsHumanCapitalTextBlock" xlink:to="jpcrp030000-asr_E00406-000_StrategyMetricsAndTargetsHumanCapitalTextBlock_label_1" xlink:arcrole="http://www.xbrl.org/2003/arcrole/concept-label" order="1" />
    <link:labelArc xlink:type="arc" xlink:from="jpcrp030000-asr_E00406-000_StrategyMetricsAndTargetsHumanCapitalTextBlock" xlink:to="jpcrp030000-asr_E00406-000_StrategyMetricsAndTargetsHumanCapitalTextBlock_label" xlink:arcrole="http://www.xbrl.org/2003/arcrole/concept-label" order="1" />
    <link:labelArc xlink:type="arc" xlink:from="jpcrp030000-asr_E00406-000_SuzukiYasuyukiMember" xlink:to="jpcrp030000-asr_E00406-000_SuzukiYasuyukiMember_label" xlink:arcrole="http://www.xbrl.org/2003/arcrole/concept-label" order="1" />
    <link:labelArc xlink:type="arc" xlink:from="jpcrp030000-asr_E00406-000_SuzukiYasuyukiMember" xlink:to="jpcrp030000-asr_E00406-000_SuzukiYasuyukiMember_label_1" xlink:arcrole="http://www.xbrl.org/2003/arcrole/concept-label" order="1" />
    <link:labelArc xlink:type="arc" xlink:from="jpcrp030000-asr_E00406-000_TheAmericasFoodAndBeveragesReportableSegmentsMember" xlink:to="jpcrp030000-asr_E00406-000_TheAmericasFoodAndBeveragesReportableSegmentsMember_label" xlink:arcrole="http://www.xbrl.org/2003/arcrole/concept-label" order="1" />
    <link:labelArc xlink:type="arc" xlink:from="jpcrp030000-asr_E00406-000_TheAmericasFoodAndBeveragesReportableSegmentsMember" xlink:to="jpcrp030000-asr_E00406-000_TheAmericasFoodAndBeveragesReportableSegmentsMember_label_1" xlink:arcrole="http://www.xbrl.org/2003/arcrole/concept-label" order="1" />
    <link:labelArc xlink:type="arc" xlink:from="jpcrp030000-asr_E00406-000_TobeNaokoMember" xlink:to="jpcrp030000-asr_E00406-000_TobeNaokoMember_label" xlink:arcrole="http://www.xbrl.org/2003/arcrole/concept-label" order="1" />
    <link:labelArc xlink:type="arc" xlink:from="jpcrp030000-asr_E00406-000_TobeNaokoMember" xlink:to="jpcrp030000-asr_E00406-000_TobeNaokoMember_label_1" xlink:arcrole="http://www.xbrl.org/2003/arcrole/concept-label" order="1" />
    <link:labelArc xlink:type="arc" xlink:from="jpcrp030000-asr_E00406-000_WatanabeShuichiMember" xlink:to="jpcrp030000-asr_E00406-000_WatanabeShuichiMember_label" xlink:arcrole="http://www.xbrl.org/2003/arcrole/concept-label" order="1" />
    <link:labelArc xlink:type="arc" xlink:from="jpcrp030000-asr_E00406-000_WatanabeShuichiMember" xlink:to="jpcrp030000-asr_E00406-000_WatanabeShuichiMember_label_1" xlink:arcrole="http://www.xbrl.org/2003/arcrole/concept-label" order="1" />
  </link:labelLink>
</link:linkbase>