﻿<?xml version="1.0" encoding="utf-8"?>
<!-- XBRL Document Created with WizLabo Platform -->
<link:linkbase xmlns:xlink="http://www.w3.org/1999/xlink" xmlns:xsi="http://www.w3.org/2001/XMLSchema-instance" xmlns:link="http://www.xbrl.org/2003/linkbase">
  <link:labelLink xlink:type="extended" xlink:role="http://www.xbrl.org/2003/role/link">
    <link:label xml:lang="en" xlink:type="resource" xlink:label="jpcrp030000-asr_E00406-000_AkutsuSatoshiMember_label" xlink:role="http://www.xbrl.org/2003/role/label">Akutsu, Satoshi</link:label>
    <link:label xml:lang="en" xlink:type="resource" xlink:label="jpcrp030000-asr_E00406-000_AkutsuSatoshiMember_label_1" xlink:role="http://www.xbrl.org/2003/role/verboseLabel">Akutsu, Satoshi [member]</link:label>
    <link:label xml:lang="en" xlink:type="resource" xlink:label="jpcrp030000-asr_E00406-000_AsiaAndOceaniaFoodAndBeveragesReportableSegmentsMember_label" xlink:role="http://www.xbrl.org/2003/role/label">Asia and Oceania, Food and Beverages</link:label>
    <link:label xml:lang="en" xlink:type="resource" xlink:label="jpcrp030000-asr_E00406-000_AsiaAndOceaniaFoodAndBeveragesReportableSegmentsMember_label_1" xlink:role="http://www.xbrl.org/2003/role/verboseLabel">Asia and Oceania, Food and Beverages, Reportable segments [member]</link:label>
    <link:label xml:lang="en" xlink:type="resource" xlink:label="jpcrp030000-asr_E00406-000_ChangeInOwnershipOfTheSubsidiaryOwnedByForeignAffiliatedCompany_label" xlink:role="http://www.xbrl.org/2003/role/label">Change in ownership of the subsidiary owned by foreign affiliated company</link:label>
    <link:label xml:lang="en" xlink:type="resource" xlink:label="jpcrp030000-asr_E00406-000_ChangeInOwnershipOfTheSubsidiaryOwnedByForeignAffiliatedCompany_label_1" xlink:role="http://www.xbrl.org/2003/role/verboseLabel">Change in ownership of the subsidiary owned by foreign affiliated company</link:label>
    <link:label xml:lang="en" xlink:type="resource" xlink:label="jpcrp030000-asr_E00406-000_EuropeFoodAndBeveragesReportableSegmentsMember_label" xlink:role="http://www.xbrl.org/2003/role/label">Europe, Food and Beverages</link:label>
    <link:label xml:lang="en" xlink:type="resource" xlink:label="jpcrp030000-asr_E00406-000_EuropeFoodAndBeveragesReportableSegmentsMember_label_1" xlink:role="http://www.xbrl.org/2003/role/verboseLabel">Europe, Food and Beverages, Reportable segments [member]</link:label>
    <link:label xml:lang="en" xlink:type="resource" xlink:label="jpcrp030000-asr_E00406-000_FukuzawaToshihikoMember_label" xlink:role="http://www.xbrl.org/2003/role/label">Fukuzawa, Toshihiko</link:label>
    <link:label xml:lang="en" xlink:type="resource" xlink:label="jpcrp030000-asr_E00406-000_FukuzawaToshihikoMember_label_1" xlink:role="http://www.xbrl.org/2003/role/verboseLabel">Fukuzawa, Toshihiko [member]</link:label>
    <link:label xml:lang="en" xlink:type="resource" xlink:label="jpcrp030000-asr_E00406-000_HiranoKoichiMember_label" xlink:role="http://www.xbrl.org/2003/role/label">Hirano, Koichi</link:label>
    <link:label xml:lang="en" xlink:type="resource" xlink:label="jpcrp030000-asr_E00406-000_HiranoKoichiMember_label_1" xlink:role="http://www.xbrl.org/2003/role/verboseLabel">Hirano, Koichi [member]</link:label>
    <link:label xml:lang="en" xlink:type="resource" xlink:label="jpcrp030000-asr_E00406-000_HoshikoHideakiMember_label" xlink:role="http://www.xbrl.org/2003/role/label">Hoshiko, Hideaki</link:label>
    <link:label xml:lang="en" xlink:type="resource" xlink:label="jpcrp030000-asr_E00406-000_HoshikoHideakiMember_label_1" xlink:role="http://www.xbrl.org/2003/role/verboseLabel">Hoshiko, Hideaki [member]</link:label>
    <link:label xml:lang="en" xlink:type="resource" xlink:label="jpcrp030000-asr_E00406-000_JapanFoodAndBeveragesReportableSegmentsMember_label" xlink:role="http://www.xbrl.org/2003/role/label">Japan, Food and Beverages</link:label>
    <link:label xml:lang="en" xlink:type="resource" xlink:label="jpcrp030000-asr_E00406-000_JapanFoodAndBeveragesReportableSegmentsMember_label_1" xlink:role="http://www.xbrl.org/2003/role/verboseLabel">Japan, Food and Beverages, Reportable segments [member]</link:label>
    <link:label xml:lang="en" xlink:type="resource" xlink:label="jpcrp030000-asr_E00406-000_KawabataHiroyukiMember_label" xlink:role="http://www.xbrl.org/2003/role/label">Kawabata, Hiroyuki</link:label>
    <link:label xml:lang="en" xlink:type="resource" xlink:label="jpcrp030000-asr_E00406-000_KawabataHiroyukiMember_label_1" xlink:role="http://www.xbrl.org/2003/role/verboseLabel">Kawabata, Hiroyuki [member]</link:label>
    <link:label xml:lang="en" xlink:type="resource" xlink:label="jpcrp030000-asr_E00406-000_KawanaHideyukiMember_label" xlink:role="http://www.xbrl.org/2003/role/label">Kawana, Hideyuki</link:label>
    <link:label xml:lang="en" xlink:type="resource" xlink:label="jpcrp030000-asr_E00406-000_KawanaHideyukiMember_label_1" xlink:role="http://www.xbrl.org/2003/role/verboseLabel">Kawana, Hideyuki [member]</link:label>
    <link:label xml:lang="en" xlink:type="resource" xlink:label="jpcrp030000-asr_E00406-000_KitamuraSatokoMember_label" xlink:role="http://www.xbrl.org/2003/role/label">Kitamura, Satoko</link:label>
    <link:label xml:lang="en" xlink:type="resource" xlink:label="jpcrp030000-asr_E00406-000_KitamuraSatokoMember_label_1" xlink:role="http://www.xbrl.org/2003/role/verboseLabel">Kitamura, Satoko [member]</link:label>
    <link:label xml:lang="en" xlink:type="resource" xlink:label="jpcrp030000-asr_E00406-000_MachidaEmiMember_label" xlink:role="http://www.xbrl.org/2003/role/label">Machida, Emi</link:label>
    <link:label xml:lang="en" xlink:type="resource" xlink:label="jpcrp030000-asr_E00406-000_MachidaEmiMember_label_1" xlink:role="http://www.xbrl.org/2003/role/verboseLabel">Machida, Emi [member]</link:label>
    <link:label xml:lang="en" xlink:type="resource" xlink:label="jpcrp030000-asr_E00406-000_MatthewDigbyMember_label" xlink:role="http://www.xbrl.org/2003/role/label">Matthew Digby</link:label>
    <link:label xml:lang="en" xlink:type="resource" xlink:label="jpcrp030000-asr_E00406-000_MatthewDigbyMember_label_1" xlink:role="http://www.xbrl.org/2003/role/verboseLabel">Matthew Digby [member]</link:label>
    <link:label xml:lang="en" xlink:type="resource" xlink:label="jpcrp030000-asr_E00406-000_NagasawaYumikoMember_label" xlink:role="http://www.xbrl.org/2003/role/label">Nagasawa, Yumiko</link:label>
    <link:label xml:lang="en" xlink:type="resource" xlink:label="jpcrp030000-asr_E00406-000_NagasawaYumikoMember_label_1" xlink:role="http://www.xbrl.org/2003/role/verboseLabel">Nagasawa, Yumiko [member]</link:label>
    <link:label xml:lang="en" xlink:type="resource" xlink:label="jpcrp030000-asr_E00406-000_NagiraMasatoshiMember_label" xlink:role="http://www.xbrl.org/2003/role/label">Nagira, Masatoshi</link:label>
    <link:label xml:lang="en" xlink:type="resource" xlink:label="jpcrp030000-asr_E00406-000_NagiraMasatoshiMember_label_1" xlink:role="http://www.xbrl.org/2003/role/verboseLabel">Nagira, Masatoshi [member]</link:label>
    <link:label xml:lang="en" xlink:type="resource" xlink:label="jpcrp030000-asr_E00406-000_NaitoManabuMember_label" xlink:role="http://www.xbrl.org/2003/role/label">Naito, Manabu</link:label>
    <link:label xml:lang="en" xlink:type="resource" xlink:label="jpcrp030000-asr_E00406-000_NaitoManabuMember_label_1" xlink:role="http://www.xbrl.org/2003/role/verboseLabel">Naito, Manabu [member]</link:label>
    <link:label xml:lang="en" xlink:type="resource" xlink:label="jpcrp030000-asr_E00406-000_NaritaHiroshiMember_label" xlink:role="http://www.xbrl.org/2003/role/label">Narita, Hiroshi</link:label>
    <link:label xml:lang="en" xlink:type="resource" xlink:label="jpcrp030000-asr_E00406-000_NaritaHiroshiMember_label_1" xlink:role="http://www.xbrl.org/2003/role/verboseLabel">Narita, Hiroshi [member]</link:label>
    <link:label xml:lang="en" xlink:type="resource" xlink:label="jpcrp030000-asr_E00406-000_NotesRegardingOtherExtraordinaryIncomesTextBlock_label" xlink:role="http://www.xbrl.org/2003/role/label">Notes regarding other extraordinary incomes</link:label>
    <link:label xml:lang="en" xlink:type="resource" xlink:label="jpcrp030000-asr_E00406-000_NotesRegardingOtherExtraordinaryIncomesTextBlock_label_1" xlink:role="http://www.xbrl.org/2003/role/verboseLabel">Notes regarding other extraordinary incomes [text block]</link:label>
    <link:label xml:lang="en" xlink:type="resource" xlink:label="jpcrp030000-asr_E00406-000_NotesRegardingOtherExtraordinaryLossesTextBlock_label" xlink:role="http://www.xbrl.org/2003/role/label">Notes Regarding Other extraordinary losses</link:label>
    <link:label xml:lang="en" xlink:type="resource" xlink:label="jpcrp030000-asr_E00406-000_NotesRegardingOtherExtraordinaryLossesTextBlock_label_1" xlink:role="http://www.xbrl.org/2003/role/verboseLabel">Notes Regarding Other extraordinary losses [text block]</link:label>
    <link:label xml:lang="en" xlink:type="resource" xlink:label="jpcrp030000-asr_E00406-000_NotesRegardingReversalOfAllowanceForInvestmentLossTextBlock_label" xlink:role="http://www.xbrl.org/2003/role/label">Notes regarding reversal of allowance for investment loss</link:label>
    <link:label xml:lang="en" xlink:type="resource" xlink:label="jpcrp030000-asr_E00406-000_NotesRegardingReversalOfAllowanceForInvestmentLossTextBlock_label_1" xlink:role="http://www.xbrl.org/2003/role/verboseLabel">Notes regarding reversal of allowance for investment loss [text block]</link:label>
    <link:label xml:lang="en" xlink:type="resource" xlink:label="jpcrp030000-asr_E00406-000_OkochiKimikazuMember_label" xlink:role="http://www.xbrl.org/2003/role/label">Okochi, Kimikazu</link:label>
    <link:label xml:lang="en" xlink:type="resource" xlink:label="jpcrp030000-asr_E00406-000_OkochiKimikazuMember_label_1" xlink:role="http://www.xbrl.org/2003/role/verboseLabel">Okochi, Kimikazu [member]</link:label>
    <link:label xml:lang="en" xlink:type="resource" xlink:label="jpcrp030000-asr_E00406-000_OnozukaYoshiakiMember_label" xlink:role="http://www.xbrl.org/2003/role/label">Onozuka, Yoshiaki</link:label>
    <link:label xml:lang="en" xlink:type="resource" xlink:label="jpcrp030000-asr_E00406-000_OnozukaYoshiakiMember_label_1" xlink:role="http://www.xbrl.org/2003/role/verboseLabel">Onozuka, Yoshiaki [member]</link:label>
    <link:label xml:lang="en" xlink:type="resource" xlink:label="jpcrp030000-asr_E00406-000_PayrollsAndBonusSGA_label" xlink:role="http://www.xbrl.org/2003/role/label">Payrolls and Bonus</link:label>
    <link:label xml:lang="en" xlink:type="resource" xlink:label="jpcrp030000-asr_E00406-000_PayrollsAndBonusSGA_label_1" xlink:role="http://www.xbrl.org/2003/role/verboseLabel">Payrolls and Bonus-SGA</link:label>
    <link:label xml:lang="en" xlink:type="resource" xlink:label="jpcrp030000-asr_E00406-000_ProceedsFromShareIssuanceToNonControllingShareholdersCF_label" xlink:role="http://www.xbrl.org/2003/role/label">Proceeds from share issuance to non-controlling shareholders</link:label>
    <link:label xml:lang="en" xlink:type="resource" xlink:label="jpcrp030000-asr_E00406-000_ProceedsFromShareIssuanceToNonControllingShareholdersCF_label_1" xlink:role="http://www.xbrl.org/2003/role/verboseLabel">Proceeds from share issuance to non-controlling shareholders-CF</link:label>
    <link:label xml:lang="en" xlink:type="resource" xlink:label="jpcrp030000-asr_E00406-000_ReferenceToOtherInformation2StrategyEnvironment_label" xlink:role="http://www.xbrl.org/2003/role/label">Reference to other information 2</link:label>
    <link:label xml:lang="en" xlink:type="resource" xlink:label="jpcrp030000-asr_E00406-000_ReferenceToOtherInformation2StrategyEnvironment_label_1" xlink:role="http://www.xbrl.org/2003/role/verboseLabel">Reference to other information 2, Strategy, Environment</link:label>
    <link:label xml:lang="en" xlink:type="resource" xlink:label="jpcrp030000-asr_E00406-000_ReferenceToOtherInformation3StrategyEnvironment_label" xlink:role="http://www.xbrl.org/2003/role/label">Reference to other information 3</link:label>
    <link:label xml:lang="en" xlink:type="resource" xlink:label="jpcrp030000-asr_E00406-000_ReferenceToOtherInformation3StrategyEnvironment_label_1" xlink:role="http://www.xbrl.org/2003/role/verboseLabel">Reference to other information 3, Strategy, Environment</link:label>
    <link:label xml:lang="en" xlink:type="resource" xlink:label="jpcrp030000-asr_E00406-000_ReferenceToOtherInformationStrategyEnvironment_label" xlink:role="http://www.xbrl.org/2003/role/label">Reference to other information</link:label>
    <link:label xml:lang="en" xlink:type="resource" xlink:label="jpcrp030000-asr_E00406-000_ReferenceToOtherInformationStrategyEnvironment_label_1" xlink:role="http://www.xbrl.org/2003/role/verboseLabel">Reference to other information, Strategy, Environment</link:label>
    <link:label xml:lang="en" xlink:type="resource" xlink:label="jpcrp030000-asr_E00406-000_SalesPromotionExpensesSGA_label" xlink:role="http://www.xbrl.org/2003/role/label">Sales promotion expenses</link:label>
    <link:label xml:lang="en" xlink:type="resource" xlink:label="jpcrp030000-asr_E00406-000_SalesPromotionExpensesSGA_label_1" xlink:role="http://www.xbrl.org/2003/role/verboseLabel">Sales promotion expenses-SGA</link:label>
    <link:label xml:lang="en" xlink:type="resource" xlink:label="jpcrp030000-asr_E00406-000_SharesOfAffiliatesIOA_label" xlink:role="http://www.xbrl.org/2003/role/label">Shares of affiliates</link:label>
    <link:label xml:lang="en" xlink:type="resource" xlink:label="jpcrp030000-asr_E00406-000_SharesOfAffiliatesIOA_label_1" xlink:role="http://www.xbrl.org/2003/role/verboseLabel">Shares of affiliates-IOA</link:label>
    <link:label xml:lang="en" xlink:type="resource" xlink:label="jpcrp030000-asr_E00406-000_ShimadaJunichiMember_label" xlink:role="http://www.xbrl.org/2003/role/label">Shimada, Junichi</link:label>
    <link:label xml:lang="en" xlink:type="resource" xlink:label="jpcrp030000-asr_E00406-000_ShimadaJunichiMember_label_1" xlink:role="http://www.xbrl.org/2003/role/verboseLabel">Shimada, Junichi [member]</link:label>
    <link:label xml:lang="en" xlink:type="resource" xlink:label="jpcrp030000-asr_E00406-000_ShinboKatsuyoshiMember_label" xlink:role="http://www.xbrl.org/2003/role/label">Shinbo, Katsuyoshi</link:label>
    <link:label xml:lang="en" xlink:type="resource" xlink:label="jpcrp030000-asr_E00406-000_ShinboKatsuyoshiMember_label_1" xlink:role="http://www.xbrl.org/2003/role/verboseLabel">Shinbo, Katsuyoshi [member]</link:label>
    <link:label xml:lang="en" xlink:type="resource" xlink:label="jpcrp030000-asr_E00406-000_StrategyMetricsAndTargetsEnvironmentTextBlock_label" xlink:role="http://www.xbrl.org/2003/role/label">Strategy, metrics and targets, environment</link:label>
    <link:label xml:lang="en" xlink:type="resource" xlink:label="jpcrp030000-asr_E00406-000_StrategyMetricsAndTargetsEnvironmentTextBlock_label_1" xlink:role="http://www.xbrl.org/2003/role/verboseLabel">Strategy, metrics and targets, environment [text block]</link:label>
    <link:label xml:lang="en" xlink:type="resource" xlink:label="jpcrp030000-asr_E00406-000_StrategyMetricsAndTargetsHumanCapitalTextBlock_label" xlink:role="http://www.xbrl.org/2003/role/label">Strategy, metrics and targets, human capital</link:label>
    <link:label xml:lang="en" xlink:type="resource" xlink:label="jpcrp030000-asr_E00406-000_StrategyMetricsAndTargetsHumanCapitalTextBlock_label_1" xlink:role="http://www.xbrl.org/2003/role/verboseLabel">Strategy, metrics and targets, human capital [text block]</link:label>
    <link:label xml:lang="en" xlink:type="resource" xlink:label="jpcrp030000-asr_E00406-000_SuzukiYasuyukiMember_label" xlink:role="http://www.xbrl.org/2003/role/label">Suzuki, Yasuyuki</link:label>
    <link:label xml:lang="en" xlink:type="resource" xlink:label="jpcrp030000-asr_E00406-000_SuzukiYasuyukiMember_label_1" xlink:role="http://www.xbrl.org/2003/role/verboseLabel">Suzuki, Yasuyuki [member]</link:label>
    <link:label xml:lang="en" xlink:type="resource" xlink:label="jpcrp030000-asr_E00406-000_TheAmericasFoodAndBeveragesReportableSegmentsMember_label" xlink:role="http://www.xbrl.org/2003/role/label">The Americas, Food and Beverages</link:label>
    <link:label xml:lang="en" xlink:type="resource" xlink:label="jpcrp030000-asr_E00406-000_TheAmericasFoodAndBeveragesReportableSegmentsMember_label_1" xlink:role="http://www.xbrl.org/2003/role/verboseLabel">The Americas, Food and Beverages, Reportable segments [member]</link:label>
    <link:label xml:lang="en" xlink:type="resource" xlink:label="jpcrp030000-asr_E00406-000_TobeNaokoMember_label" xlink:role="http://www.xbrl.org/2003/role/label">Tobe, Naoko</link:label>
    <link:label xml:lang="en" xlink:type="resource" xlink:label="jpcrp030000-asr_E00406-000_TobeNaokoMember_label_1" xlink:role="http://www.xbrl.org/2003/role/verboseLabel">Tobe, Naoko [member]</link:label>
    <link:label xml:lang="en" xlink:type="resource" xlink:label="jpcrp030000-asr_E00406-000_WatanabeShuichiMember_label" xlink:role="http://www.xbrl.org/2003/role/label">Watanabe, Shuichi</link:label>
    <link:label xml:lang="en" xlink:type="resource" xlink:label="jpcrp030000-asr_E00406-000_WatanabeShuichiMember_label_1" xlink:role="http://www.xbrl.org/2003/role/verboseLabel">Watanabe, Shuichi [member]</link:label>
    <link:loc xlink:type="locator" xlink:href="jpcrp030000-asr-001_E00406-000_2024-03-31_01_2024-06-20.xsd#jpcrp030000-asr_E00406-000_AkutsuSatoshiMember" xlink:label="jpcrp030000-asr_E00406-000_AkutsuSatoshiMember" />
    <link:loc xlink:type="locator" xlink:href="jpcrp030000-asr-001_E00406-000_2024-03-31_01_2024-06-20.xsd#jpcrp030000-asr_E00406-000_AsiaAndOceaniaFoodAndBeveragesReportableSegmentsMember" xlink:label="jpcrp030000-asr_E00406-000_AsiaAndOceaniaFoodAndBeveragesReportableSegmentsMember" />
    <link:loc xlink:type="locator" xlink:href="jpcrp030000-asr-001_E00406-000_2024-03-31_01_2024-06-20.xsd#jpcrp030000-asr_E00406-000_ChangeInOwnershipOfTheSubsidiaryOwnedByForeignAffiliatedCompany" xlink:label="jpcrp030000-asr_E00406-000_ChangeInOwnershipOfTheSubsidiaryOwnedByForeignAffiliatedCompany" />
    <link:loc xlink:type="locator" xlink:href="jpcrp030000-asr-001_E00406-000_2024-03-31_01_2024-06-20.xsd#jpcrp030000-asr_E00406-000_EuropeFoodAndBeveragesReportableSegmentsMember" xlink:label="jpcrp030000-asr_E00406-000_EuropeFoodAndBeveragesReportableSegmentsMember" />
    <link:loc xlink:type="locator" xlink:href="jpcrp030000-asr-001_E00406-000_2024-03-31_01_2024-06-20.xsd#jpcrp030000-asr_E00406-000_FukuzawaToshihikoMember" xlink:label="jpcrp030000-asr_E00406-000_FukuzawaToshihikoMember" />
    <link:loc xlink:type="locator" xlink:href="jpcrp030000-asr-001_E00406-000_2024-03-31_01_2024-06-20.xsd#jpcrp030000-asr_E00406-000_HiranoKoichiMember" xlink:label="jpcrp030000-asr_E00406-000_HiranoKoichiMember" />
    <link:loc xlink:type="locator" xlink:href="jpcrp030000-asr-001_E00406-000_2024-03-31_01_2024-06-20.xsd#jpcrp030000-asr_E00406-000_HoshikoHideakiMember" xlink:label="jpcrp030000-asr_E00406-000_HoshikoHideakiMember" />
    <link:loc xlink:type="locator" xlink:href="jpcrp030000-asr-001_E00406-000_2024-03-31_01_2024-06-20.xsd#jpcrp030000-asr_E00406-000_JapanFoodAndBeveragesReportableSegmentsMember" xlink:label="jpcrp030000-asr_E00406-000_JapanFoodAndBeveragesReportableSegmentsMember" />
    <link:loc xlink:type="locator" xlink:href="jpcrp030000-asr-001_E00406-000_2024-03-31_01_2024-06-20.xsd#jpcrp030000-asr_E00406-000_KawabataHiroyukiMember" xlink:label="jpcrp030000-asr_E00406-000_KawabataHiroyukiMember" />
    <link:loc xlink:type="locator" xlink:href="jpcrp030000-asr-001_E00406-000_2024-03-31_01_2024-06-20.xsd#jpcrp030000-asr_E00406-000_KawanaHideyukiMember" xlink:label="jpcrp030000-asr_E00406-000_KawanaHideyukiMember" />
    <link:loc xlink:type="locator" xlink:href="jpcrp030000-asr-001_E00406-000_2024-03-31_01_2024-06-20.xsd#jpcrp030000-asr_E00406-000_KitamuraSatokoMember" xlink:label="jpcrp030000-asr_E00406-000_KitamuraSatokoMember" />
    <link:loc xlink:type="locator" xlink:href="jpcrp030000-asr-001_E00406-000_2024-03-31_01_2024-06-20.xsd#jpcrp030000-asr_E00406-000_MachidaEmiMember" xlink:label="jpcrp030000-asr_E00406-000_MachidaEmiMember" />
    <link:loc xlink:type="locator" xlink:href="jpcrp030000-asr-001_E00406-000_2024-03-31_01_2024-06-20.xsd#jpcrp030000-asr_E00406-000_MatthewDigbyMember" xlink:label="jpcrp030000-asr_E00406-000_MatthewDigbyMember" />
    <link:loc xlink:type="locator" xlink:href="jpcrp030000-asr-001_E00406-000_2024-03-31_01_2024-06-20.xsd#jpcrp030000-asr_E00406-000_NagasawaYumikoMember" xlink:label="jpcrp030000-asr_E00406-000_NagasawaYumikoMember" />
    <link:loc xlink:type="locator" xlink:href="jpcrp030000-asr-001_E00406-000_2024-03-31_01_2024-06-20.xsd#jpcrp030000-asr_E00406-000_NagiraMasatoshiMember" xlink:label="jpcrp030000-asr_E00406-000_NagiraMasatoshiMember" />
    <link:loc xlink:type="locator" xlink:href="jpcrp030000-asr-001_E00406-000_2024-03-31_01_2024-06-20.xsd#jpcrp030000-asr_E00406-000_NaitoManabuMember" xlink:label="jpcrp030000-asr_E00406-000_NaitoManabuMember" />
    <link:loc xlink:type="locator" xlink:href="jpcrp030000-asr-001_E00406-000_2024-03-31_01_2024-06-20.xsd#jpcrp030000-asr_E00406-000_NaritaHiroshiMember" xlink:label="jpcrp030000-asr_E00406-000_NaritaHiroshiMember" />
    <link:loc xlink:type="locator" xlink:href="jpcrp030000-asr-001_E00406-000_2024-03-31_01_2024-06-20.xsd#jpcrp030000-asr_E00406-000_NotesRegardingOtherExtraordinaryIncomesTextBlock" xlink:label="jpcrp030000-asr_E00406-000_NotesRegardingOtherExtraordinaryIncomesTextBlock" />
    <link:loc xlink:type="locator" xlink:href="jpcrp030000-asr-001_E00406-000_2024-03-31_01_2024-06-20.xsd#jpcrp030000-asr_E00406-000_NotesRegardingOtherExtraordinaryLossesTextBlock" xlink:label="jpcrp030000-asr_E00406-000_NotesRegardingOtherExtraordinaryLossesTextBlock" />
    <link:loc xlink:type="locator" xlink:href="jpcrp030000-asr-001_E00406-000_2024-03-31_01_2024-06-20.xsd#jpcrp030000-asr_E00406-000_NotesRegardingReversalOfAllowanceForInvestmentLossTextBlock" xlink:label="jpcrp030000-asr_E00406-000_NotesRegardingReversalOfAllowanceForInvestmentLossTextBlock" />
    <link:loc xlink:type="locator" xlink:href="jpcrp030000-asr-001_E00406-000_2024-03-31_01_2024-06-20.xsd#jpcrp030000-asr_E00406-000_OkochiKimikazuMember" xlink:label="jpcrp030000-asr_E00406-000_OkochiKimikazuMember" />
    <link:loc xlink:type="locator" xlink:href="jpcrp030000-asr-001_E00406-000_2024-03-31_01_2024-06-20.xsd#jpcrp030000-asr_E00406-000_OnozukaYoshiakiMember" xlink:label="jpcrp030000-asr_E00406-000_OnozukaYoshiakiMember" />
    <link:loc xlink:type="locator" xlink:href="jpcrp030000-asr-001_E00406-000_2024-03-31_01_2024-06-20.xsd#jpcrp030000-asr_E00406-000_PayrollsAndBonusSGA" xlink:label="jpcrp030000-asr_E00406-000_PayrollsAndBonusSGA" />
    <link:loc xlink:type="locator" xlink:href="jpcrp030000-asr-001_E00406-000_2024-03-31_01_2024-06-20.xsd#jpcrp030000-asr_E00406-000_ProceedsFromShareIssuanceToNonControllingShareholdersCF" xlink:label="jpcrp030000-asr_E00406-000_ProceedsFromShareIssuanceToNonControllingShareholdersCF" />
    <link:loc xlink:type="locator" xlink:href="jpcrp030000-asr-001_E00406-000_2024-03-31_01_2024-06-20.xsd#jpcrp030000-asr_E00406-000_ReferenceToOtherInformation2StrategyEnvironment" xlink:label="jpcrp030000-asr_E00406-000_ReferenceToOtherInformation2StrategyEnvironment" />
    <link:loc xlink:type="locator" xlink:href="jpcrp030000-asr-001_E00406-000_2024-03-31_01_2024-06-20.xsd#jpcrp030000-asr_E00406-000_ReferenceToOtherInformation3StrategyEnvironment" xlink:label="jpcrp030000-asr_E00406-000_ReferenceToOtherInformation3StrategyEnvironment" />
    <link:loc xlink:type="locator" xlink:href="jpcrp030000-asr-001_E00406-000_2024-03-31_01_2024-06-20.xsd#jpcrp030000-asr_E00406-000_ReferenceToOtherInformationStrategyEnvironment" xlink:label="jpcrp030000-asr_E00406-000_ReferenceToOtherInformationStrategyEnvironment" />
    <link:loc xlink:type="locator" xlink:href="jpcrp030000-asr-001_E00406-000_2024-03-31_01_2024-06-20.xsd#jpcrp030000-asr_E00406-000_SalesPromotionExpensesSGA" xlink:label="jpcrp030000-asr_E00406-000_SalesPromotionExpensesSGA" />
    <link:loc xlink:type="locator" xlink:href="jpcrp030000-asr-001_E00406-000_2024-03-31_01_2024-06-20.xsd#jpcrp030000-asr_E00406-000_SharesOfAffiliatesIOA" xlink:label="jpcrp030000-asr_E00406-000_SharesOfAffiliatesIOA" />
    <link:loc xlink:type="locator" xlink:href="jpcrp030000-asr-001_E00406-000_2024-03-31_01_2024-06-20.xsd#jpcrp030000-asr_E00406-000_ShimadaJunichiMember" xlink:label="jpcrp030000-asr_E00406-000_ShimadaJunichiMember" />
    <link:loc xlink:type="locator" xlink:href="jpcrp030000-asr-001_E00406-000_2024-03-31_01_2024-06-20.xsd#jpcrp030000-asr_E00406-000_ShinboKatsuyoshiMember" xlink:label="jpcrp030000-asr_E00406-000_ShinboKatsuyoshiMember" />
    <link:loc xlink:type="locator" xlink:href="jpcrp030000-asr-001_E00406-000_2024-03-31_01_2024-06-20.xsd#jpcrp030000-asr_E00406-000_StrategyMetricsAndTargetsEnvironmentTextBlock" xlink:label="jpcrp030000-asr_E00406-000_StrategyMetricsAndTargetsEnvironmentTextBlock" />
    <link:loc xlink:type="locator" xlink:href="jpcrp030000-asr-001_E00406-000_2024-03-31_01_2024-06-20.xsd#jpcrp030000-asr_E00406-000_StrategyMetricsAndTargetsHumanCapitalTextBlock" xlink:label="jpcrp030000-asr_E00406-000_StrategyMetricsAndTargetsHumanCapitalTextBlock" />
    <link:loc xlink:type="locator" xlink:href="jpcrp030000-asr-001_E00406-000_2024-03-31_01_2024-06-20.xsd#jpcrp030000-asr_E00406-000_SuzukiYasuyukiMember" xlink:label="jpcrp030000-asr_E00406-000_SuzukiYasuyukiMember" />
    <link:loc xlink:type="locator" xlink:href="jpcrp030000-asr-001_E00406-000_2024-03-31_01_2024-06-20.xsd#jpcrp030000-asr_E00406-000_TheAmericasFoodAndBeveragesReportableSegmentsMember" xlink:label="jpcrp030000-asr_E00406-000_TheAmericasFoodAndBeveragesReportableSegmentsMember" />
    <link:loc xlink:type="locator" xlink:href="jpcrp030000-asr-001_E00406-000_2024-03-31_01_2024-06-20.xsd#jpcrp030000-asr_E00406-000_TobeNaokoMember" xlink:label="jpcrp030000-asr_E00406-000_TobeNaokoMember" />
    <link:loc xlink:type="locator" xlink:href="jpcrp030000-asr-001_E00406-000_2024-03-31_01_2024-06-20.xsd#jpcrp030000-asr_E00406-000_WatanabeShuichiMember" xlink:label="jpcrp030000-asr_E00406-000_WatanabeShuichiMember" />
    <link:labelArc xlink:type="arc" xlink:from="jpcrp030000-asr_E00406-000_AkutsuSatoshiMember" xlink:to="jpcrp030000-asr_E00406-000_AkutsuSatoshiMember_label" xlink:arcrole="http://www.xbrl.org/2003/arcrole/concept-label" order="1" />
    <link:labelArc xlink:type="arc" xlink:from="jpcrp030000-asr_E00406-000_AkutsuSatoshiMember" xlink:to="jpcrp030000-asr_E00406-000_AkutsuSatoshiMember_label_1" xlink:arcrole="http://www.xbrl.org/2003/arcrole/concept-label" order="1" />
    <link:labelArc xlink:type="arc" xlink:from="jpcrp030000-asr_E00406-000_AsiaAndOceaniaFoodAndBeveragesReportableSegmentsMember" xlink:to="jpcrp030000-asr_E00406-000_AsiaAndOceaniaFoodAndBeveragesReportableSegmentsMember_label" xlink:arcrole="http://www.xbrl.org/2003/arcrole/concept-label" order="1" />
    <link:labelArc xlink:type="arc" xlink:from="jpcrp030000-asr_E00406-000_AsiaAndOceaniaFoodAndBeveragesReportableSegmentsMember" xlink:to="jpcrp030000-asr_E00406-000_AsiaAndOceaniaFoodAndBeveragesReportableSegmentsMember_label_1" xlink:arcrole="http://www.xbrl.org/2003/arcrole/concept-label" order="1" />
    <link:labelArc xlink:type="arc" xlink:from="jpcrp030000-asr_E00406-000_ChangeInOwnershipOfTheSubsidiaryOwnedByForeignAffiliatedCompany" xlink:to="jpcrp030000-asr_E00406-000_ChangeInOwnershipOfTheSubsidiaryOwnedByForeignAffiliatedCompany_label" xlink:arcrole="http://www.xbrl.org/2003/arcrole/concept-label" order="1" />
    <link:labelArc xlink:type="arc" xlink:from="jpcrp030000-asr_E00406-000_ChangeInOwnershipOfTheSubsidiaryOwnedByForeignAffiliatedCompany" xlink:to="jpcrp030000-asr_E00406-000_ChangeInOwnershipOfTheSubsidiaryOwnedByForeignAffiliatedCompany_label_1" xlink:arcrole="http://www.xbrl.org/2003/arcrole/concept-label" order="1" />
    <link:labelArc xlink:type="arc" xlink:from="jpcrp030000-asr_E00406-000_EuropeFoodAndBeveragesReportableSegmentsMember" xlink:to="jpcrp030000-asr_E00406-000_EuropeFoodAndBeveragesReportableSegmentsMember_label" xlink:arcrole="http://www.xbrl.org/2003/arcrole/concept-label" order="1" />
    <link:labelArc xlink:type="arc" xlink:from="jpcrp030000-asr_E00406-000_EuropeFoodAndBeveragesReportableSegmentsMember" xlink:to="jpcrp030000-asr_E00406-000_EuropeFoodAndBeveragesReportableSegmentsMember_label_1" xlink:arcrole="http://www.xbrl.org/2003/arcrole/concept-label" order="1" />
    <link:labelArc xlink:type="arc" xlink:from="jpcrp030000-asr_E00406-000_FukuzawaToshihikoMember" xlink:to="jpcrp030000-asr_E00406-000_FukuzawaToshihikoMember_label_1" xlink:arcrole="http://www.xbrl.org/2003/arcrole/concept-label" order="1" />
    <link:labelArc xlink:type="arc" xlink:from="jpcrp030000-asr_E00406-000_FukuzawaToshihikoMember" xlink:to="jpcrp030000-asr_E00406-000_FukuzawaToshihikoMember_label" xlink:arcrole="http://www.xbrl.org/2003/arcrole/concept-label" order="1" />
    <link:labelArc xlink:type="arc" xlink:from="jpcrp030000-asr_E00406-000_HiranoKoichiMember" xlink:to="jpcrp030000-asr_E00406-000_HiranoKoichiMember_label" xlink:arcrole="http://www.xbrl.org/2003/arcrole/concept-label" order="1" />
    <link:labelArc xlink:type="arc" xlink:from="jpcrp030000-asr_E00406-000_HiranoKoichiMember" xlink:to="jpcrp030000-asr_E00406-000_HiranoKoichiMember_label_1" xlink:arcrole="http://www.xbrl.org/2003/arcrole/concept-label" order="1" />
    <link:labelArc xlink:type="arc" xlink:from="jpcrp030000-asr_E00406-000_HoshikoHideakiMember" xlink:to="jpcrp030000-asr_E00406-000_HoshikoHideakiMember_label" xlink:arcrole="http://www.xbrl.org/2003/arcrole/concept-label" order="1" />
    <link:labelArc xlink:type="arc" xlink:from="jpcrp030000-asr_E00406-000_HoshikoHideakiMember" xlink:to="jpcrp030000-asr_E00406-000_HoshikoHideakiMember_label_1" xlink:arcrole="http://www.xbrl.org/2003/arcrole/concept-label" order="1" />
    <link:labelArc xlink:type="arc" xlink:from="jpcrp030000-asr_E00406-000_JapanFoodAndBeveragesReportableSegmentsMember" xlink:to="jpcrp030000-asr_E00406-000_JapanFoodAndBeveragesReportableSegmentsMember_label" xlink:arcrole="http://www.xbrl.org/2003/arcrole/concept-label" order="1" />
    <link:labelArc xlink:type="arc" xlink:from="jpcrp030000-asr_E00406-000_JapanFoodAndBeveragesReportableSegmentsMember" xlink:to="jpcrp030000-asr_E00406-000_JapanFoodAndBeveragesReportableSegmentsMember_label_1" xlink:arcrole="http://www.xbrl.org/2003/arcrole/concept-label" order="1" />
    <link:labelArc xlink:type="arc" xlink:from="jpcrp030000-asr_E00406-000_KawabataHiroyukiMember" xlink:to="jpcrp030000-asr_E00406-000_KawabataHiroyukiMember_label_1" xlink:arcrole="http://www.xbrl.org/2003/arcrole/concept-label" order="1" />
    <link:labelArc xlink:type="arc" xlink:from="jpcrp030000-asr_E00406-000_KawabataHiroyukiMember" xlink:to="jpcrp030000-asr_E00406-000_KawabataHiroyukiMember_label" xlink:arcrole="http://www.xbrl.org/2003/arcrole/concept-label" order="1" />
    <link:labelArc xlink:type="arc" xlink:from="jpcrp030000-asr_E00406-000_KawanaHideyukiMember" xlink:to="jpcrp030000-asr_E00406-000_KawanaHideyukiMember_label_1" xlink:arcrole="http://www.xbrl.org/2003/arcrole/concept-label" order="1" />
    <link:labelArc xlink:type="arc" xlink:from="jpcrp030000-asr_E00406-000_KawanaHideyukiMember" xlink:to="jpcrp030000-asr_E00406-000_KawanaHideyukiMember_label" xlink:arcrole="http://www.xbrl.org/2003/arcrole/concept-label" order="1" />
    <link:labelArc xlink:type="arc" xlink:from="jpcrp030000-asr_E00406-000_KitamuraSatokoMember" xlink:to="jpcrp030000-asr_E00406-000_KitamuraSatokoMember_label" xlink:arcrole="http://www.xbrl.org/2003/arcrole/concept-label" order="1" />
    <link:labelArc xlink:type="arc" xlink:from="jpcrp030000-asr_E00406-000_KitamuraSatokoMember" xlink:to="jpcrp030000-asr_E00406-000_KitamuraSatokoMember_label_1" xlink:arcrole="http://www.xbrl.org/2003/arcrole/concept-label" order="1" />
    <link:labelArc xlink:type="arc" xlink:from="jpcrp030000-asr_E00406-000_MachidaEmiMember" xlink:to="jpcrp030000-asr_E00406-000_MachidaEmiMember_label" xlink:arcrole="http://www.xbrl.org/2003/arcrole/concept-label" order="1" />
    <link:labelArc xlink:type="arc" xlink:from="jpcrp030000-asr_E00406-000_MachidaEmiMember" xlink:to="jpcrp030000-asr_E00406-000_MachidaEmiMember_label_1" xlink:arcrole="http://www.xbrl.org/2003/arcrole/concept-label" order="1" />
    <link:labelArc xlink:type="arc" xlink:from="jpcrp030000-asr_E00406-000_MatthewDigbyMember" xlink:to="jpcrp030000-asr_E00406-000_MatthewDigbyMember_label" xlink:arcrole="http://www.xbrl.org/2003/arcrole/concept-label" order="1" />
    <link:labelArc xlink:type="arc" xlink:from="jpcrp030000-asr_E00406-000_MatthewDigbyMember" xlink:to="jpcrp030000-asr_E00406-000_MatthewDigbyMember_label_1" xlink:arcrole="http://www.xbrl.org/2003/arcrole/concept-label" order="1" />
    <link:labelArc xlink:type="arc" xlink:from="jpcrp030000-asr_E00406-000_NagasawaYumikoMember" xlink:to="jpcrp030000-asr_E00406-000_NagasawaYumikoMember_label" xlink:arcrole="http://www.xbrl.org/2003/arcrole/concept-label" order="1" />
    <link:labelArc xlink:type="arc" xlink:from="jpcrp030000-asr_E00406-000_NagasawaYumikoMember" xlink:to="jpcrp030000-asr_E00406-000_NagasawaYumikoMember_label_1" xlink:arcrole="http://www.xbrl.org/2003/arcrole/concept-label" order="1" />
    <link:labelArc xlink:type="arc" xlink:from="jpcrp030000-asr_E00406-000_NagiraMasatoshiMember" xlink:to="jpcrp030000-asr_E00406-000_NagiraMasatoshiMember_label_1" xlink:arcrole="http://www.xbrl.org/2003/arcrole/concept-label" order="1" />
    <link:labelArc xlink:type="arc" xlink:from="jpcrp030000-asr_E00406-000_NagiraMasatoshiMember" xlink:to="jpcrp030000-asr_E00406-000_NagiraMasatoshiMember_label" xlink:arcrole="http://www.xbrl.org/2003/arcrole/concept-label" order="1" />
    <link:labelArc xlink:type="arc" xlink:from="jpcrp030000-asr_E00406-000_NaitoManabuMember" xlink:to="jpcrp030000-asr_E00406-000_NaitoManabuMember_label" xlink:arcrole="http://www.xbrl.org/2003/arcrole/concept-label" order="1" />
    <link:labelArc xlink:type="arc" xlink:from="jpcrp030000-asr_E00406-000_NaitoManabuMember" xlink:to="jpcrp030000-asr_E00406-000_NaitoManabuMember_label_1" xlink:arcrole="http://www.xbrl.org/2003/arcrole/concept-label" order="1" />
    <link:labelArc xlink:type="arc" xlink:from="jpcrp030000-asr_E00406-000_NaritaHiroshiMember" xlink:to="jpcrp030000-asr_E00406-000_NaritaHiroshiMember_label" xlink:arcrole="http://www.xbrl.org/2003/arcrole/concept-label" order="1" />
    <link:labelArc xlink:type="arc" xlink:from="jpcrp030000-asr_E00406-000_NaritaHiroshiMember" xlink:to="jpcrp030000-asr_E00406-000_NaritaHiroshiMember_label_1" xlink:arcrole="http://www.xbrl.org/2003/arcrole/concept-label" order="1" />
    <link:labelArc xlink:type="arc" xlink:from="jpcrp030000-asr_E00406-000_NotesRegardingOtherExtraordinaryIncomesTextBlock" xlink:to="jpcrp030000-asr_E00406-000_NotesRegardingOtherExtraordinaryIncomesTextBlock_label" xlink:arcrole="http://www.xbrl.org/2003/arcrole/concept-label" order="1" />
    <link:labelArc xlink:type="arc" xlink:from="jpcrp030000-asr_E00406-000_NotesRegardingOtherExtraordinaryIncomesTextBlock" xlink:to="jpcrp030000-asr_E00406-000_NotesRegardingOtherExtraordinaryIncomesTextBlock_label_1" xlink:arcrole="http://www.xbrl.org/2003/arcrole/concept-label" order="1" />
    <link:labelArc xlink:type="arc" xlink:from="jpcrp030000-asr_E00406-000_NotesRegardingOtherExtraordinaryLossesTextBlock" xlink:to="jpcrp030000-asr_E00406-000_NotesRegardingOtherExtraordinaryLossesTextBlock_label_1" xlink:arcrole="http://www.xbrl.org/2003/arcrole/concept-label" order="1" />
    <link:labelArc xlink:type="arc" xlink:from="jpcrp030000-asr_E00406-000_NotesRegardingOtherExtraordinaryLossesTextBlock" xlink:to="jpcrp030000-asr_E00406-000_NotesRegardingOtherExtraordinaryLossesTextBlock_label" xlink:arcrole="http://www.xbrl.org/2003/arcrole/concept-label" order="1" />
    <link:labelArc xlink:type="arc" xlink:from="jpcrp030000-asr_E00406-000_NotesRegardingReversalOfAllowanceForInvestmentLossTextBlock" xlink:to="jpcrp030000-asr_E00406-000_NotesRegardingReversalOfAllowanceForInvestmentLossTextBlock_label" xlink:arcrole="http://www.xbrl.org/2003/arcrole/concept-label" order="1" />
    <link:labelArc xlink:type="arc" xlink:from="jpcrp030000-asr_E00406-000_NotesRegardingReversalOfAllowanceForInvestmentLossTextBlock" xlink:to="jpcrp030000-asr_E00406-000_NotesRegardingReversalOfAllowanceForInvestmentLossTextBlock_label_1" xlink:arcrole="http://www.xbrl.org/2003/arcrole/concept-label" order="1" />
    <link:labelArc xlink:type="arc" xlink:from="jpcrp030000-asr_E00406-000_OkochiKimikazuMember" xlink:to="jpcrp030000-asr_E00406-000_OkochiKimikazuMember_label" xlink:arcrole="http://www.xbrl.org/2003/arcrole/concept-label" order="1" />
    <link:labelArc xlink:type="arc" xlink:from="jpcrp030000-asr_E00406-000_OkochiKimikazuMember" xlink:to="jpcrp030000-asr_E00406-000_OkochiKimikazuMember_label_1" xlink:arcrole="http://www.xbrl.org/2003/arcrole/concept-label" order="1" />
    <link:labelArc xlink:type="arc" xlink:from="jpcrp030000-asr_E00406-000_OnozukaYoshiakiMember" xlink:to="jpcrp030000-asr_E00406-000_OnozukaYoshiakiMember_label" xlink:arcrole="http://www.xbrl.org/2003/arcrole/concept-label" order="1" />
    <link:labelArc xlink:type="arc" xlink:from="jpcrp030000-asr_E00406-000_OnozukaYoshiakiMember" xlink:to="jpcrp030000-asr_E00406-000_OnozukaYoshiakiMember_label_1" xlink:arcrole="http://www.xbrl.org/2003/arcrole/concept-label" order="1" />
    <link:labelArc xlink:type="arc" xlink:from="jpcrp030000-asr_E00406-000_PayrollsAndBonusSGA" xlink:to="jpcrp030000-asr_E00406-000_PayrollsAndBonusSGA_label" xlink:arcrole="http://www.xbrl.org/2003/arcrole/concept-label" order="1" />
    <link:labelArc xlink:type="arc" xlink:from="jpcrp030000-asr_E00406-000_PayrollsAndBonusSGA" xlink:to="jpcrp030000-asr_E00406-000_PayrollsAndBonusSGA_label_1" xlink:arcrole="http://www.xbrl.org/2003/arcrole/concept-label" order="1" />
    <link:labelArc xlink:type="arc" xlink:from="jpcrp030000-asr_E00406-000_ProceedsFromShareIssuanceToNonControllingShareholdersCF" xlink:to="jpcrp030000-asr_E00406-000_ProceedsFromShareIssuanceToNonControllingShareholdersCF_label" xlink:arcrole="http://www.xbrl.org/2003/arcrole/concept-label" order="1" />
    <link:labelArc xlink:type="arc" xlink:from="jpcrp030000-asr_E00406-000_ProceedsFromShareIssuanceToNonControllingShareholdersCF" xlink:to="jpcrp030000-asr_E00406-000_ProceedsFromShareIssuanceToNonControllingShareholdersCF_label_1" xlink:arcrole="http://www.xbrl.org/2003/arcrole/concept-label" order="1" />
    <link:labelArc xlink:type="arc" xlink:from="jpcrp030000-asr_E00406-000_ReferenceToOtherInformation2StrategyEnvironment" xlink:to="jpcrp030000-asr_E00406-000_ReferenceToOtherInformation2StrategyEnvironment_label" xlink:arcrole="http://www.xbrl.org/2003/arcrole/concept-label" order="1" />
    <link:labelArc xlink:type="arc" xlink:from="jpcrp030000-asr_E00406-000_ReferenceToOtherInformation2StrategyEnvironment" xlink:to="jpcrp030000-asr_E00406-000_ReferenceToOtherInformation2StrategyEnvironment_label_1" xlink:arcrole="http://www.xbrl.org/2003/arcrole/concept-label" order="1" />
    <link:labelArc xlink:type="arc" xlink:from="jpcrp030000-asr_E00406-000_ReferenceToOtherInformation3StrategyEnvironment" xlink:to="jpcrp030000-asr_E00406-000_ReferenceToOtherInformation3StrategyEnvironment_label" xlink:arcrole="http://www.xbrl.org/2003/arcrole/concept-label" order="1" />
    <link:labelArc xlink:type="arc" xlink:from="jpcrp030000-asr_E00406-000_ReferenceToOtherInformation3StrategyEnvironment" xlink:to="jpcrp030000-asr_E00406-000_ReferenceToOtherInformation3StrategyEnvironment_label_1" xlink:arcrole="http://www.xbrl.org/2003/arcrole/concept-label" order="1" />
    <link:labelArc xlink:type="arc" xlink:from="jpcrp030000-asr_E00406-000_ReferenceToOtherInformationStrategyEnvironment" xlink:to="jpcrp030000-asr_E00406-000_ReferenceToOtherInformationStrategyEnvironment_label" xlink:arcrole="http://www.xbrl.org/2003/arcrole/concept-label" order="1" />
    <link:labelArc xlink:type="arc" xlink:from="jpcrp030000-asr_E00406-000_ReferenceToOtherInformationStrategyEnvironment" xlink:to="jpcrp030000-asr_E00406-000_ReferenceToOtherInformationStrategyEnvironment_label_1" xlink:arcrole="http://www.xbrl.org/2003/arcrole/concept-label" order="1" />
    <link:labelArc xlink:type="arc" xlink:from="jpcrp030000-asr_E00406-000_SalesPromotionExpensesSGA" xlink:to="jpcrp030000-asr_E00406-000_SalesPromotionExpensesSGA_label_1" xlink:arcrole="http://www.xbrl.org/2003/arcrole/concept-label" order="1" />
    <link:labelArc xlink:type="arc" xlink:from="jpcrp030000-asr_E00406-000_SalesPromotionExpensesSGA" xlink:to="jpcrp030000-asr_E00406-000_SalesPromotionExpensesSGA_label" xlink:arcrole="http://www.xbrl.org/2003/arcrole/concept-label" order="1" />
    <link:labelArc xlink:type="arc" xlink:from="jpcrp030000-asr_E00406-000_SharesOfAffiliatesIOA" xlink:to="jpcrp030000-asr_E00406-000_SharesOfAffiliatesIOA_label" xlink:arcrole="http://www.xbrl.org/2003/arcrole/concept-label" order="1" />
    <link:labelArc xlink:type="arc" xlink:from="jpcrp030000-asr_E00406-000_SharesOfAffiliatesIOA" xlink:to="jpcrp030000-asr_E00406-000_SharesOfAffiliatesIOA_label_1" xlink:arcrole="http://www.xbrl.org/2003/arcrole/concept-label" order="1" />
    <link:labelArc xlink:type="arc" xlink:from="jpcrp030000-asr_E00406-000_ShimadaJunichiMember" xlink:to="jpcrp030000-asr_E00406-000_ShimadaJunichiMember_label" xlink:arcrole="http://www.xbrl.org/2003/arcrole/concept-label" order="1" />
    <link:labelArc xlink:type="arc" xlink:from="jpcrp030000-asr_E00406-000_ShimadaJunichiMember" xlink:to="jpcrp030000-asr_E00406-000_ShimadaJunichiMember_label_1" xlink:arcrole="http://www.xbrl.org/2003/arcrole/concept-label" order="1" />
    <link:labelArc xlink:type="arc" xlink:from="jpcrp030000-asr_E00406-000_ShinboKatsuyoshiMember" xlink:to="jpcrp030000-asr_E00406-000_ShinboKatsuyoshiMember_label" xlink:arcrole="http://www.xbrl.org/2003/arcrole/concept-label" order="1" />
    <link:labelArc xlink:type="arc" xlink:from="jpcrp030000-asr_E00406-000_ShinboKatsuyoshiMember" xlink:to="jpcrp030000-asr_E00406-000_ShinboKatsuyoshiMember_label_1" xlink:arcrole="http://www.xbrl.org/2003/arcrole/concept-label" order="1" />
    <link:labelArc xlink:type="arc" xlink:from="jpcrp030000-asr_E00406-000_StrategyMetricsAndTargetsEnvironmentTextBlock" xlink:to="jpcrp030000-asr_E00406-000_StrategyMetricsAndTargetsEnvironmentTextBlock_label_1" xlink:arcrole="http://www.xbrl.org/2003/arcrole/concept-label" order="1" />
    <link:labelArc xlink:type="arc" xlink:from="jpcrp030000-asr_E00406-000_StrategyMetricsAndTargetsEnvironmentTextBlock" xlink:to="jpcrp030000-asr_E00406-000_StrategyMetricsAndTargetsEnvironmentTextBlock_label" xlink:arcrole="http://www.xbrl.org/2003/arcrole/concept-label" order="1" />
    <link:labelArc xlink:type="arc" xlink:from="jpcrp030000-asr_E00406-000_StrategyMetricsAndTargetsHumanCapitalTextBlock" xlink:to="jpcrp030000-asr_E00406-000_StrategyMetricsAndTargetsHumanCapitalTextBlock_label_1" xlink:arcrole="http://www.xbrl.org/2003/arcrole/concept-label" order="1" />
    <link:labelArc xlink:type="arc" xlink:from="jpcrp030000-asr_E00406-000_StrategyMetricsAndTargetsHumanCapitalTextBlock" xlink:to="jpcrp030000-asr_E00406-000_StrategyMetricsAndTargetsHumanCapitalTextBlock_label" xlink:arcrole="http://www.xbrl.org/2003/arcrole/concept-label" order="1" />
    <link:labelArc xlink:type="arc" xlink:from="jpcrp030000-asr_E00406-000_SuzukiYasuyukiMember" xlink:to="jpcrp030000-asr_E00406-000_SuzukiYasuyukiMember_label" xlink:arcrole="http://www.xbrl.org/2003/arcrole/concept-label" order="1" />
    <link:labelArc xlink:type="arc" xlink:from="jpcrp030000-asr_E00406-000_SuzukiYasuyukiMember" xlink:to="jpcrp030000-asr_E00406-000_SuzukiYasuyukiMember_label_1" xlink:arcrole="http://www.xbrl.org/2003/arcrole/concept-label" order="1" />
    <link:labelArc xlink:type="arc" xlink:from="jpcrp030000-asr_E00406-000_TheAmericasFoodAndBeveragesReportableSegmentsMember" xlink:to="jpcrp030000-asr_E00406-000_TheAmericasFoodAndBeveragesReportableSegmentsMember_label" xlink:arcrole="http://www.xbrl.org/2003/arcrole/concept-label" order="1" />
    <link:labelArc xlink:type="arc" xlink:from="jpcrp030000-asr_E00406-000_TheAmericasFoodAndBeveragesReportableSegmentsMember" xlink:to="jpcrp030000-asr_E00406-000_TheAmericasFoodAndBeveragesReportableSegmentsMember_label_1" xlink:arcrole="http://www.xbrl.org/2003/arcrole/concept-label" order="1" />
    <link:labelArc xlink:type="arc" xlink:from="jpcrp030000-asr_E00406-000_TobeNaokoMember" xlink:to="jpcrp030000-asr_E00406-000_TobeNaokoMember_label" xlink:arcrole="http://www.xbrl.org/2003/arcrole/concept-label" order="1" />
    <link:labelArc xlink:type="arc" xlink:from="jpcrp030000-asr_E00406-000_TobeNaokoMember" xlink:to="jpcrp030000-asr_E00406-000_TobeNaokoMember_label_1" xlink:arcrole="http://www.xbrl.org/2003/arcrole/concept-label" order="1" />
    <link:labelArc xlink:type="arc" xlink:from="jpcrp030000-asr_E00406-000_WatanabeShuichiMember" xlink:to="jpcrp030000-asr_E00406-000_WatanabeShuichiMember_label" xlink:arcrole="http://www.xbrl.org/2003/arcrole/concept-label" order="1" />
    <link:labelArc xlink:type="arc" xlink:from="jpcrp030000-asr_E00406-000_WatanabeShuichiMember" xlink:to="jpcrp030000-asr_E00406-000_WatanabeShuichiMember_label_1" xlink:arcrole="http://www.xbrl.org/2003/arcrole/concept-label" order="1" />
  </link:labelLink>
</link:linkbase>