<?xml version="1.0" encoding="utf-8"?>
<!-- Generated by PRONEXUS WORKS -->
<link:linkbase xmlns:link="http://www.xbrl.org/2003/linkbase" xmlns:xsi="http://www.w3.org/2001/XMLSchema-instance" xmlns:xbrli="http://www.xbrl.org/2003/instance" xmlns:xlink="http://www.w3.org/1999/xlink">
  <link:labelLink xlink:type="extended" xlink:role="http://www.xbrl.org/2003/role/link">
    <link:loc xlink:type="locator" xlink:href="jpcrp030000-asr-001_E30728-000_2024-03-31_01_2024-06-21.xsd#jpcrp030000-asr_E30728-000_CommissionFeePaidFinCF" xlink:label="CommissionFeePaidFinCF" />
    <link:loc xlink:type="locator" xlink:href="jpcrp030000-asr-001_E30728-000_2024-03-31_01_2024-06-21.xsd#jpcrp030000-asr_E30728-000_ProceedsFromSubsidyIncomeInvCF" xlink:label="ProceedsFromSubsidyIncomeInvCF" />
    <link:loc xlink:type="locator" xlink:href="jpcrp030000-asr-001_E30728-000_2024-03-31_01_2024-06-21.xsd#jpcrp030000-asr_E30728-000_AccountsReceivableOtherCA" xlink:label="AccountsReceivableOtherCA" />
    <link:loc xlink:type="locator" xlink:href="jpcrp030000-asr-001_E30728-000_2024-03-31_01_2024-06-21.xsd#jpcrp030000-asr_E30728-000_Animals" xlink:label="Animals" />
    <link:loc xlink:type="locator" xlink:href="jpcrp030000-asr-001_E30728-000_2024-03-31_01_2024-06-21.xsd#jpcrp030000-asr_E30728-000_CorporateOtherMember" xlink:label="CorporateOtherMember" />
    <link:loc xlink:type="locator" xlink:href="jpcrp030000-asr-001_E30728-000_2024-03-31_01_2024-06-21.xsd#jpcrp030000-asr_E30728-000_StrategyClimateChangeTextBlock" xlink:label="StrategyClimateChangeTextBlock" />
    <link:loc xlink:type="locator" xlink:href="jpcrp030000-asr-001_E30728-000_2024-03-31_01_2024-06-21.xsd#jpcrp030000-asr_E30728-000_RiskManagementClimateChangeTextBlock" xlink:label="RiskManagementClimateChangeTextBlock" />
    <link:loc xlink:type="locator" xlink:href="jpcrp030000-asr-001_E30728-000_2024-03-31_01_2024-06-21.xsd#jpcrp030000-asr_E30728-000_MetricsAndTargetsClimateChangeTextBlock" xlink:label="MetricsAndTargetsClimateChangeTextBlock" />
    <link:loc xlink:type="locator" xlink:href="jpcrp030000-asr-001_E30728-000_2024-03-31_01_2024-06-21.xsd#jpcrp030000-asr_E30728-000_InterestIncomeAndDividendsIncomeNOI" xlink:label="InterestIncomeAndDividendsIncomeNOI" />
    <link:loc xlink:type="locator" xlink:href="jpcrp030000-asr-001_E30728-000_2024-03-31_01_2024-06-21.xsd#jpcrp030000-asr_E30728-000_StockpileStorageRevenueNOI" xlink:label="StockpileStorageRevenueNOI" />
    <link:loc xlink:type="locator" xlink:href="jpcrp030000-asr-001_E30728-000_2024-03-31_01_2024-06-21.xsd#jpcrp030000-asr_E30728-000_LossOnClosingOfFactoryEL" xlink:label="LossOnClosingOfFactoryEL" />
    <link:loc xlink:type="locator" xlink:href="jpcrp030000-asr-001_E30728-000_2024-03-31_01_2024-06-21.xsd#jpcrp030000-asr_E30728-000_ShojiHidehiroMember" xlink:label="ShojiHidehiroMember" />
    <link:loc xlink:type="locator" xlink:href="jpcrp030000-asr-001_E30728-000_2024-03-31_01_2024-06-21.xsd#jpcrp030000-asr_E30728-000_KubotaKazuoMember" xlink:label="KubotaKazuoMember" />
    <link:loc xlink:type="locator" xlink:href="jpcrp030000-asr-001_E30728-000_2024-03-31_01_2024-06-21.xsd#jpcrp030000-asr_E30728-000_TashiroYoshihisaMember" xlink:label="TashiroYoshihisaMember" />
    <link:loc xlink:type="locator" xlink:href="jpcrp030000-asr-001_E30728-000_2024-03-31_01_2024-06-21.xsd#jpcrp030000-asr_E30728-000_KubotaKikueMember" xlink:label="KubotaKikueMember" />
    <link:loc xlink:type="locator" xlink:href="jpcrp030000-asr-001_E30728-000_2024-03-31_01_2024-06-21.xsd#jpcrp030000-asr_E30728-000_GotoKeizoMember" xlink:label="GotoKeizoMember" />
    <link:loc xlink:type="locator" xlink:href="jpcrp030000-asr-001_E30728-000_2024-03-31_01_2024-06-21.xsd#jpcrp030000-asr_E30728-000_TsujiTakaoMember" xlink:label="TsujiTakaoMember" />
    <link:loc xlink:type="locator" xlink:href="jpcrp030000-asr-001_E30728-000_2024-03-31_01_2024-06-21.xsd#jpcrp030000-asr_E30728-000_HandaYasufumiMember" xlink:label="HandaYasufumiMember" />
    <link:loc xlink:type="locator" xlink:href="jpcrp030000-asr-001_E30728-000_2024-03-31_01_2024-06-21.xsd#jpcrp030000-asr_E30728-000_AoyamaToruMember" xlink:label="AoyamaToruMember" />
    <link:loc xlink:type="locator" xlink:href="jpcrp030000-asr-001_E30728-000_2024-03-31_01_2024-06-21.xsd#jpcrp030000-asr_E30728-000_ChikadaNaokiMember" xlink:label="ChikadaNaokiMember" />
    <link:loc xlink:type="locator" xlink:href="jpcrp030000-asr-001_E30728-000_2024-03-31_01_2024-06-21.xsd#jpcrp030000-asr_E30728-000_FeedReportableSegmentsMember" xlink:label="FeedReportableSegmentsMember" />
    <link:loc xlink:type="locator" xlink:href="jpcrp030000-asr-001_E30728-000_2024-03-31_01_2024-06-21.xsd#jpcrp030000-asr_E30728-000_FoodBusinessReportableSegmentsMember" xlink:label="FoodBusinessReportableSegmentsMember" />
    <link:loc xlink:type="locator" xlink:href="jpcrp030000-asr-001_E30728-000_2024-03-31_01_2024-06-21.xsd#jpcrp030000-asr_E30728-000_DisposalOfTreasuryStockByStockBenefitTrust" xlink:label="DisposalOfTreasuryStockByStockBenefitTrust" />
    <link:loc xlink:type="locator" xlink:href="jpcrp030000-asr-001_E30728-000_2024-03-31_01_2024-06-21.xsd#jpcrp030000-asr_E30728-000_NotesRegardingSubsidyIncomeTextBlock" xlink:label="NotesRegardingSubsidyIncomeTextBlock" />
    <link:loc xlink:type="locator" xlink:href="jpcrp030000-asr-001_E30728-000_2024-03-31_01_2024-06-21.xsd#jpcrp030000-asr_E30728-000_FreightageAndLoadingExpensesSGA" xlink:label="FreightageAndLoadingExpensesSGA" />
    <link:loc xlink:type="locator" xlink:href="jpcrp030000-asr-001_E30728-000_2024-03-31_01_2024-06-21.xsd#jpcrp030000-asr_E30728-000_ContributionToFeedPriceStabilizationFundSGA" xlink:label="ContributionToFeedPriceStabilizationFundSGA" />
    <link:loc xlink:type="locator" xlink:href="jpcrp030000-asr-001_E30728-000_2024-03-31_01_2024-06-21.xsd#jpcrp030000-asr_E30728-000_TemporaryTransferChargesIncomeNOISGA" xlink:label="TemporaryTransferChargesIncomeNOISGA" />
    <link:loc xlink:type="locator" xlink:href="jpcrp030000-asr-001_E30728-000_2024-03-31_01_2024-06-21.xsd#jpcrp030000-asr_E30728-000_NotesRegardingStateSubsidyIncomeTextBlock" xlink:label="NotesRegardingStateSubsidyIncomeTextBlock" />
    <link:loc xlink:type="locator" xlink:href="jpcrp030000-asr-001_E30728-000_2024-03-31_01_2024-06-21.xsd#jpcrp030000-asr_E30728-000_NotesRegardingLossOnFactoryClosingTextBlock" xlink:label="NotesRegardingLossOnFactoryClosingTextBlock" />
    <link:loc xlink:type="locator" xlink:href="jpcrp030000-asr-001_E30728-000_2024-03-31_01_2024-06-21.xsd#jpcrp030000-asr_E30728-000_NotesRegardingFinancialCovenantClausesTextBlock" xlink:label="NotesRegardingFinancialCovenantClausesTextBlock" />
    <link:loc xlink:type="locator" xlink:href="jpcrp030000-asr-001_E30728-000_2024-03-31_01_2024-06-21.xsd#jpcrp030000-asr_E30728-000_YoshisatoKakuMember" xlink:label="YoshisatoKakuMember" />
    <link:label xlink:type="resource" xlink:label="label_TemporaryTransferChargesIncomeNOISGA" xml:lang="en" xlink:role="http://www.xbrl.org/2003/role/label" id="label_TemporaryTransferChargesIncomeNOISGA">TemporaryTransferChargesIncomeNOI</link:label>
    <link:labelArc xlink:type="arc" xlink:arcrole="http://www.xbrl.org/2003/arcrole/concept-label" xlink:from="TemporaryTransferChargesIncomeNOISGA" xlink:to="label_TemporaryTransferChargesIncomeNOISGA" />
    <link:label xlink:type="resource" xlink:label="label_TemporaryTransferChargesIncomeNOISGA_2" xml:lang="en" xlink:role="http://www.xbrl.org/2003/role/verboseLabel" id="label_TemporaryTransferChargesIncomeNOISGA_2">TemporaryTransferChargesIncomeNOI-SGA</link:label>
    <link:labelArc xlink:type="arc" xlink:arcrole="http://www.xbrl.org/2003/arcrole/concept-label" xlink:from="TemporaryTransferChargesIncomeNOISGA" xlink:to="label_TemporaryTransferChargesIncomeNOISGA_2" />
    <link:label xlink:type="resource" xlink:label="label_NotesRegardingStateSubsidyIncomeTextBlock" xml:lang="en" xlink:role="http://www.xbrl.org/2003/role/label" id="label_NotesRegardingStateSubsidyIncomeTextBlock">Notes regarding state subsidy income</link:label>
    <link:labelArc xlink:type="arc" xlink:arcrole="http://www.xbrl.org/2003/arcrole/concept-label" xlink:from="NotesRegardingStateSubsidyIncomeTextBlock" xlink:to="label_NotesRegardingStateSubsidyIncomeTextBlock" />
    <link:label xlink:type="resource" xlink:label="label_NotesRegardingStateSubsidyIncomeTextBlock_2" xml:lang="en" xlink:role="http://www.xbrl.org/2003/role/verboseLabel" id="label_NotesRegardingStateSubsidyIncomeTextBlock_2">Notes regarding state subsidy income [text block]</link:label>
    <link:labelArc xlink:type="arc" xlink:arcrole="http://www.xbrl.org/2003/arcrole/concept-label" xlink:from="NotesRegardingStateSubsidyIncomeTextBlock" xlink:to="label_NotesRegardingStateSubsidyIncomeTextBlock_2" />
    <link:label xlink:type="resource" xlink:label="label_ProceedsFromSubsidyIncomeInvCF" xml:lang="en" xlink:role="http://www.xbrl.org/2003/role/label" id="label_ProceedsFromSubsidyIncomeInvCF">Proceeds from subsidy income</link:label>
    <link:labelArc xlink:type="arc" xlink:arcrole="http://www.xbrl.org/2003/arcrole/concept-label" xlink:from="ProceedsFromSubsidyIncomeInvCF" xlink:to="label_ProceedsFromSubsidyIncomeInvCF" />
    <link:label xlink:type="resource" xlink:label="label_ProceedsFromSubsidyIncomeInvCF_2" xml:lang="en" xlink:role="http://www.xbrl.org/2003/role/verboseLabel" id="label_ProceedsFromSubsidyIncomeInvCF_2">Proceeds from subsidy income-InvCF</link:label>
    <link:labelArc xlink:type="arc" xlink:arcrole="http://www.xbrl.org/2003/arcrole/concept-label" xlink:from="ProceedsFromSubsidyIncomeInvCF" xlink:to="label_ProceedsFromSubsidyIncomeInvCF_2" />
    <link:label xlink:type="resource" xlink:label="label_CommissionFeePaidFinCF" xml:lang="en" xlink:role="http://www.xbrl.org/2003/role/label" id="label_CommissionFeePaidFinCF">Commission fee paid</link:label>
    <link:labelArc xlink:type="arc" xlink:arcrole="http://www.xbrl.org/2003/arcrole/concept-label" xlink:from="CommissionFeePaidFinCF" xlink:to="label_CommissionFeePaidFinCF" />
    <link:label xlink:type="resource" xlink:label="label_CommissionFeePaidFinCF_2" xml:lang="en" xlink:role="http://www.xbrl.org/2003/role/verboseLabel" id="label_CommissionFeePaidFinCF_2">Commission fee paid - FinCF</link:label>
    <link:labelArc xlink:type="arc" xlink:arcrole="http://www.xbrl.org/2003/arcrole/concept-label" xlink:from="CommissionFeePaidFinCF" xlink:to="label_CommissionFeePaidFinCF_2" />
    <link:label xlink:type="resource" xlink:label="label_DisposalOfTreasuryStockByStockBenefitTrust" xml:lang="en" xlink:role="http://www.xbrl.org/2003/role/label" id="label_DisposalOfTreasuryStockByStockBenefitTrust">Disposal of treasury stock by stock benefit trust</link:label>
    <link:labelArc xlink:type="arc" xlink:arcrole="http://www.xbrl.org/2003/arcrole/concept-label" xlink:from="DisposalOfTreasuryStockByStockBenefitTrust" xlink:to="label_DisposalOfTreasuryStockByStockBenefitTrust" />
    <link:label xlink:type="resource" xlink:label="label_DisposalOfTreasuryStockByStockBenefitTrust_2" xml:lang="en" xlink:role="http://www.xbrl.org/2003/role/verboseLabel" id="label_DisposalOfTreasuryStockByStockBenefitTrust_2">Disposal of treasury stock by stock benefit trust</link:label>
    <link:labelArc xlink:type="arc" xlink:arcrole="http://www.xbrl.org/2003/arcrole/concept-label" xlink:from="DisposalOfTreasuryStockByStockBenefitTrust" xlink:to="label_DisposalOfTreasuryStockByStockBenefitTrust_2" />
    <link:label xlink:type="resource" xlink:label="label_InterestIncomeAndDividendsIncomeNOI" xml:lang="en" xlink:role="http://www.xbrl.org/2003/role/label" id="label_InterestIncomeAndDividendsIncomeNOI">Interest income and dividends income</link:label>
    <link:labelArc xlink:type="arc" xlink:arcrole="http://www.xbrl.org/2003/arcrole/concept-label" xlink:from="InterestIncomeAndDividendsIncomeNOI" xlink:to="label_InterestIncomeAndDividendsIncomeNOI" />
    <link:label xlink:type="resource" xlink:label="label_InterestIncomeAndDividendsIncomeNOI_2" xml:lang="en" xlink:role="http://www.xbrl.org/2003/role/verboseLabel" id="label_InterestIncomeAndDividendsIncomeNOI_2">Interest income and dividends income -NOI</link:label>
    <link:labelArc xlink:type="arc" xlink:arcrole="http://www.xbrl.org/2003/arcrole/concept-label" xlink:from="InterestIncomeAndDividendsIncomeNOI" xlink:to="label_InterestIncomeAndDividendsIncomeNOI_2" />
    <link:label xlink:type="resource" xlink:label="label_StockpileStorageRevenueNOI" xml:lang="en" xlink:role="http://www.xbrl.org/2003/role/label" id="label_StockpileStorageRevenueNOI">Stockpile storage revenue</link:label>
    <link:labelArc xlink:type="arc" xlink:arcrole="http://www.xbrl.org/2003/arcrole/concept-label" xlink:from="StockpileStorageRevenueNOI" xlink:to="label_StockpileStorageRevenueNOI" />
    <link:label xlink:type="resource" xlink:label="label_StockpileStorageRevenueNOI_2" xml:lang="en" xlink:role="http://www.xbrl.org/2003/role/verboseLabel" id="label_StockpileStorageRevenueNOI_2">Stockpile storage revenue-NOI</link:label>
    <link:labelArc xlink:type="arc" xlink:arcrole="http://www.xbrl.org/2003/arcrole/concept-label" xlink:from="StockpileStorageRevenueNOI" xlink:to="label_StockpileStorageRevenueNOI_2" />
    <link:label xlink:type="resource" xlink:label="label_LossOnClosingOfFactoryEL" xml:lang="en" xlink:role="http://www.xbrl.org/2003/role/label" id="label_LossOnClosingOfFactoryEL">Loss on closing of factory</link:label>
    <link:labelArc xlink:type="arc" xlink:arcrole="http://www.xbrl.org/2003/arcrole/concept-label" xlink:from="LossOnClosingOfFactoryEL" xlink:to="label_LossOnClosingOfFactoryEL" />
    <link:label xlink:type="resource" xlink:label="label_LossOnClosingOfFactoryEL_2" xml:lang="en" xlink:role="http://www.xbrl.org/2003/role/verboseLabel" id="label_LossOnClosingOfFactoryEL_2">Loss on closing of factory - EL</link:label>
    <link:labelArc xlink:type="arc" xlink:arcrole="http://www.xbrl.org/2003/arcrole/concept-label" xlink:from="LossOnClosingOfFactoryEL" xlink:to="label_LossOnClosingOfFactoryEL_2" />
    <link:label xlink:type="resource" xlink:label="label_AccountsReceivableOtherCA" xml:lang="en" xlink:role="http://www.xbrl.org/2003/role/label" id="label_AccountsReceivableOtherCA">Accounts receivable-other</link:label>
    <link:labelArc xlink:type="arc" xlink:arcrole="http://www.xbrl.org/2003/arcrole/concept-label" xlink:from="AccountsReceivableOtherCA" xlink:to="label_AccountsReceivableOtherCA" />
    <link:label xlink:type="resource" xlink:label="label_AccountsReceivableOtherCA_2" xml:lang="en" xlink:role="http://www.xbrl.org/2003/role/verboseLabel" id="label_AccountsReceivableOtherCA_2">Accounts receivable-other-CA</link:label>
    <link:labelArc xlink:type="arc" xlink:arcrole="http://www.xbrl.org/2003/arcrole/concept-label" xlink:from="AccountsReceivableOtherCA" xlink:to="label_AccountsReceivableOtherCA_2" />
    <link:label xlink:type="resource" xlink:label="label_Animals" xml:lang="en" xlink:role="http://www.xbrl.org/2003/role/label" id="label_Animals">Animals</link:label>
    <link:labelArc xlink:type="arc" xlink:arcrole="http://www.xbrl.org/2003/arcrole/concept-label" xlink:from="Animals" xlink:to="label_Animals" />
    <link:label xlink:type="resource" xlink:label="label_Animals_2" xml:lang="en" xlink:role="http://www.xbrl.org/2003/role/verboseLabel" id="label_Animals_2">Animals</link:label>
    <link:labelArc xlink:type="arc" xlink:arcrole="http://www.xbrl.org/2003/arcrole/concept-label" xlink:from="Animals" xlink:to="label_Animals_2" />
    <link:label xlink:type="resource" xlink:label="label_NotesRegardingFinancialCovenantClausesTextBlock_2" xml:lang="en" xlink:role="http://www.xbrl.org/2003/role/label" id="label_NotesRegardingFinancialCovenantClausesTextBlock_2">Notes regarding financial covenant clauses</link:label>
    <link:labelArc xlink:type="arc" xlink:arcrole="http://www.xbrl.org/2003/arcrole/concept-label" xlink:from="NotesRegardingFinancialCovenantClausesTextBlock" xlink:to="label_NotesRegardingFinancialCovenantClausesTextBlock_2" />
    <link:label xlink:type="resource" xlink:label="label_NotesRegardingFinancialCovenantClausesTextBlock" xml:lang="en" xlink:role="http://www.xbrl.org/2003/role/verboseLabel" id="label_NotesRegardingFinancialCovenantClausesTextBlock">Notes regarding financial covenant clauses [text block]</link:label>
    <link:labelArc xlink:type="arc" xlink:arcrole="http://www.xbrl.org/2003/arcrole/concept-label" xlink:from="NotesRegardingFinancialCovenantClausesTextBlock" xlink:to="label_NotesRegardingFinancialCovenantClausesTextBlock" />
    <link:label xlink:type="resource" xlink:label="label_NotesRegardingSubsidyIncomeTextBlock" xml:lang="en" xlink:role="http://www.xbrl.org/2003/role/label" id="label_NotesRegardingSubsidyIncomeTextBlock">Notes regarding subsidy income</link:label>
    <link:labelArc xlink:type="arc" xlink:arcrole="http://www.xbrl.org/2003/arcrole/concept-label" xlink:from="NotesRegardingSubsidyIncomeTextBlock" xlink:to="label_NotesRegardingSubsidyIncomeTextBlock" />
    <link:label xlink:type="resource" xlink:label="label_NotesRegardingSubsidyIncomeTextBlock_2" xml:lang="en" xlink:role="http://www.xbrl.org/2003/role/verboseLabel" id="label_NotesRegardingSubsidyIncomeTextBlock_2">Notes regarding subsidy income [text block]</link:label>
    <link:labelArc xlink:type="arc" xlink:arcrole="http://www.xbrl.org/2003/arcrole/concept-label" xlink:from="NotesRegardingSubsidyIncomeTextBlock" xlink:to="label_NotesRegardingSubsidyIncomeTextBlock_2" />
    <link:label xlink:type="resource" xlink:label="label_FreightageAndLoadingExpensesSGA" xml:lang="en" xlink:role="http://www.xbrl.org/2003/role/label" id="label_FreightageAndLoadingExpensesSGA">Freightage and loading expenses</link:label>
    <link:labelArc xlink:type="arc" xlink:arcrole="http://www.xbrl.org/2003/arcrole/concept-label" xlink:from="FreightageAndLoadingExpensesSGA" xlink:to="label_FreightageAndLoadingExpensesSGA" />
    <link:label xlink:type="resource" xlink:label="label_FreightageAndLoadingExpensesSGA_2" xml:lang="en" xlink:role="http://www.xbrl.org/2003/role/verboseLabel" id="label_FreightageAndLoadingExpensesSGA_2">Freightage and loading expenses-SGA</link:label>
    <link:labelArc xlink:type="arc" xlink:arcrole="http://www.xbrl.org/2003/arcrole/concept-label" xlink:from="FreightageAndLoadingExpensesSGA" xlink:to="label_FreightageAndLoadingExpensesSGA_2" />
    <link:label xlink:type="resource" xlink:label="label_ContributionToFeedPriceStabilizationFundSGA" xml:lang="en" xlink:role="http://www.xbrl.org/2003/role/label" id="label_ContributionToFeedPriceStabilizationFundSGA">Contribution to feed price stabilization fund</link:label>
    <link:labelArc xlink:type="arc" xlink:arcrole="http://www.xbrl.org/2003/arcrole/concept-label" xlink:from="ContributionToFeedPriceStabilizationFundSGA" xlink:to="label_ContributionToFeedPriceStabilizationFundSGA" />
    <link:label xlink:type="resource" xlink:label="label_ContributionToFeedPriceStabilizationFundSGA_2" xml:lang="en" xlink:role="http://www.xbrl.org/2003/role/verboseLabel" id="label_ContributionToFeedPriceStabilizationFundSGA_2">Contribution to feed price stabilization fund-SGA</link:label>
    <link:labelArc xlink:type="arc" xlink:arcrole="http://www.xbrl.org/2003/arcrole/concept-label" xlink:from="ContributionToFeedPriceStabilizationFundSGA" xlink:to="label_ContributionToFeedPriceStabilizationFundSGA_2" />
    <link:label xlink:type="resource" xlink:label="label_NotesRegardingLossOnFactoryClosingTextBlock" xml:lang="en" xlink:role="http://www.xbrl.org/2003/role/label" id="label_NotesRegardingLossOnFactoryClosingTextBlock">Notes regarding loss on factory closing</link:label>
    <link:labelArc xlink:type="arc" xlink:arcrole="http://www.xbrl.org/2003/arcrole/concept-label" xlink:from="NotesRegardingLossOnFactoryClosingTextBlock" xlink:to="label_NotesRegardingLossOnFactoryClosingTextBlock" />
    <link:label xlink:type="resource" xlink:label="label_NotesRegardingLossOnFactoryClosingTextBlock_2" xml:lang="en" xlink:role="http://www.xbrl.org/2003/role/verboseLabel" id="label_NotesRegardingLossOnFactoryClosingTextBlock_2">Notes regarding loss on factory closing [text block]</link:label>
    <link:labelArc xlink:type="arc" xlink:arcrole="http://www.xbrl.org/2003/arcrole/concept-label" xlink:from="NotesRegardingLossOnFactoryClosingTextBlock" xlink:to="label_NotesRegardingLossOnFactoryClosingTextBlock_2" />
    <link:label xlink:type="resource" xlink:label="label_ShojiHidehiroMember" xml:lang="en" xlink:role="http://www.xbrl.org/2003/role/label" id="label_ShojiHidehiroMember">Shoji, Hidehiro</link:label>
    <link:labelArc xlink:type="arc" xlink:arcrole="http://www.xbrl.org/2003/arcrole/concept-label" xlink:from="ShojiHidehiroMember" xlink:to="label_ShojiHidehiroMember" />
    <link:label xlink:type="resource" xlink:label="label_ShojiHidehiroMember_2" xml:lang="en" xlink:role="http://www.xbrl.org/2003/role/verboseLabel" id="label_ShojiHidehiroMember_2">Shoji, Hidehiro [member]</link:label>
    <link:labelArc xlink:type="arc" xlink:arcrole="http://www.xbrl.org/2003/arcrole/concept-label" xlink:from="ShojiHidehiroMember" xlink:to="label_ShojiHidehiroMember_2" />
    <link:label xlink:type="resource" xlink:label="label_KubotaKazuoMember" xml:lang="en" xlink:role="http://www.xbrl.org/2003/role/label" id="label_KubotaKazuoMember">Kubota, Kazuo</link:label>
    <link:labelArc xlink:type="arc" xlink:arcrole="http://www.xbrl.org/2003/arcrole/concept-label" xlink:from="KubotaKazuoMember" xlink:to="label_KubotaKazuoMember" />
    <link:label xlink:type="resource" xlink:label="label_KubotaKazuoMember_2" xml:lang="en" xlink:role="http://www.xbrl.org/2003/role/verboseLabel" id="label_KubotaKazuoMember_2">Kubota, Kazuo [member]</link:label>
    <link:labelArc xlink:type="arc" xlink:arcrole="http://www.xbrl.org/2003/arcrole/concept-label" xlink:from="KubotaKazuoMember" xlink:to="label_KubotaKazuoMember_2" />
    <link:label xlink:type="resource" xlink:label="label_TashiroYoshihisaMember" xml:lang="en" xlink:role="http://www.xbrl.org/2003/role/label" id="label_TashiroYoshihisaMember">Tashiro, Yoshihisa</link:label>
    <link:labelArc xlink:type="arc" xlink:arcrole="http://www.xbrl.org/2003/arcrole/concept-label" xlink:from="TashiroYoshihisaMember" xlink:to="label_TashiroYoshihisaMember" />
    <link:label xlink:type="resource" xlink:label="label_TashiroYoshihisaMember_2" xml:lang="en" xlink:role="http://www.xbrl.org/2003/role/verboseLabel" id="label_TashiroYoshihisaMember_2">Tashiro, Yoshihisa [member]</link:label>
    <link:labelArc xlink:type="arc" xlink:arcrole="http://www.xbrl.org/2003/arcrole/concept-label" xlink:from="TashiroYoshihisaMember" xlink:to="label_TashiroYoshihisaMember_2" />
    <link:label xlink:type="resource" xlink:label="label_KubotaKikueMember" xml:lang="en" xlink:role="http://www.xbrl.org/2003/role/label" id="label_KubotaKikueMember">Kubota, Kikue</link:label>
    <link:labelArc xlink:type="arc" xlink:arcrole="http://www.xbrl.org/2003/arcrole/concept-label" xlink:from="KubotaKikueMember" xlink:to="label_KubotaKikueMember" />
    <link:label xlink:type="resource" xlink:label="label_KubotaKikueMember_2" xml:lang="en" xlink:role="http://www.xbrl.org/2003/role/verboseLabel" id="label_KubotaKikueMember_2">Kubota, Kikue [member]</link:label>
    <link:labelArc xlink:type="arc" xlink:arcrole="http://www.xbrl.org/2003/arcrole/concept-label" xlink:from="KubotaKikueMember" xlink:to="label_KubotaKikueMember_2" />
    <link:label xlink:type="resource" xlink:label="label_TsujiTakaoMember" xml:lang="en" xlink:role="http://www.xbrl.org/2003/role/label" id="label_TsujiTakaoMember">Tsuji, Takao</link:label>
    <link:labelArc xlink:type="arc" xlink:arcrole="http://www.xbrl.org/2003/arcrole/concept-label" xlink:from="TsujiTakaoMember" xlink:to="label_TsujiTakaoMember" />
    <link:label xlink:type="resource" xlink:label="label_TsujiTakaoMember_2" xml:lang="en" xlink:role="http://www.xbrl.org/2003/role/verboseLabel" id="label_TsujiTakaoMember_2">Tsuji, Takao [member]</link:label>
    <link:labelArc xlink:type="arc" xlink:arcrole="http://www.xbrl.org/2003/arcrole/concept-label" xlink:from="TsujiTakaoMember" xlink:to="label_TsujiTakaoMember_2" />
    <link:label xlink:type="resource" xlink:label="label_HandaYasufumiMember" xml:lang="en" xlink:role="http://www.xbrl.org/2003/role/label" id="label_HandaYasufumiMember">Handa, Yasufumi</link:label>
    <link:labelArc xlink:type="arc" xlink:arcrole="http://www.xbrl.org/2003/arcrole/concept-label" xlink:from="HandaYasufumiMember" xlink:to="label_HandaYasufumiMember" />
    <link:label xlink:type="resource" xlink:label="label_HandaYasufumiMember_2" xml:lang="en" xlink:role="http://www.xbrl.org/2003/role/verboseLabel" id="label_HandaYasufumiMember_2">Handa, Yasufumi [member]</link:label>
    <link:labelArc xlink:type="arc" xlink:arcrole="http://www.xbrl.org/2003/arcrole/concept-label" xlink:from="HandaYasufumiMember" xlink:to="label_HandaYasufumiMember_2" />
    <link:label xlink:type="resource" xlink:label="label_YoshisatoKakuMember" xml:lang="en" xlink:role="http://www.xbrl.org/2003/role/label" id="label_YoshisatoKakuMember">Yoshisato, Kaku</link:label>
    <link:labelArc xlink:type="arc" xlink:arcrole="http://www.xbrl.org/2003/arcrole/concept-label" xlink:from="YoshisatoKakuMember" xlink:to="label_YoshisatoKakuMember" />
    <link:label xlink:type="resource" xlink:label="label_YoshisatoKakuMember_2" xml:lang="en" xlink:role="http://www.xbrl.org/2003/role/verboseLabel" id="label_YoshisatoKakuMember_2">Yoshisato, Kaku [member]</link:label>
    <link:labelArc xlink:type="arc" xlink:arcrole="http://www.xbrl.org/2003/arcrole/concept-label" xlink:from="YoshisatoKakuMember" xlink:to="label_YoshisatoKakuMember_2" />
    <link:label xlink:type="resource" xlink:label="label_AoyamaToruMember" xml:lang="en" xlink:role="http://www.xbrl.org/2003/role/label" id="label_AoyamaToruMember">Aoyama, Toru</link:label>
    <link:labelArc xlink:type="arc" xlink:arcrole="http://www.xbrl.org/2003/arcrole/concept-label" xlink:from="AoyamaToruMember" xlink:to="label_AoyamaToruMember" />
    <link:label xlink:type="resource" xlink:label="label_AoyamaToruMember_2" xml:lang="en" xlink:role="http://www.xbrl.org/2003/role/verboseLabel" id="label_AoyamaToruMember_2">Aoyama, Toru [member]</link:label>
    <link:labelArc xlink:type="arc" xlink:arcrole="http://www.xbrl.org/2003/arcrole/concept-label" xlink:from="AoyamaToruMember" xlink:to="label_AoyamaToruMember_2" />
    <link:label xlink:type="resource" xlink:label="label_GotoKeizoMember" xml:lang="en" xlink:role="http://www.xbrl.org/2003/role/label" id="label_GotoKeizoMember">Goto, Keizo</link:label>
    <link:labelArc xlink:type="arc" xlink:arcrole="http://www.xbrl.org/2003/arcrole/concept-label" xlink:from="GotoKeizoMember" xlink:to="label_GotoKeizoMember" />
    <link:label xlink:type="resource" xlink:label="label_GotoKeizoMember_2" xml:lang="en" xlink:role="http://www.xbrl.org/2003/role/verboseLabel" id="label_GotoKeizoMember_2">Goto, Keizo [member]</link:label>
    <link:labelArc xlink:type="arc" xlink:arcrole="http://www.xbrl.org/2003/arcrole/concept-label" xlink:from="GotoKeizoMember" xlink:to="label_GotoKeizoMember_2" />
    <link:label xlink:type="resource" xlink:label="label_ChikadaNaokiMember" xml:lang="en" xlink:role="http://www.xbrl.org/2003/role/label" id="label_ChikadaNaokiMember">Chikada, Naoki</link:label>
    <link:labelArc xlink:type="arc" xlink:arcrole="http://www.xbrl.org/2003/arcrole/concept-label" xlink:from="ChikadaNaokiMember" xlink:to="label_ChikadaNaokiMember" />
    <link:label xlink:type="resource" xlink:label="label_ChikadaNaokiMember_2" xml:lang="en" xlink:role="http://www.xbrl.org/2003/role/verboseLabel" id="label_ChikadaNaokiMember_2">Chikada, Naoki [member]</link:label>
    <link:labelArc xlink:type="arc" xlink:arcrole="http://www.xbrl.org/2003/arcrole/concept-label" xlink:from="ChikadaNaokiMember" xlink:to="label_ChikadaNaokiMember_2" />
    <link:label xlink:type="resource" xlink:label="label_CorporateOtherMember" xml:lang="en" xlink:role="http://www.xbrl.org/2003/role/label" id="label_CorporateOtherMember">Corporate - other</link:label>
    <link:labelArc xlink:type="arc" xlink:arcrole="http://www.xbrl.org/2003/arcrole/concept-label" xlink:from="CorporateOtherMember" xlink:to="label_CorporateOtherMember" />
    <link:label xlink:type="resource" xlink:label="label_CorporateOtherMember_2" xml:lang="en" xlink:role="http://www.xbrl.org/2003/role/verboseLabel" id="label_CorporateOtherMember_2">Corporate - other [member]</link:label>
    <link:labelArc xlink:type="arc" xlink:arcrole="http://www.xbrl.org/2003/arcrole/concept-label" xlink:from="CorporateOtherMember" xlink:to="label_CorporateOtherMember_2" />
    <link:label xlink:type="resource" xlink:label="label_StrategyClimateChangeTextBlock_2" xml:lang="en" xlink:role="http://www.xbrl.org/2003/role/label" id="label_StrategyClimateChangeTextBlock_2">Strategy, Climate Change</link:label>
    <link:labelArc xlink:type="arc" xlink:arcrole="http://www.xbrl.org/2003/arcrole/concept-label" xlink:from="StrategyClimateChangeTextBlock" xlink:to="label_StrategyClimateChangeTextBlock_2" />
    <link:label xlink:type="resource" xlink:label="label_StrategyClimateChangeTextBlock" xml:lang="en" xlink:role="http://www.xbrl.org/2003/role/verboseLabel" id="label_StrategyClimateChangeTextBlock">Strategy, Climate Change [text block]</link:label>
    <link:labelArc xlink:type="arc" xlink:arcrole="http://www.xbrl.org/2003/arcrole/concept-label" xlink:from="StrategyClimateChangeTextBlock" xlink:to="label_StrategyClimateChangeTextBlock" />
    <link:label xlink:type="resource" xlink:label="label_RiskManagementClimateChangeTextBlock_2" xml:lang="en" xlink:role="http://www.xbrl.org/2003/role/label" id="label_RiskManagementClimateChangeTextBlock_2">Risk management, Climate Change</link:label>
    <link:labelArc xlink:type="arc" xlink:arcrole="http://www.xbrl.org/2003/arcrole/concept-label" xlink:from="RiskManagementClimateChangeTextBlock" xlink:to="label_RiskManagementClimateChangeTextBlock_2" />
    <link:label xlink:type="resource" xlink:label="label_RiskManagementClimateChangeTextBlock" xml:lang="en" xlink:role="http://www.xbrl.org/2003/role/verboseLabel" id="label_RiskManagementClimateChangeTextBlock">Risk management, Climate Change [text block]</link:label>
    <link:labelArc xlink:type="arc" xlink:arcrole="http://www.xbrl.org/2003/arcrole/concept-label" xlink:from="RiskManagementClimateChangeTextBlock" xlink:to="label_RiskManagementClimateChangeTextBlock" />
    <link:label xlink:type="resource" xlink:label="label_MetricsAndTargetsClimateChangeTextBlock_2" xml:lang="en" xlink:role="http://www.xbrl.org/2003/role/label" id="label_MetricsAndTargetsClimateChangeTextBlock_2">Metrics and targets, Climate Change</link:label>
    <link:labelArc xlink:type="arc" xlink:arcrole="http://www.xbrl.org/2003/arcrole/concept-label" xlink:from="MetricsAndTargetsClimateChangeTextBlock" xlink:to="label_MetricsAndTargetsClimateChangeTextBlock_2" />
    <link:label xlink:type="resource" xlink:label="label_MetricsAndTargetsClimateChangeTextBlock" xml:lang="en" xlink:role="http://www.xbrl.org/2003/role/verboseLabel" id="label_MetricsAndTargetsClimateChangeTextBlock">Metrics and targets, Climate Change [text block]</link:label>
    <link:labelArc xlink:type="arc" xlink:arcrole="http://www.xbrl.org/2003/arcrole/concept-label" xlink:from="MetricsAndTargetsClimateChangeTextBlock" xlink:to="label_MetricsAndTargetsClimateChangeTextBlock" />
    <link:label xlink:type="resource" xlink:label="label_FeedReportableSegmentsMember" xml:lang="en" xlink:role="http://www.xbrl.org/2003/role/label" id="label_FeedReportableSegmentsMember">Feed</link:label>
    <link:labelArc xlink:type="arc" xlink:arcrole="http://www.xbrl.org/2003/arcrole/concept-label" xlink:from="FeedReportableSegmentsMember" xlink:to="label_FeedReportableSegmentsMember" />
    <link:label xlink:type="resource" xlink:label="label_FeedReportableSegmentsMember_2" xml:lang="en" xlink:role="http://www.xbrl.org/2003/role/verboseLabel" id="label_FeedReportableSegmentsMember_2">Feed, Reportable segments [member]</link:label>
    <link:labelArc xlink:type="arc" xlink:arcrole="http://www.xbrl.org/2003/arcrole/concept-label" xlink:from="FeedReportableSegmentsMember" xlink:to="label_FeedReportableSegmentsMember_2" />
    <link:label xlink:type="resource" xlink:label="label_FoodBusinessReportableSegmentsMember" xml:lang="en" xlink:role="http://www.xbrl.org/2003/role/label" id="label_FoodBusinessReportableSegmentsMember">Food Business</link:label>
    <link:labelArc xlink:type="arc" xlink:arcrole="http://www.xbrl.org/2003/arcrole/concept-label" xlink:from="FoodBusinessReportableSegmentsMember" xlink:to="label_FoodBusinessReportableSegmentsMember" />
    <link:label xlink:type="resource" xlink:label="label_FoodBusinessReportableSegmentsMember_2" xml:lang="en" xlink:role="http://www.xbrl.org/2003/role/verboseLabel" id="label_FoodBusinessReportableSegmentsMember_2">Food Business, Reportable segments [member]</link:label>
    <link:labelArc xlink:type="arc" xlink:arcrole="http://www.xbrl.org/2003/arcrole/concept-label" xlink:from="FoodBusinessReportableSegmentsMember" xlink:to="label_FoodBusinessReportableSegmentsMember_2" />
  </link:labelLink>
</link:linkbase>