<?xml version="1.0" encoding="utf-8"?>
<!-- Generated by PRONEXUS WORKS -->
<link:linkbase xmlns:link="http://www.xbrl.org/2003/linkbase" xmlns:xsi="http://www.w3.org/2001/XMLSchema-instance" xmlns:xbrli="http://www.xbrl.org/2003/instance" xmlns:xlink="http://www.w3.org/1999/xlink">
  <link:labelLink xlink:type="extended" xlink:role="http://www.xbrl.org/2003/role/link">
    <link:loc xlink:type="locator" xlink:href="jpcrp030000-asr-001_E30728-000_2024-03-31_01_2024-06-21.xsd#jpcrp030000-asr_E30728-000_CommissionFeePaidFinCF" xlink:label="CommissionFeePaidFinCF" />
    <link:loc xlink:type="locator" xlink:href="jpcrp030000-asr-001_E30728-000_2024-03-31_01_2024-06-21.xsd#jpcrp030000-asr_E30728-000_ProceedsFromSubsidyIncomeInvCF" xlink:label="ProceedsFromSubsidyIncomeInvCF" />
    <link:loc xlink:type="locator" xlink:href="jpcrp030000-asr-001_E30728-000_2024-03-31_01_2024-06-21.xsd#jpcrp030000-asr_E30728-000_AccountsReceivableOtherCA" xlink:label="AccountsReceivableOtherCA" />
    <link:loc xlink:type="locator" xlink:href="jpcrp030000-asr-001_E30728-000_2024-03-31_01_2024-06-21.xsd#jpcrp030000-asr_E30728-000_Animals" xlink:label="Animals" />
    <link:loc xlink:type="locator" xlink:href="jpcrp030000-asr-001_E30728-000_2024-03-31_01_2024-06-21.xsd#jpcrp030000-asr_E30728-000_CorporateOtherMember" xlink:label="CorporateOtherMember" />
    <link:loc xlink:type="locator" xlink:href="jpcrp030000-asr-001_E30728-000_2024-03-31_01_2024-06-21.xsd#jpcrp030000-asr_E30728-000_StrategyClimateChangeTextBlock" xlink:label="StrategyClimateChangeTextBlock" />
    <link:loc xlink:type="locator" xlink:href="jpcrp030000-asr-001_E30728-000_2024-03-31_01_2024-06-21.xsd#jpcrp030000-asr_E30728-000_RiskManagementClimateChangeTextBlock" xlink:label="RiskManagementClimateChangeTextBlock" />
    <link:loc xlink:type="locator" xlink:href="jpcrp030000-asr-001_E30728-000_2024-03-31_01_2024-06-21.xsd#jpcrp030000-asr_E30728-000_MetricsAndTargetsClimateChangeTextBlock" xlink:label="MetricsAndTargetsClimateChangeTextBlock" />
    <link:loc xlink:type="locator" xlink:href="jpcrp030000-asr-001_E30728-000_2024-03-31_01_2024-06-21.xsd#jpcrp030000-asr_E30728-000_InterestIncomeAndDividendsIncomeNOI" xlink:label="InterestIncomeAndDividendsIncomeNOI" />
    <link:loc xlink:type="locator" xlink:href="jpcrp030000-asr-001_E30728-000_2024-03-31_01_2024-06-21.xsd#jpcrp030000-asr_E30728-000_StockpileStorageRevenueNOI" xlink:label="StockpileStorageRevenueNOI" />
    <link:loc xlink:type="locator" xlink:href="jpcrp030000-asr-001_E30728-000_2024-03-31_01_2024-06-21.xsd#jpcrp030000-asr_E30728-000_LossOnClosingOfFactoryEL" xlink:label="LossOnClosingOfFactoryEL" />
    <link:loc xlink:type="locator" xlink:href="jpcrp030000-asr-001_E30728-000_2024-03-31_01_2024-06-21.xsd#jpcrp030000-asr_E30728-000_ShojiHidehiroMember" xlink:label="ShojiHidehiroMember" />
    <link:loc xlink:type="locator" xlink:href="jpcrp030000-asr-001_E30728-000_2024-03-31_01_2024-06-21.xsd#jpcrp030000-asr_E30728-000_KubotaKazuoMember" xlink:label="KubotaKazuoMember" />
    <link:loc xlink:type="locator" xlink:href="jpcrp030000-asr-001_E30728-000_2024-03-31_01_2024-06-21.xsd#jpcrp030000-asr_E30728-000_TashiroYoshihisaMember" xlink:label="TashiroYoshihisaMember" />
    <link:loc xlink:type="locator" xlink:href="jpcrp030000-asr-001_E30728-000_2024-03-31_01_2024-06-21.xsd#jpcrp030000-asr_E30728-000_KubotaKikueMember" xlink:label="KubotaKikueMember" />
    <link:loc xlink:type="locator" xlink:href="jpcrp030000-asr-001_E30728-000_2024-03-31_01_2024-06-21.xsd#jpcrp030000-asr_E30728-000_GotoKeizoMember" xlink:label="GotoKeizoMember" />
    <link:loc xlink:type="locator" xlink:href="jpcrp030000-asr-001_E30728-000_2024-03-31_01_2024-06-21.xsd#jpcrp030000-asr_E30728-000_TsujiTakaoMember" xlink:label="TsujiTakaoMember" />
    <link:loc xlink:type="locator" xlink:href="jpcrp030000-asr-001_E30728-000_2024-03-31_01_2024-06-21.xsd#jpcrp030000-asr_E30728-000_HandaYasufumiMember" xlink:label="HandaYasufumiMember" />
    <link:loc xlink:type="locator" xlink:href="jpcrp030000-asr-001_E30728-000_2024-03-31_01_2024-06-21.xsd#jpcrp030000-asr_E30728-000_AoyamaToruMember" xlink:label="AoyamaToruMember" />
    <link:loc xlink:type="locator" xlink:href="jpcrp030000-asr-001_E30728-000_2024-03-31_01_2024-06-21.xsd#jpcrp030000-asr_E30728-000_ChikadaNaokiMember" xlink:label="ChikadaNaokiMember" />
    <link:loc xlink:type="locator" xlink:href="jpcrp030000-asr-001_E30728-000_2024-03-31_01_2024-06-21.xsd#jpcrp030000-asr_E30728-000_FeedReportableSegmentsMember" xlink:label="FeedReportableSegmentsMember" />
    <link:loc xlink:type="locator" xlink:href="jpcrp030000-asr-001_E30728-000_2024-03-31_01_2024-06-21.xsd#jpcrp030000-asr_E30728-000_FoodBusinessReportableSegmentsMember" xlink:label="FoodBusinessReportableSegmentsMember" />
    <link:loc xlink:type="locator" xlink:href="jpcrp030000-asr-001_E30728-000_2024-03-31_01_2024-06-21.xsd#jpcrp030000-asr_E30728-000_DisposalOfTreasuryStockByStockBenefitTrust" xlink:label="DisposalOfTreasuryStockByStockBenefitTrust" />
    <link:loc xlink:type="locator" xlink:href="jpcrp030000-asr-001_E30728-000_2024-03-31_01_2024-06-21.xsd#jpcrp030000-asr_E30728-000_NotesRegardingSubsidyIncomeTextBlock" xlink:label="NotesRegardingSubsidyIncomeTextBlock" />
    <link:loc xlink:type="locator" xlink:href="jpcrp030000-asr-001_E30728-000_2024-03-31_01_2024-06-21.xsd#jpcrp030000-asr_E30728-000_FreightageAndLoadingExpensesSGA" xlink:label="FreightageAndLoadingExpensesSGA" />
    <link:loc xlink:type="locator" xlink:href="jpcrp030000-asr-001_E30728-000_2024-03-31_01_2024-06-21.xsd#jpcrp030000-asr_E30728-000_ContributionToFeedPriceStabilizationFundSGA" xlink:label="ContributionToFeedPriceStabilizationFundSGA" />
    <link:loc xlink:type="locator" xlink:href="jpcrp030000-asr-001_E30728-000_2024-03-31_01_2024-06-21.xsd#jpcrp030000-asr_E30728-000_TemporaryTransferChargesIncomeNOISGA" xlink:label="TemporaryTransferChargesIncomeNOISGA" />
    <link:loc xlink:type="locator" xlink:href="jpcrp030000-asr-001_E30728-000_2024-03-31_01_2024-06-21.xsd#jpcrp030000-asr_E30728-000_NotesRegardingStateSubsidyIncomeTextBlock" xlink:label="NotesRegardingStateSubsidyIncomeTextBlock" />
    <link:loc xlink:type="locator" xlink:href="jpcrp030000-asr-001_E30728-000_2024-03-31_01_2024-06-21.xsd#jpcrp030000-asr_E30728-000_NotesRegardingLossOnFactoryClosingTextBlock" xlink:label="NotesRegardingLossOnFactoryClosingTextBlock" />
    <link:loc xlink:type="locator" xlink:href="jpcrp030000-asr-001_E30728-000_2024-03-31_01_2024-06-21.xsd#jpcrp030000-asr_E30728-000_NotesRegardingFinancialCovenantClausesTextBlock" xlink:label="NotesRegardingFinancialCovenantClausesTextBlock" />
    <link:loc xlink:type="locator" xlink:href="jpcrp030000-asr-001_E30728-000_2024-03-31_01_2024-06-21.xsd#jpcrp030000-asr_E30728-000_YoshisatoKakuMember" xlink:label="YoshisatoKakuMember" />
    <link:label xlink:type="resource" xlink:label="label_TemporaryTransferChargesIncomeNOISGA" xml:lang="ja" xlink:role="http://www.xbrl.org/2003/role/label" id="label_TemporaryTransferChargesIncomeNOISGA">受取出向料</link:label>
    <link:labelArc xlink:type="arc" xlink:arcrole="http://www.xbrl.org/2003/arcrole/concept-label" xlink:from="TemporaryTransferChargesIncomeNOISGA" xlink:to="label_TemporaryTransferChargesIncomeNOISGA" />
    <link:label xlink:type="resource" xlink:label="label_TemporaryTransferChargesIncomeNOISGA_2" xml:lang="ja" xlink:role="http://www.xbrl.org/2003/role/verboseLabel" id="label_TemporaryTransferChargesIncomeNOISGA_2">受取出向料、販売費及び一般管理費</link:label>
    <link:labelArc xlink:type="arc" xlink:arcrole="http://www.xbrl.org/2003/arcrole/concept-label" xlink:from="TemporaryTransferChargesIncomeNOISGA" xlink:to="label_TemporaryTransferChargesIncomeNOISGA_2" />
    <link:label xlink:type="resource" xlink:label="label_NotesRegardingStateSubsidyIncomeTextBlock" xml:lang="ja" xlink:role="http://www.xbrl.org/2003/role/label" id="label_NotesRegardingStateSubsidyIncomeTextBlock">補助金収入に関する注記</link:label>
    <link:labelArc xlink:type="arc" xlink:arcrole="http://www.xbrl.org/2003/arcrole/concept-label" xlink:from="NotesRegardingStateSubsidyIncomeTextBlock" xlink:to="label_NotesRegardingStateSubsidyIncomeTextBlock" />
    <link:label xlink:type="resource" xlink:label="label_NotesRegardingStateSubsidyIncomeTextBlock_2" xml:lang="ja" xlink:role="http://www.xbrl.org/2003/role/verboseLabel" id="label_NotesRegardingStateSubsidyIncomeTextBlock_2">補助金収入に関する注記 [テキストブロック]</link:label>
    <link:labelArc xlink:type="arc" xlink:arcrole="http://www.xbrl.org/2003/arcrole/concept-label" xlink:from="NotesRegardingStateSubsidyIncomeTextBlock" xlink:to="label_NotesRegardingStateSubsidyIncomeTextBlock_2" />
    <link:label xlink:type="resource" xlink:label="label_ProceedsFromSubsidyIncomeInvCF" xml:lang="ja" xlink:role="http://www.xbrl.org/2003/role/label" id="label_ProceedsFromSubsidyIncomeInvCF">補助金による収入</link:label>
    <link:labelArc xlink:type="arc" xlink:arcrole="http://www.xbrl.org/2003/arcrole/concept-label" xlink:from="ProceedsFromSubsidyIncomeInvCF" xlink:to="label_ProceedsFromSubsidyIncomeInvCF" />
    <link:label xlink:type="resource" xlink:label="label_ProceedsFromSubsidyIncomeInvCF_2" xml:lang="ja" xlink:role="http://www.xbrl.org/2003/role/verboseLabel" id="label_ProceedsFromSubsidyIncomeInvCF_2">補助金による収入、投資活動によるキャッシュ・フロー</link:label>
    <link:labelArc xlink:type="arc" xlink:arcrole="http://www.xbrl.org/2003/arcrole/concept-label" xlink:from="ProceedsFromSubsidyIncomeInvCF" xlink:to="label_ProceedsFromSubsidyIncomeInvCF_2" />
    <link:label xlink:type="resource" xlink:label="label_CommissionFeePaidFinCF" xml:lang="ja" xlink:role="http://www.xbrl.org/2003/role/label" id="label_CommissionFeePaidFinCF">支払手数料の支払額</link:label>
    <link:labelArc xlink:type="arc" xlink:arcrole="http://www.xbrl.org/2003/arcrole/concept-label" xlink:from="CommissionFeePaidFinCF" xlink:to="label_CommissionFeePaidFinCF" />
    <link:label xlink:type="resource" xlink:label="label_CommissionFeePaidFinCF_2" xml:lang="ja" xlink:role="http://www.xbrl.org/2003/role/verboseLabel" id="label_CommissionFeePaidFinCF_2">支払手数料の支払額、財務活動によるキャッシュ・フロー</link:label>
    <link:labelArc xlink:type="arc" xlink:arcrole="http://www.xbrl.org/2003/arcrole/concept-label" xlink:from="CommissionFeePaidFinCF" xlink:to="label_CommissionFeePaidFinCF_2" />
    <link:label xlink:type="resource" xlink:label="label_DisposalOfTreasuryStockByStockBenefitTrust" xml:lang="ja" xlink:role="http://www.xbrl.org/2003/role/label" id="label_DisposalOfTreasuryStockByStockBenefitTrust">株式給付信託による自己株式の処分</link:label>
    <link:labelArc xlink:type="arc" xlink:arcrole="http://www.xbrl.org/2003/arcrole/concept-label" xlink:from="DisposalOfTreasuryStockByStockBenefitTrust" xlink:to="label_DisposalOfTreasuryStockByStockBenefitTrust" />
    <link:label xlink:type="resource" xlink:label="label_DisposalOfTreasuryStockByStockBenefitTrust_2" xml:lang="ja" xlink:role="http://www.xbrl.org/2003/role/verboseLabel" id="label_DisposalOfTreasuryStockByStockBenefitTrust_2">株式給付信託による自己株式の処分</link:label>
    <link:labelArc xlink:type="arc" xlink:arcrole="http://www.xbrl.org/2003/arcrole/concept-label" xlink:from="DisposalOfTreasuryStockByStockBenefitTrust" xlink:to="label_DisposalOfTreasuryStockByStockBenefitTrust_2" />
    <link:label xlink:type="resource" xlink:label="label_InterestIncomeAndDividendsIncomeNOI" xml:lang="ja" xlink:role="http://www.xbrl.org/2003/role/label" id="label_InterestIncomeAndDividendsIncomeNOI">受取利息及び受取配当金</link:label>
    <link:labelArc xlink:type="arc" xlink:arcrole="http://www.xbrl.org/2003/arcrole/concept-label" xlink:from="InterestIncomeAndDividendsIncomeNOI" xlink:to="label_InterestIncomeAndDividendsIncomeNOI" />
    <link:label xlink:type="resource" xlink:label="label_InterestIncomeAndDividendsIncomeNOI_2" xml:lang="ja" xlink:role="http://www.xbrl.org/2003/role/verboseLabel" id="label_InterestIncomeAndDividendsIncomeNOI_2">受取利息及び受取配当金、営業外収益</link:label>
    <link:labelArc xlink:type="arc" xlink:arcrole="http://www.xbrl.org/2003/arcrole/concept-label" xlink:from="InterestIncomeAndDividendsIncomeNOI" xlink:to="label_InterestIncomeAndDividendsIncomeNOI_2" />
    <link:label xlink:type="resource" xlink:label="label_StockpileStorageRevenueNOI" xml:lang="ja" xlink:role="http://www.xbrl.org/2003/role/label" id="label_StockpileStorageRevenueNOI">備蓄保管収入</link:label>
    <link:labelArc xlink:type="arc" xlink:arcrole="http://www.xbrl.org/2003/arcrole/concept-label" xlink:from="StockpileStorageRevenueNOI" xlink:to="label_StockpileStorageRevenueNOI" />
    <link:label xlink:type="resource" xlink:label="label_StockpileStorageRevenueNOI_2" xml:lang="ja" xlink:role="http://www.xbrl.org/2003/role/verboseLabel" id="label_StockpileStorageRevenueNOI_2">備蓄保管収入、営業外収益</link:label>
    <link:labelArc xlink:type="arc" xlink:arcrole="http://www.xbrl.org/2003/arcrole/concept-label" xlink:from="StockpileStorageRevenueNOI" xlink:to="label_StockpileStorageRevenueNOI_2" />
    <link:label xlink:type="resource" xlink:label="label_LossOnClosingOfFactoryEL" xml:lang="ja" xlink:role="http://www.xbrl.org/2003/role/label" id="label_LossOnClosingOfFactoryEL">工場閉鎖損失</link:label>
    <link:labelArc xlink:type="arc" xlink:arcrole="http://www.xbrl.org/2003/arcrole/concept-label" xlink:from="LossOnClosingOfFactoryEL" xlink:to="label_LossOnClosingOfFactoryEL" />
    <link:label xlink:type="resource" xlink:label="label_LossOnClosingOfFactoryEL_2" xml:lang="ja" xlink:role="http://www.xbrl.org/2003/role/verboseLabel" id="label_LossOnClosingOfFactoryEL_2">工場閉鎖損失、特別損失</link:label>
    <link:labelArc xlink:type="arc" xlink:arcrole="http://www.xbrl.org/2003/arcrole/concept-label" xlink:from="LossOnClosingOfFactoryEL" xlink:to="label_LossOnClosingOfFactoryEL_2" />
    <link:label xlink:type="resource" xlink:label="label_AccountsReceivableOtherCA" xml:lang="ja" xlink:role="http://www.xbrl.org/2003/role/label" id="label_AccountsReceivableOtherCA">未収金</link:label>
    <link:labelArc xlink:type="arc" xlink:arcrole="http://www.xbrl.org/2003/arcrole/concept-label" xlink:from="AccountsReceivableOtherCA" xlink:to="label_AccountsReceivableOtherCA" />
    <link:label xlink:type="resource" xlink:label="label_AccountsReceivableOtherCA_2" xml:lang="ja" xlink:role="http://www.xbrl.org/2003/role/verboseLabel" id="label_AccountsReceivableOtherCA_2">未収金、流動資産</link:label>
    <link:labelArc xlink:type="arc" xlink:arcrole="http://www.xbrl.org/2003/arcrole/concept-label" xlink:from="AccountsReceivableOtherCA" xlink:to="label_AccountsReceivableOtherCA_2" />
    <link:label xlink:type="resource" xlink:label="label_Animals" xml:lang="ja" xlink:role="http://www.xbrl.org/2003/role/label" id="label_Animals">動物</link:label>
    <link:labelArc xlink:type="arc" xlink:arcrole="http://www.xbrl.org/2003/arcrole/concept-label" xlink:from="Animals" xlink:to="label_Animals" />
    <link:label xlink:type="resource" xlink:label="label_Animals_2" xml:lang="ja" xlink:role="http://www.xbrl.org/2003/role/verboseLabel" id="label_Animals_2">動物</link:label>
    <link:labelArc xlink:type="arc" xlink:arcrole="http://www.xbrl.org/2003/arcrole/concept-label" xlink:from="Animals" xlink:to="label_Animals_2" />
    <link:label xlink:type="resource" xlink:label="label_NotesRegardingFinancialCovenantClausesTextBlock_2" xml:lang="ja" xlink:role="http://www.xbrl.org/2003/role/label" id="label_NotesRegardingFinancialCovenantClausesTextBlock_2">財務制限条項に関する注記</link:label>
    <link:labelArc xlink:type="arc" xlink:arcrole="http://www.xbrl.org/2003/arcrole/concept-label" xlink:from="NotesRegardingFinancialCovenantClausesTextBlock" xlink:to="label_NotesRegardingFinancialCovenantClausesTextBlock_2" />
    <link:label xlink:type="resource" xlink:label="label_NotesRegardingFinancialCovenantClausesTextBlock" xml:lang="ja" xlink:role="http://www.xbrl.org/2003/role/verboseLabel" id="label_NotesRegardingFinancialCovenantClausesTextBlock">財務制限条項に関する注記 [テキストブロック]</link:label>
    <link:labelArc xlink:type="arc" xlink:arcrole="http://www.xbrl.org/2003/arcrole/concept-label" xlink:from="NotesRegardingFinancialCovenantClausesTextBlock" xlink:to="label_NotesRegardingFinancialCovenantClausesTextBlock" />
    <link:label xlink:type="resource" xlink:label="label_NotesRegardingSubsidyIncomeTextBlock" xml:lang="ja" xlink:role="http://www.xbrl.org/2003/role/label" id="label_NotesRegardingSubsidyIncomeTextBlock">補助金収入の注記</link:label>
    <link:labelArc xlink:type="arc" xlink:arcrole="http://www.xbrl.org/2003/arcrole/concept-label" xlink:from="NotesRegardingSubsidyIncomeTextBlock" xlink:to="label_NotesRegardingSubsidyIncomeTextBlock" />
    <link:label xlink:type="resource" xlink:label="label_NotesRegardingSubsidyIncomeTextBlock_2" xml:lang="ja" xlink:role="http://www.xbrl.org/2003/role/verboseLabel" id="label_NotesRegardingSubsidyIncomeTextBlock_2">補助金収入の注記 [テキストブロック]</link:label>
    <link:labelArc xlink:type="arc" xlink:arcrole="http://www.xbrl.org/2003/arcrole/concept-label" xlink:from="NotesRegardingSubsidyIncomeTextBlock" xlink:to="label_NotesRegardingSubsidyIncomeTextBlock_2" />
    <link:label xlink:type="resource" xlink:label="label_FreightageAndLoadingExpensesSGA" xml:lang="ja" xlink:role="http://www.xbrl.org/2003/role/label" id="label_FreightageAndLoadingExpensesSGA">運賃積込賃</link:label>
    <link:labelArc xlink:type="arc" xlink:arcrole="http://www.xbrl.org/2003/arcrole/concept-label" xlink:from="FreightageAndLoadingExpensesSGA" xlink:to="label_FreightageAndLoadingExpensesSGA" />
    <link:label xlink:type="resource" xlink:label="label_FreightageAndLoadingExpensesSGA_2" xml:lang="ja" xlink:role="http://www.xbrl.org/2003/role/verboseLabel" id="label_FreightageAndLoadingExpensesSGA_2">運賃積込賃、販売費及び一般管理費</link:label>
    <link:labelArc xlink:type="arc" xlink:arcrole="http://www.xbrl.org/2003/arcrole/concept-label" xlink:from="FreightageAndLoadingExpensesSGA" xlink:to="label_FreightageAndLoadingExpensesSGA_2" />
    <link:label xlink:type="resource" xlink:label="label_ContributionToFeedPriceStabilizationFundSGA" xml:lang="ja" xlink:role="http://www.xbrl.org/2003/role/label" id="label_ContributionToFeedPriceStabilizationFundSGA">飼料価格安定基金負担金</link:label>
    <link:labelArc xlink:type="arc" xlink:arcrole="http://www.xbrl.org/2003/arcrole/concept-label" xlink:from="ContributionToFeedPriceStabilizationFundSGA" xlink:to="label_ContributionToFeedPriceStabilizationFundSGA" />
    <link:label xlink:type="resource" xlink:label="label_ContributionToFeedPriceStabilizationFundSGA_2" xml:lang="ja" xlink:role="http://www.xbrl.org/2003/role/verboseLabel" id="label_ContributionToFeedPriceStabilizationFundSGA_2">飼料価格安定基金負担金、販売費及び一般管理費</link:label>
    <link:labelArc xlink:type="arc" xlink:arcrole="http://www.xbrl.org/2003/arcrole/concept-label" xlink:from="ContributionToFeedPriceStabilizationFundSGA" xlink:to="label_ContributionToFeedPriceStabilizationFundSGA_2" />
    <link:label xlink:type="resource" xlink:label="label_NotesRegardingLossOnFactoryClosingTextBlock" xml:lang="ja" xlink:role="http://www.xbrl.org/2003/role/label" id="label_NotesRegardingLossOnFactoryClosingTextBlock">工場閉鎖損失に関する注記</link:label>
    <link:labelArc xlink:type="arc" xlink:arcrole="http://www.xbrl.org/2003/arcrole/concept-label" xlink:from="NotesRegardingLossOnFactoryClosingTextBlock" xlink:to="label_NotesRegardingLossOnFactoryClosingTextBlock" />
    <link:label xlink:type="resource" xlink:label="label_NotesRegardingLossOnFactoryClosingTextBlock_2" xml:lang="ja" xlink:role="http://www.xbrl.org/2003/role/verboseLabel" id="label_NotesRegardingLossOnFactoryClosingTextBlock_2">工場閉鎖損失に関する注記 [テキストブロック]</link:label>
    <link:labelArc xlink:type="arc" xlink:arcrole="http://www.xbrl.org/2003/arcrole/concept-label" xlink:from="NotesRegardingLossOnFactoryClosingTextBlock" xlink:to="label_NotesRegardingLossOnFactoryClosingTextBlock_2" />
    <link:label xlink:type="resource" xlink:label="label_ShojiHidehiroMember" xml:lang="ja" xlink:role="http://www.xbrl.org/2003/role/label" id="label_ShojiHidehiroMember">庄司　英洋</link:label>
    <link:labelArc xlink:type="arc" xlink:arcrole="http://www.xbrl.org/2003/arcrole/concept-label" xlink:from="ShojiHidehiroMember" xlink:to="label_ShojiHidehiroMember" />
    <link:label xlink:type="resource" xlink:label="label_ShojiHidehiroMember_2" xml:lang="ja" xlink:role="http://www.xbrl.org/2003/role/verboseLabel" id="label_ShojiHidehiroMember_2">庄司　英洋 [メンバー]</link:label>
    <link:labelArc xlink:type="arc" xlink:arcrole="http://www.xbrl.org/2003/arcrole/concept-label" xlink:from="ShojiHidehiroMember" xlink:to="label_ShojiHidehiroMember_2" />
    <link:label xlink:type="resource" xlink:label="label_KubotaKazuoMember" xml:lang="ja" xlink:role="http://www.xbrl.org/2003/role/label" id="label_KubotaKazuoMember">窪田　和男</link:label>
    <link:labelArc xlink:type="arc" xlink:arcrole="http://www.xbrl.org/2003/arcrole/concept-label" xlink:from="KubotaKazuoMember" xlink:to="label_KubotaKazuoMember" />
    <link:label xlink:type="resource" xlink:label="label_KubotaKazuoMember_2" xml:lang="ja" xlink:role="http://www.xbrl.org/2003/role/verboseLabel" id="label_KubotaKazuoMember_2">窪田　和男 [メンバー]</link:label>
    <link:labelArc xlink:type="arc" xlink:arcrole="http://www.xbrl.org/2003/arcrole/concept-label" xlink:from="KubotaKazuoMember" xlink:to="label_KubotaKazuoMember_2" />
    <link:label xlink:type="resource" xlink:label="label_TashiroYoshihisaMember" xml:lang="ja" xlink:role="http://www.xbrl.org/2003/role/label" id="label_TashiroYoshihisaMember">田代　義尚</link:label>
    <link:labelArc xlink:type="arc" xlink:arcrole="http://www.xbrl.org/2003/arcrole/concept-label" xlink:from="TashiroYoshihisaMember" xlink:to="label_TashiroYoshihisaMember" />
    <link:label xlink:type="resource" xlink:label="label_TashiroYoshihisaMember_2" xml:lang="ja" xlink:role="http://www.xbrl.org/2003/role/verboseLabel" id="label_TashiroYoshihisaMember_2">田代　義尚 [メンバー]</link:label>
    <link:labelArc xlink:type="arc" xlink:arcrole="http://www.xbrl.org/2003/arcrole/concept-label" xlink:from="TashiroYoshihisaMember" xlink:to="label_TashiroYoshihisaMember_2" />
    <link:label xlink:type="resource" xlink:label="label_KubotaKikueMember" xml:lang="ja" xlink:role="http://www.xbrl.org/2003/role/label" id="label_KubotaKikueMember">久保田　紀久枝</link:label>
    <link:labelArc xlink:type="arc" xlink:arcrole="http://www.xbrl.org/2003/arcrole/concept-label" xlink:from="KubotaKikueMember" xlink:to="label_KubotaKikueMember" />
    <link:label xlink:type="resource" xlink:label="label_KubotaKikueMember_2" xml:lang="ja" xlink:role="http://www.xbrl.org/2003/role/verboseLabel" id="label_KubotaKikueMember_2">久保田　紀久枝 [メンバー]</link:label>
    <link:labelArc xlink:type="arc" xlink:arcrole="http://www.xbrl.org/2003/arcrole/concept-label" xlink:from="KubotaKikueMember" xlink:to="label_KubotaKikueMember_2" />
    <link:label xlink:type="resource" xlink:label="label_TsujiTakaoMember" xml:lang="ja" xlink:role="http://www.xbrl.org/2003/role/label" id="label_TsujiTakaoMember">辻　孝夫</link:label>
    <link:labelArc xlink:type="arc" xlink:arcrole="http://www.xbrl.org/2003/arcrole/concept-label" xlink:from="TsujiTakaoMember" xlink:to="label_TsujiTakaoMember" />
    <link:label xlink:type="resource" xlink:label="label_TsujiTakaoMember_2" xml:lang="ja" xlink:role="http://www.xbrl.org/2003/role/verboseLabel" id="label_TsujiTakaoMember_2">辻　孝夫 [メンバー]</link:label>
    <link:labelArc xlink:type="arc" xlink:arcrole="http://www.xbrl.org/2003/arcrole/concept-label" xlink:from="TsujiTakaoMember" xlink:to="label_TsujiTakaoMember_2" />
    <link:label xlink:type="resource" xlink:label="label_HandaYasufumiMember" xml:lang="ja" xlink:role="http://www.xbrl.org/2003/role/label" id="label_HandaYasufumiMember">半田　靖史</link:label>
    <link:labelArc xlink:type="arc" xlink:arcrole="http://www.xbrl.org/2003/arcrole/concept-label" xlink:from="HandaYasufumiMember" xlink:to="label_HandaYasufumiMember" />
    <link:label xlink:type="resource" xlink:label="label_HandaYasufumiMember_2" xml:lang="ja" xlink:role="http://www.xbrl.org/2003/role/verboseLabel" id="label_HandaYasufumiMember_2">半田　靖史 [メンバー]</link:label>
    <link:labelArc xlink:type="arc" xlink:arcrole="http://www.xbrl.org/2003/arcrole/concept-label" xlink:from="HandaYasufumiMember" xlink:to="label_HandaYasufumiMember_2" />
    <link:label xlink:type="resource" xlink:label="label_YoshisatoKakuMember" xml:lang="ja" xlink:role="http://www.xbrl.org/2003/role/label" id="label_YoshisatoKakuMember">吉里　格</link:label>
    <link:labelArc xlink:type="arc" xlink:arcrole="http://www.xbrl.org/2003/arcrole/concept-label" xlink:from="YoshisatoKakuMember" xlink:to="label_YoshisatoKakuMember" />
    <link:label xlink:type="resource" xlink:label="label_YoshisatoKakuMember_2" xml:lang="ja" xlink:role="http://www.xbrl.org/2003/role/verboseLabel" id="label_YoshisatoKakuMember_2">吉里　格 [メンバー]</link:label>
    <link:labelArc xlink:type="arc" xlink:arcrole="http://www.xbrl.org/2003/arcrole/concept-label" xlink:from="YoshisatoKakuMember" xlink:to="label_YoshisatoKakuMember_2" />
    <link:label xlink:type="resource" xlink:label="label_AoyamaToruMember" xml:lang="ja" xlink:role="http://www.xbrl.org/2003/role/label" id="label_AoyamaToruMember">青山　徹</link:label>
    <link:labelArc xlink:type="arc" xlink:arcrole="http://www.xbrl.org/2003/arcrole/concept-label" xlink:from="AoyamaToruMember" xlink:to="label_AoyamaToruMember" />
    <link:label xlink:type="resource" xlink:label="label_AoyamaToruMember_2" xml:lang="ja" xlink:role="http://www.xbrl.org/2003/role/verboseLabel" id="label_AoyamaToruMember_2">青山　徹 [メンバー]</link:label>
    <link:labelArc xlink:type="arc" xlink:arcrole="http://www.xbrl.org/2003/arcrole/concept-label" xlink:from="AoyamaToruMember" xlink:to="label_AoyamaToruMember_2" />
    <link:label xlink:type="resource" xlink:label="label_GotoKeizoMember" xml:lang="ja" xlink:role="http://www.xbrl.org/2003/role/label" id="label_GotoKeizoMember">後藤　敬三</link:label>
    <link:labelArc xlink:type="arc" xlink:arcrole="http://www.xbrl.org/2003/arcrole/concept-label" xlink:from="GotoKeizoMember" xlink:to="label_GotoKeizoMember" />
    <link:label xlink:type="resource" xlink:label="label_GotoKeizoMember_2" xml:lang="ja" xlink:role="http://www.xbrl.org/2003/role/verboseLabel" id="label_GotoKeizoMember_2">後藤　敬三 [メンバー]</link:label>
    <link:labelArc xlink:type="arc" xlink:arcrole="http://www.xbrl.org/2003/arcrole/concept-label" xlink:from="GotoKeizoMember" xlink:to="label_GotoKeizoMember_2" />
    <link:label xlink:type="resource" xlink:label="label_ChikadaNaokiMember" xml:lang="ja" xlink:role="http://www.xbrl.org/2003/role/label" id="label_ChikadaNaokiMember">近田　直裕</link:label>
    <link:labelArc xlink:type="arc" xlink:arcrole="http://www.xbrl.org/2003/arcrole/concept-label" xlink:from="ChikadaNaokiMember" xlink:to="label_ChikadaNaokiMember" />
    <link:label xlink:type="resource" xlink:label="label_ChikadaNaokiMember_2" xml:lang="ja" xlink:role="http://www.xbrl.org/2003/role/verboseLabel" id="label_ChikadaNaokiMember_2">近田　直裕 [メンバー]</link:label>
    <link:labelArc xlink:type="arc" xlink:arcrole="http://www.xbrl.org/2003/arcrole/concept-label" xlink:from="ChikadaNaokiMember" xlink:to="label_ChikadaNaokiMember_2" />
    <link:label xlink:type="resource" xlink:label="label_CorporateOtherMember" xml:lang="ja" xlink:role="http://www.xbrl.org/2003/role/label" id="label_CorporateOtherMember">全社(共通)・その他</link:label>
    <link:labelArc xlink:type="arc" xlink:arcrole="http://www.xbrl.org/2003/arcrole/concept-label" xlink:from="CorporateOtherMember" xlink:to="label_CorporateOtherMember" />
    <link:label xlink:type="resource" xlink:label="label_CorporateOtherMember_2" xml:lang="ja" xlink:role="http://www.xbrl.org/2003/role/verboseLabel" id="label_CorporateOtherMember_2">全社(共通)・その他 [メンバー]</link:label>
    <link:labelArc xlink:type="arc" xlink:arcrole="http://www.xbrl.org/2003/arcrole/concept-label" xlink:from="CorporateOtherMember" xlink:to="label_CorporateOtherMember_2" />
    <link:label xlink:type="resource" xlink:label="label_StrategyClimateChangeTextBlock_2" xml:lang="ja" xlink:role="http://www.xbrl.org/2003/role/label" id="label_StrategyClimateChangeTextBlock_2">戦略、気候変動</link:label>
    <link:labelArc xlink:type="arc" xlink:arcrole="http://www.xbrl.org/2003/arcrole/concept-label" xlink:from="StrategyClimateChangeTextBlock" xlink:to="label_StrategyClimateChangeTextBlock_2" />
    <link:label xlink:type="resource" xlink:label="label_StrategyClimateChangeTextBlock" xml:lang="ja" xlink:role="http://www.xbrl.org/2003/role/verboseLabel" id="label_StrategyClimateChangeTextBlock">戦略、気候変動 [テキストブロック]</link:label>
    <link:labelArc xlink:type="arc" xlink:arcrole="http://www.xbrl.org/2003/arcrole/concept-label" xlink:from="StrategyClimateChangeTextBlock" xlink:to="label_StrategyClimateChangeTextBlock" />
    <link:label xlink:type="resource" xlink:label="label_RiskManagementClimateChangeTextBlock_2" xml:lang="ja" xlink:role="http://www.xbrl.org/2003/role/label" id="label_RiskManagementClimateChangeTextBlock_2">リスク管理、気候変動</link:label>
    <link:labelArc xlink:type="arc" xlink:arcrole="http://www.xbrl.org/2003/arcrole/concept-label" xlink:from="RiskManagementClimateChangeTextBlock" xlink:to="label_RiskManagementClimateChangeTextBlock_2" />
    <link:label xlink:type="resource" xlink:label="label_RiskManagementClimateChangeTextBlock" xml:lang="ja" xlink:role="http://www.xbrl.org/2003/role/verboseLabel" id="label_RiskManagementClimateChangeTextBlock">リスク管理、気候変動 [テキストブロック]</link:label>
    <link:labelArc xlink:type="arc" xlink:arcrole="http://www.xbrl.org/2003/arcrole/concept-label" xlink:from="RiskManagementClimateChangeTextBlock" xlink:to="label_RiskManagementClimateChangeTextBlock" />
    <link:label xlink:type="resource" xlink:label="label_MetricsAndTargetsClimateChangeTextBlock_2" xml:lang="ja" xlink:role="http://www.xbrl.org/2003/role/label" id="label_MetricsAndTargetsClimateChangeTextBlock_2">指標及び目標、気候変動</link:label>
    <link:labelArc xlink:type="arc" xlink:arcrole="http://www.xbrl.org/2003/arcrole/concept-label" xlink:from="MetricsAndTargetsClimateChangeTextBlock" xlink:to="label_MetricsAndTargetsClimateChangeTextBlock_2" />
    <link:label xlink:type="resource" xlink:label="label_MetricsAndTargetsClimateChangeTextBlock" xml:lang="ja" xlink:role="http://www.xbrl.org/2003/role/verboseLabel" id="label_MetricsAndTargetsClimateChangeTextBlock">指標及び目標、気候変動 [テキストブロック]</link:label>
    <link:labelArc xlink:type="arc" xlink:arcrole="http://www.xbrl.org/2003/arcrole/concept-label" xlink:from="MetricsAndTargetsClimateChangeTextBlock" xlink:to="label_MetricsAndTargetsClimateChangeTextBlock" />
    <link:label xlink:type="resource" xlink:label="label_FeedReportableSegmentsMember" xml:lang="ja" xlink:role="http://www.xbrl.org/2003/role/label" id="label_FeedReportableSegmentsMember">飼料事業</link:label>
    <link:labelArc xlink:type="arc" xlink:arcrole="http://www.xbrl.org/2003/arcrole/concept-label" xlink:from="FeedReportableSegmentsMember" xlink:to="label_FeedReportableSegmentsMember" />
    <link:label xlink:type="resource" xlink:label="label_FeedReportableSegmentsMember_2" xml:lang="ja" xlink:role="http://www.xbrl.org/2003/role/verboseLabel" id="label_FeedReportableSegmentsMember_2">飼料事業、報告セグメント [メンバー]</link:label>
    <link:labelArc xlink:type="arc" xlink:arcrole="http://www.xbrl.org/2003/arcrole/concept-label" xlink:from="FeedReportableSegmentsMember" xlink:to="label_FeedReportableSegmentsMember_2" />
    <link:label xlink:type="resource" xlink:label="label_FoodBusinessReportableSegmentsMember" xml:lang="ja" xlink:role="http://www.xbrl.org/2003/role/label" id="label_FoodBusinessReportableSegmentsMember">食品事業</link:label>
    <link:labelArc xlink:type="arc" xlink:arcrole="http://www.xbrl.org/2003/arcrole/concept-label" xlink:from="FoodBusinessReportableSegmentsMember" xlink:to="label_FoodBusinessReportableSegmentsMember" />
    <link:label xlink:type="resource" xlink:label="label_FoodBusinessReportableSegmentsMember_2" xml:lang="ja" xlink:role="http://www.xbrl.org/2003/role/verboseLabel" id="label_FoodBusinessReportableSegmentsMember_2">食品事業、報告セグメント [メンバー]</link:label>
    <link:labelArc xlink:type="arc" xlink:arcrole="http://www.xbrl.org/2003/arcrole/concept-label" xlink:from="FoodBusinessReportableSegmentsMember" xlink:to="label_FoodBusinessReportableSegmentsMember_2" />
  </link:labelLink>
</link:linkbase>