﻿<?xml version="1.0" encoding="utf-8"?>
<!-- XBRL Document Created with WizLabo Platform -->
<link:linkbase xmlns:xlink="http://www.w3.org/1999/xlink" xmlns:xsi="http://www.w3.org/2001/XMLSchema-instance" xmlns:link="http://www.xbrl.org/2003/linkbase">
  <link:labelLink xlink:type="extended" xlink:role="http://www.xbrl.org/2003/role/link">
    <link:label xml:lang="ja" xlink:type="resource" xlink:label="jpcrp030000-asr_E31012-000_AokiShinichiMember_label" xlink:role="http://www.xbrl.org/2003/role/label">青木　伸一</link:label>
    <link:label xml:lang="ja" xlink:type="resource" xlink:label="jpcrp030000-asr_E31012-000_AokiShinichiMember_label_1" xlink:role="http://www.xbrl.org/2003/role/verboseLabel">青木　伸一 [メンバー]</link:label>
    <link:label xml:lang="ja" xlink:type="resource" xlink:label="jpcrp030000-asr_E31012-000_FuseMasahiroMember_label" xlink:role="http://www.xbrl.org/2003/role/label">布施　雅弘</link:label>
    <link:label xml:lang="ja" xlink:type="resource" xlink:label="jpcrp030000-asr_E31012-000_FuseMasahiroMember_label_1" xlink:role="http://www.xbrl.org/2003/role/verboseLabel">布施　雅弘 [メンバー]</link:label>
    <link:label xml:lang="ja" xlink:type="resource" xlink:label="jpcrp030000-asr_E31012-000_GovernanceHumanCapitalTextBlock_label" xlink:role="http://www.xbrl.org/2003/role/label">ガバナンス、人的資本</link:label>
    <link:label xml:lang="ja" xlink:type="resource" xlink:label="jpcrp030000-asr_E31012-000_GovernanceHumanCapitalTextBlock_label_1" xlink:role="http://www.xbrl.org/2003/role/verboseLabel">ガバナンス、人的資本 [テキストブロック]</link:label>
    <link:label xml:lang="ja" xlink:type="resource" xlink:label="jpcrp030000-asr_E31012-000_GovernanceRespondingToClimateChangeTextBlock_label" xlink:role="http://www.xbrl.org/2003/role/label">ガバナンス、気候変動への対応</link:label>
    <link:label xml:lang="ja" xlink:type="resource" xlink:label="jpcrp030000-asr_E31012-000_GovernanceRespondingToClimateChangeTextBlock_label_1" xlink:role="http://www.xbrl.org/2003/role/verboseLabel">ガバナンス、気候変動への対応 [テキストブロック]</link:label>
    <link:label xml:lang="ja" xlink:type="resource" xlink:label="jpcrp030000-asr_E31012-000_KaritaHidenoriMember_label" xlink:role="http://www.xbrl.org/2003/role/label">苅田　英範</link:label>
    <link:label xml:lang="ja" xlink:type="resource" xlink:label="jpcrp030000-asr_E31012-000_KaritaHidenoriMember_label_1" xlink:role="http://www.xbrl.org/2003/role/verboseLabel">苅田　英範 [メンバー]</link:label>
    <link:label xml:lang="ja" xlink:type="resource" xlink:label="jpcrp030000-asr_E31012-000_KawadaGoMember_label" xlink:role="http://www.xbrl.org/2003/role/label">川田　剛</link:label>
    <link:label xml:lang="ja" xlink:type="resource" xlink:label="jpcrp030000-asr_E31012-000_KawadaGoMember_label_1" xlink:role="http://www.xbrl.org/2003/role/verboseLabel">川田　剛 [メンバー]</link:label>
    <link:label xml:lang="ja" xlink:type="resource" xlink:label="jpcrp030000-asr_E31012-000_KurokawaTakeoMember_label" xlink:role="http://www.xbrl.org/2003/role/label">黒川　岳夫</link:label>
    <link:label xml:lang="ja" xlink:type="resource" xlink:label="jpcrp030000-asr_E31012-000_KurokawaTakeoMember_label_1" xlink:role="http://www.xbrl.org/2003/role/verboseLabel">黒川　岳夫 [メンバー]</link:label>
    <link:label xml:lang="ja" xlink:type="resource" xlink:label="jpcrp030000-asr_E31012-000_MetricsAndTargetsHumanCapitalTextBlock_label" xlink:role="http://www.xbrl.org/2003/role/label">指標及び目標、人的資本</link:label>
    <link:label xml:lang="ja" xlink:type="resource" xlink:label="jpcrp030000-asr_E31012-000_MetricsAndTargetsHumanCapitalTextBlock_label_1" xlink:role="http://www.xbrl.org/2003/role/verboseLabel">指標及び目標、人的資本 [テキストブロック]</link:label>
    <link:label xml:lang="ja" xlink:type="resource" xlink:label="jpcrp030000-asr_E31012-000_MetricsAndTargetsRespondingToClimateChangeTextBlock_label" xlink:role="http://www.xbrl.org/2003/role/label">指標及び目標、気候変動への対応</link:label>
    <link:label xml:lang="ja" xlink:type="resource" xlink:label="jpcrp030000-asr_E31012-000_MetricsAndTargetsRespondingToClimateChangeTextBlock_label_1" xlink:role="http://www.xbrl.org/2003/role/verboseLabel">指標及び目標、気候変動への対応 [テキストブロック]</link:label>
    <link:label xml:lang="ja" xlink:type="resource" xlink:label="jpcrp030000-asr_E31012-000_NagaoToshinariMember_label" xlink:role="http://www.xbrl.org/2003/role/label">長尾　敏成</link:label>
    <link:label xml:lang="ja" xlink:type="resource" xlink:label="jpcrp030000-asr_E31012-000_NagaoToshinariMember_label_1" xlink:role="http://www.xbrl.org/2003/role/verboseLabel">長尾　敏成 [メンバー]</link:label>
    <link:label xml:lang="ja" xlink:type="resource" xlink:label="jpcrp030000-asr_E31012-000_NotesRegardingRevenueTextBlock_label" xlink:role="http://www.xbrl.org/2003/role/label">売上高に関する注記</link:label>
    <link:label xml:lang="ja" xlink:type="resource" xlink:label="jpcrp030000-asr_E31012-000_NotesRegardingRevenueTextBlock_label_1" xlink:role="http://www.xbrl.org/2003/role/verboseLabel">売上高に関する注記 [テキストブロック]</link:label>
    <link:label xml:lang="ja" xlink:type="resource" xlink:label="jpcrp030000-asr_E31012-000_ReferenceToOtherInformationRiskManagementHumanCapital_label" xlink:role="http://www.xbrl.org/2003/role/label">他の記載への参照</link:label>
    <link:label xml:lang="ja" xlink:type="resource" xlink:label="jpcrp030000-asr_E31012-000_ReferenceToOtherInformationRiskManagementHumanCapital_label_1" xlink:role="http://www.xbrl.org/2003/role/verboseLabel">他の記載への参照、リスク管理、人的資本</link:label>
    <link:label xml:lang="ja" xlink:type="resource" xlink:label="jpcrp030000-asr_E31012-000_ReferenceToOtherInformationRiskManagementRespondingToClimateChange_label" xlink:role="http://www.xbrl.org/2003/role/label">他の記載への参照</link:label>
    <link:label xml:lang="ja" xlink:type="resource" xlink:label="jpcrp030000-asr_E31012-000_ReferenceToOtherInformationRiskManagementRespondingToClimateChange_label_1" xlink:role="http://www.xbrl.org/2003/role/verboseLabel">他の記載への参照、リスク管理、気候変動への対応</link:label>
    <link:label xml:lang="ja" xlink:type="resource" xlink:label="jpcrp030000-asr_E31012-000_RiskManagementHumanCapitalTextBlock_label" xlink:role="http://www.xbrl.org/2003/role/label">リスク管理、人的資本</link:label>
    <link:label xml:lang="ja" xlink:type="resource" xlink:label="jpcrp030000-asr_E31012-000_RiskManagementHumanCapitalTextBlock_label_1" xlink:role="http://www.xbrl.org/2003/role/verboseLabel">リスク管理、人的資本 [テキストブロック]</link:label>
    <link:label xml:lang="ja" xlink:type="resource" xlink:label="jpcrp030000-asr_E31012-000_RiskManagementRespondingToClimateChangeTextBlock_label" xlink:role="http://www.xbrl.org/2003/role/label">リスク管理、気候変動への対応</link:label>
    <link:label xml:lang="ja" xlink:type="resource" xlink:label="jpcrp030000-asr_E31012-000_RiskManagementRespondingToClimateChangeTextBlock_label_1" xlink:role="http://www.xbrl.org/2003/role/verboseLabel">リスク管理、気候変動への対応 [テキストブロック]</link:label>
    <link:label xml:lang="ja" xlink:type="resource" xlink:label="jpcrp030000-asr_E31012-000_StrategyHumanCapitalTextBlock_label" xlink:role="http://www.xbrl.org/2003/role/label">戦略、人的資本</link:label>
    <link:label xml:lang="ja" xlink:type="resource" xlink:label="jpcrp030000-asr_E31012-000_StrategyHumanCapitalTextBlock_label_1" xlink:role="http://www.xbrl.org/2003/role/verboseLabel">戦略、人的資本 [テキストブロック]</link:label>
    <link:label xml:lang="ja" xlink:type="resource" xlink:label="jpcrp030000-asr_E31012-000_StrategyRespondingToClimateChangeTextBlock_label" xlink:role="http://www.xbrl.org/2003/role/label">戦略、気候変動への対応</link:label>
    <link:label xml:lang="ja" xlink:type="resource" xlink:label="jpcrp030000-asr_E31012-000_StrategyRespondingToClimateChangeTextBlock_label_1" xlink:role="http://www.xbrl.org/2003/role/verboseLabel">戦略、気候変動への対応 [テキストブロック]</link:label>
    <link:label xml:lang="ja" xlink:type="resource" xlink:label="jpcrp030000-asr_E31012-000_TakahashiKazuhiroMember_label" xlink:role="http://www.xbrl.org/2003/role/label">高橋　和広</link:label>
    <link:label xml:lang="ja" xlink:type="resource" xlink:label="jpcrp030000-asr_E31012-000_TakahashiKazuhiroMember_label_1" xlink:role="http://www.xbrl.org/2003/role/verboseLabel">高橋　和広 [メンバー]</link:label>
    <link:label xml:lang="ja" xlink:type="resource" xlink:label="jpcrp030000-asr_E31012-000_TakatsukiHiroakiMember_label" xlink:role="http://www.xbrl.org/2003/role/label">髙付　広昭</link:label>
    <link:label xml:lang="ja" xlink:type="resource" xlink:label="jpcrp030000-asr_E31012-000_TakatsukiHiroakiMember_label_1" xlink:role="http://www.xbrl.org/2003/role/verboseLabel">髙付　広昭 [メンバー]</link:label>
    <link:label xml:lang="ja" xlink:type="resource" xlink:label="jpcrp030000-asr_E31012-000_TomitaFumiyoshiMember_label" xlink:role="http://www.xbrl.org/2003/role/label">冨田　史好</link:label>
    <link:label xml:lang="ja" xlink:type="resource" xlink:label="jpcrp030000-asr_E31012-000_TomitaFumiyoshiMember_label_1" xlink:role="http://www.xbrl.org/2003/role/verboseLabel">冨田　史好 [メンバー]</link:label>
    <link:loc xlink:type="locator" xlink:href="jpcrp030000-asr-001_E31012-000_2024-03-31_01_2024-06-19.xsd#jpcrp030000-asr_E31012-000_AokiShinichiMember" xlink:label="jpcrp030000-asr_E31012-000_AokiShinichiMember" />
    <link:loc xlink:type="locator" xlink:href="jpcrp030000-asr-001_E31012-000_2024-03-31_01_2024-06-19.xsd#jpcrp030000-asr_E31012-000_FuseMasahiroMember" xlink:label="jpcrp030000-asr_E31012-000_FuseMasahiroMember" />
    <link:loc xlink:type="locator" xlink:href="jpcrp030000-asr-001_E31012-000_2024-03-31_01_2024-06-19.xsd#jpcrp030000-asr_E31012-000_GovernanceHumanCapitalTextBlock" xlink:label="jpcrp030000-asr_E31012-000_GovernanceHumanCapitalTextBlock" />
    <link:loc xlink:type="locator" xlink:href="jpcrp030000-asr-001_E31012-000_2024-03-31_01_2024-06-19.xsd#jpcrp030000-asr_E31012-000_GovernanceRespondingToClimateChangeTextBlock" xlink:label="jpcrp030000-asr_E31012-000_GovernanceRespondingToClimateChangeTextBlock" />
    <link:loc xlink:type="locator" xlink:href="jpcrp030000-asr-001_E31012-000_2024-03-31_01_2024-06-19.xsd#jpcrp030000-asr_E31012-000_KaritaHidenoriMember" xlink:label="jpcrp030000-asr_E31012-000_KaritaHidenoriMember" />
    <link:loc xlink:type="locator" xlink:href="jpcrp030000-asr-001_E31012-000_2024-03-31_01_2024-06-19.xsd#jpcrp030000-asr_E31012-000_KawadaGoMember" xlink:label="jpcrp030000-asr_E31012-000_KawadaGoMember" />
    <link:loc xlink:type="locator" xlink:href="jpcrp030000-asr-001_E31012-000_2024-03-31_01_2024-06-19.xsd#jpcrp030000-asr_E31012-000_KurokawaTakeoMember" xlink:label="jpcrp030000-asr_E31012-000_KurokawaTakeoMember" />
    <link:loc xlink:type="locator" xlink:href="jpcrp030000-asr-001_E31012-000_2024-03-31_01_2024-06-19.xsd#jpcrp030000-asr_E31012-000_MetricsAndTargetsHumanCapitalTextBlock" xlink:label="jpcrp030000-asr_E31012-000_MetricsAndTargetsHumanCapitalTextBlock" />
    <link:loc xlink:type="locator" xlink:href="jpcrp030000-asr-001_E31012-000_2024-03-31_01_2024-06-19.xsd#jpcrp030000-asr_E31012-000_MetricsAndTargetsRespondingToClimateChangeTextBlock" xlink:label="jpcrp030000-asr_E31012-000_MetricsAndTargetsRespondingToClimateChangeTextBlock" />
    <link:loc xlink:type="locator" xlink:href="jpcrp030000-asr-001_E31012-000_2024-03-31_01_2024-06-19.xsd#jpcrp030000-asr_E31012-000_NagaoToshinariMember" xlink:label="jpcrp030000-asr_E31012-000_NagaoToshinariMember" />
    <link:loc xlink:type="locator" xlink:href="jpcrp030000-asr-001_E31012-000_2024-03-31_01_2024-06-19.xsd#jpcrp030000-asr_E31012-000_NotesRegardingRevenueTextBlock" xlink:label="jpcrp030000-asr_E31012-000_NotesRegardingRevenueTextBlock" />
    <link:loc xlink:type="locator" xlink:href="jpcrp030000-asr-001_E31012-000_2024-03-31_01_2024-06-19.xsd#jpcrp030000-asr_E31012-000_ReferenceToOtherInformationRiskManagementHumanCapital" xlink:label="jpcrp030000-asr_E31012-000_ReferenceToOtherInformationRiskManagementHumanCapital" />
    <link:loc xlink:type="locator" xlink:href="jpcrp030000-asr-001_E31012-000_2024-03-31_01_2024-06-19.xsd#jpcrp030000-asr_E31012-000_ReferenceToOtherInformationRiskManagementRespondingToClimateChange" xlink:label="jpcrp030000-asr_E31012-000_ReferenceToOtherInformationRiskManagementRespondingToClimateChange" />
    <link:loc xlink:type="locator" xlink:href="jpcrp030000-asr-001_E31012-000_2024-03-31_01_2024-06-19.xsd#jpcrp030000-asr_E31012-000_RiskManagementHumanCapitalTextBlock" xlink:label="jpcrp030000-asr_E31012-000_RiskManagementHumanCapitalTextBlock" />
    <link:loc xlink:type="locator" xlink:href="jpcrp030000-asr-001_E31012-000_2024-03-31_01_2024-06-19.xsd#jpcrp030000-asr_E31012-000_RiskManagementRespondingToClimateChangeTextBlock" xlink:label="jpcrp030000-asr_E31012-000_RiskManagementRespondingToClimateChangeTextBlock" />
    <link:loc xlink:type="locator" xlink:href="jpcrp030000-asr-001_E31012-000_2024-03-31_01_2024-06-19.xsd#jpcrp030000-asr_E31012-000_StrategyHumanCapitalTextBlock" xlink:label="jpcrp030000-asr_E31012-000_StrategyHumanCapitalTextBlock" />
    <link:loc xlink:type="locator" xlink:href="jpcrp030000-asr-001_E31012-000_2024-03-31_01_2024-06-19.xsd#jpcrp030000-asr_E31012-000_StrategyRespondingToClimateChangeTextBlock" xlink:label="jpcrp030000-asr_E31012-000_StrategyRespondingToClimateChangeTextBlock" />
    <link:loc xlink:type="locator" xlink:href="jpcrp030000-asr-001_E31012-000_2024-03-31_01_2024-06-19.xsd#jpcrp030000-asr_E31012-000_TakahashiKazuhiroMember" xlink:label="jpcrp030000-asr_E31012-000_TakahashiKazuhiroMember" />
    <link:loc xlink:type="locator" xlink:href="jpcrp030000-asr-001_E31012-000_2024-03-31_01_2024-06-19.xsd#jpcrp030000-asr_E31012-000_TakatsukiHiroakiMember" xlink:label="jpcrp030000-asr_E31012-000_TakatsukiHiroakiMember" />
    <link:loc xlink:type="locator" xlink:href="jpcrp030000-asr-001_E31012-000_2024-03-31_01_2024-06-19.xsd#jpcrp030000-asr_E31012-000_TomitaFumiyoshiMember" xlink:label="jpcrp030000-asr_E31012-000_TomitaFumiyoshiMember" />
    <link:labelArc xlink:type="arc" xlink:from="jpcrp030000-asr_E31012-000_AokiShinichiMember" xlink:to="jpcrp030000-asr_E31012-000_AokiShinichiMember_label" xlink:arcrole="http://www.xbrl.org/2003/arcrole/concept-label" order="1" />
    <link:labelArc xlink:type="arc" xlink:from="jpcrp030000-asr_E31012-000_AokiShinichiMember" xlink:to="jpcrp030000-asr_E31012-000_AokiShinichiMember_label_1" xlink:arcrole="http://www.xbrl.org/2003/arcrole/concept-label" order="1" />
    <link:labelArc xlink:type="arc" xlink:from="jpcrp030000-asr_E31012-000_FuseMasahiroMember" xlink:to="jpcrp030000-asr_E31012-000_FuseMasahiroMember_label" xlink:arcrole="http://www.xbrl.org/2003/arcrole/concept-label" order="1" />
    <link:labelArc xlink:type="arc" xlink:from="jpcrp030000-asr_E31012-000_FuseMasahiroMember" xlink:to="jpcrp030000-asr_E31012-000_FuseMasahiroMember_label_1" xlink:arcrole="http://www.xbrl.org/2003/arcrole/concept-label" order="1" />
    <link:labelArc xlink:type="arc" xlink:from="jpcrp030000-asr_E31012-000_GovernanceHumanCapitalTextBlock" xlink:to="jpcrp030000-asr_E31012-000_GovernanceHumanCapitalTextBlock_label" xlink:arcrole="http://www.xbrl.org/2003/arcrole/concept-label" order="1" />
    <link:labelArc xlink:type="arc" xlink:from="jpcrp030000-asr_E31012-000_GovernanceHumanCapitalTextBlock" xlink:to="jpcrp030000-asr_E31012-000_GovernanceHumanCapitalTextBlock_label_1" xlink:arcrole="http://www.xbrl.org/2003/arcrole/concept-label" order="1" />
    <link:labelArc xlink:type="arc" xlink:from="jpcrp030000-asr_E31012-000_GovernanceRespondingToClimateChangeTextBlock" xlink:to="jpcrp030000-asr_E31012-000_GovernanceRespondingToClimateChangeTextBlock_label" xlink:arcrole="http://www.xbrl.org/2003/arcrole/concept-label" order="1" />
    <link:labelArc xlink:type="arc" xlink:from="jpcrp030000-asr_E31012-000_GovernanceRespondingToClimateChangeTextBlock" xlink:to="jpcrp030000-asr_E31012-000_GovernanceRespondingToClimateChangeTextBlock_label_1" xlink:arcrole="http://www.xbrl.org/2003/arcrole/concept-label" order="1" />
    <link:labelArc xlink:type="arc" xlink:from="jpcrp030000-asr_E31012-000_KaritaHidenoriMember" xlink:to="jpcrp030000-asr_E31012-000_KaritaHidenoriMember_label_1" xlink:arcrole="http://www.xbrl.org/2003/arcrole/concept-label" order="1" />
    <link:labelArc xlink:type="arc" xlink:from="jpcrp030000-asr_E31012-000_KaritaHidenoriMember" xlink:to="jpcrp030000-asr_E31012-000_KaritaHidenoriMember_label" xlink:arcrole="http://www.xbrl.org/2003/arcrole/concept-label" order="1" />
    <link:labelArc xlink:type="arc" xlink:from="jpcrp030000-asr_E31012-000_KawadaGoMember" xlink:to="jpcrp030000-asr_E31012-000_KawadaGoMember_label" xlink:arcrole="http://www.xbrl.org/2003/arcrole/concept-label" order="1" />
    <link:labelArc xlink:type="arc" xlink:from="jpcrp030000-asr_E31012-000_KawadaGoMember" xlink:to="jpcrp030000-asr_E31012-000_KawadaGoMember_label_1" xlink:arcrole="http://www.xbrl.org/2003/arcrole/concept-label" order="1" />
    <link:labelArc xlink:type="arc" xlink:from="jpcrp030000-asr_E31012-000_KurokawaTakeoMember" xlink:to="jpcrp030000-asr_E31012-000_KurokawaTakeoMember_label" xlink:arcrole="http://www.xbrl.org/2003/arcrole/concept-label" order="1" />
    <link:labelArc xlink:type="arc" xlink:from="jpcrp030000-asr_E31012-000_KurokawaTakeoMember" xlink:to="jpcrp030000-asr_E31012-000_KurokawaTakeoMember_label_1" xlink:arcrole="http://www.xbrl.org/2003/arcrole/concept-label" order="1" />
    <link:labelArc xlink:type="arc" xlink:from="jpcrp030000-asr_E31012-000_MetricsAndTargetsHumanCapitalTextBlock" xlink:to="jpcrp030000-asr_E31012-000_MetricsAndTargetsHumanCapitalTextBlock_label" xlink:arcrole="http://www.xbrl.org/2003/arcrole/concept-label" order="1" />
    <link:labelArc xlink:type="arc" xlink:from="jpcrp030000-asr_E31012-000_MetricsAndTargetsHumanCapitalTextBlock" xlink:to="jpcrp030000-asr_E31012-000_MetricsAndTargetsHumanCapitalTextBlock_label_1" xlink:arcrole="http://www.xbrl.org/2003/arcrole/concept-label" order="1" />
    <link:labelArc xlink:type="arc" xlink:from="jpcrp030000-asr_E31012-000_MetricsAndTargetsRespondingToClimateChangeTextBlock" xlink:to="jpcrp030000-asr_E31012-000_MetricsAndTargetsRespondingToClimateChangeTextBlock_label" xlink:arcrole="http://www.xbrl.org/2003/arcrole/concept-label" order="1" />
    <link:labelArc xlink:type="arc" xlink:from="jpcrp030000-asr_E31012-000_MetricsAndTargetsRespondingToClimateChangeTextBlock" xlink:to="jpcrp030000-asr_E31012-000_MetricsAndTargetsRespondingToClimateChangeTextBlock_label_1" xlink:arcrole="http://www.xbrl.org/2003/arcrole/concept-label" order="1" />
    <link:labelArc xlink:type="arc" xlink:from="jpcrp030000-asr_E31012-000_NagaoToshinariMember" xlink:to="jpcrp030000-asr_E31012-000_NagaoToshinariMember_label_1" xlink:arcrole="http://www.xbrl.org/2003/arcrole/concept-label" order="1" />
    <link:labelArc xlink:type="arc" xlink:from="jpcrp030000-asr_E31012-000_NagaoToshinariMember" xlink:to="jpcrp030000-asr_E31012-000_NagaoToshinariMember_label" xlink:arcrole="http://www.xbrl.org/2003/arcrole/concept-label" order="1" />
    <link:labelArc xlink:type="arc" xlink:from="jpcrp030000-asr_E31012-000_NotesRegardingRevenueTextBlock" xlink:to="jpcrp030000-asr_E31012-000_NotesRegardingRevenueTextBlock_label" xlink:arcrole="http://www.xbrl.org/2003/arcrole/concept-label" order="1" />
    <link:labelArc xlink:type="arc" xlink:from="jpcrp030000-asr_E31012-000_NotesRegardingRevenueTextBlock" xlink:to="jpcrp030000-asr_E31012-000_NotesRegardingRevenueTextBlock_label_1" xlink:arcrole="http://www.xbrl.org/2003/arcrole/concept-label" order="1" />
    <link:labelArc xlink:type="arc" xlink:from="jpcrp030000-asr_E31012-000_ReferenceToOtherInformationRiskManagementHumanCapital" xlink:to="jpcrp030000-asr_E31012-000_ReferenceToOtherInformationRiskManagementHumanCapital_label" xlink:arcrole="http://www.xbrl.org/2003/arcrole/concept-label" order="1" />
    <link:labelArc xlink:type="arc" xlink:from="jpcrp030000-asr_E31012-000_ReferenceToOtherInformationRiskManagementHumanCapital" xlink:to="jpcrp030000-asr_E31012-000_ReferenceToOtherInformationRiskManagementHumanCapital_label_1" xlink:arcrole="http://www.xbrl.org/2003/arcrole/concept-label" order="1" />
    <link:labelArc xlink:type="arc" xlink:from="jpcrp030000-asr_E31012-000_ReferenceToOtherInformationRiskManagementRespondingToClimateChange" xlink:to="jpcrp030000-asr_E31012-000_ReferenceToOtherInformationRiskManagementRespondingToClimateChange_label" xlink:arcrole="http://www.xbrl.org/2003/arcrole/concept-label" order="1" />
    <link:labelArc xlink:type="arc" xlink:from="jpcrp030000-asr_E31012-000_ReferenceToOtherInformationRiskManagementRespondingToClimateChange" xlink:to="jpcrp030000-asr_E31012-000_ReferenceToOtherInformationRiskManagementRespondingToClimateChange_label_1" xlink:arcrole="http://www.xbrl.org/2003/arcrole/concept-label" order="1" />
    <link:labelArc xlink:type="arc" xlink:from="jpcrp030000-asr_E31012-000_RiskManagementHumanCapitalTextBlock" xlink:to="jpcrp030000-asr_E31012-000_RiskManagementHumanCapitalTextBlock_label" xlink:arcrole="http://www.xbrl.org/2003/arcrole/concept-label" order="1" />
    <link:labelArc xlink:type="arc" xlink:from="jpcrp030000-asr_E31012-000_RiskManagementHumanCapitalTextBlock" xlink:to="jpcrp030000-asr_E31012-000_RiskManagementHumanCapitalTextBlock_label_1" xlink:arcrole="http://www.xbrl.org/2003/arcrole/concept-label" order="1" />
    <link:labelArc xlink:type="arc" xlink:from="jpcrp030000-asr_E31012-000_RiskManagementRespondingToClimateChangeTextBlock" xlink:to="jpcrp030000-asr_E31012-000_RiskManagementRespondingToClimateChangeTextBlock_label_1" xlink:arcrole="http://www.xbrl.org/2003/arcrole/concept-label" order="1" />
    <link:labelArc xlink:type="arc" xlink:from="jpcrp030000-asr_E31012-000_RiskManagementRespondingToClimateChangeTextBlock" xlink:to="jpcrp030000-asr_E31012-000_RiskManagementRespondingToClimateChangeTextBlock_label" xlink:arcrole="http://www.xbrl.org/2003/arcrole/concept-label" order="1" />
    <link:labelArc xlink:type="arc" xlink:from="jpcrp030000-asr_E31012-000_StrategyHumanCapitalTextBlock" xlink:to="jpcrp030000-asr_E31012-000_StrategyHumanCapitalTextBlock_label" xlink:arcrole="http://www.xbrl.org/2003/arcrole/concept-label" order="1" />
    <link:labelArc xlink:type="arc" xlink:from="jpcrp030000-asr_E31012-000_StrategyHumanCapitalTextBlock" xlink:to="jpcrp030000-asr_E31012-000_StrategyHumanCapitalTextBlock_label_1" xlink:arcrole="http://www.xbrl.org/2003/arcrole/concept-label" order="1" />
    <link:labelArc xlink:type="arc" xlink:from="jpcrp030000-asr_E31012-000_StrategyRespondingToClimateChangeTextBlock" xlink:to="jpcrp030000-asr_E31012-000_StrategyRespondingToClimateChangeTextBlock_label" xlink:arcrole="http://www.xbrl.org/2003/arcrole/concept-label" order="1" />
    <link:labelArc xlink:type="arc" xlink:from="jpcrp030000-asr_E31012-000_StrategyRespondingToClimateChangeTextBlock" xlink:to="jpcrp030000-asr_E31012-000_StrategyRespondingToClimateChangeTextBlock_label_1" xlink:arcrole="http://www.xbrl.org/2003/arcrole/concept-label" order="1" />
    <link:labelArc xlink:type="arc" xlink:from="jpcrp030000-asr_E31012-000_TakahashiKazuhiroMember" xlink:to="jpcrp030000-asr_E31012-000_TakahashiKazuhiroMember_label" xlink:arcrole="http://www.xbrl.org/2003/arcrole/concept-label" order="1" />
    <link:labelArc xlink:type="arc" xlink:from="jpcrp030000-asr_E31012-000_TakahashiKazuhiroMember" xlink:to="jpcrp030000-asr_E31012-000_TakahashiKazuhiroMember_label_1" xlink:arcrole="http://www.xbrl.org/2003/arcrole/concept-label" order="1" />
    <link:labelArc xlink:type="arc" xlink:from="jpcrp030000-asr_E31012-000_TakatsukiHiroakiMember" xlink:to="jpcrp030000-asr_E31012-000_TakatsukiHiroakiMember_label" xlink:arcrole="http://www.xbrl.org/2003/arcrole/concept-label" order="1" />
    <link:labelArc xlink:type="arc" xlink:from="jpcrp030000-asr_E31012-000_TakatsukiHiroakiMember" xlink:to="jpcrp030000-asr_E31012-000_TakatsukiHiroakiMember_label_1" xlink:arcrole="http://www.xbrl.org/2003/arcrole/concept-label" order="1" />
    <link:labelArc xlink:type="arc" xlink:from="jpcrp030000-asr_E31012-000_TomitaFumiyoshiMember" xlink:to="jpcrp030000-asr_E31012-000_TomitaFumiyoshiMember_label" xlink:arcrole="http://www.xbrl.org/2003/arcrole/concept-label" order="1" />
    <link:labelArc xlink:type="arc" xlink:from="jpcrp030000-asr_E31012-000_TomitaFumiyoshiMember" xlink:to="jpcrp030000-asr_E31012-000_TomitaFumiyoshiMember_label_1" xlink:arcrole="http://www.xbrl.org/2003/arcrole/concept-label" order="1" />
  </link:labelLink>
</link:linkbase>