<?xml version="1.0" encoding="UTF-8"?>
<!--  (c) Financial Services Agency, The Japanese Government.
      All Rights Reserved.
      For intellectual property policy and authorized uses of EDINET Taxonomy,
      refer to “EDINET Taxonomy Legal Statement” at http://www.fsa.go.jp/search/EDINET_Taxonomy_Legal_Statement.html
-->
<link:linkbase xmlns:link="http://www.xbrl.org/2003/linkbase" xmlns:xsi="http://www.w3.org/2001/XMLSchema-instance" xmlns:xlink="http://www.w3.org/1999/xlink" xmlns:xbrli="http://www.xbrl.org/2003/instance">
  <link:roleRef roleURI="http://disclosure.edinet-fsa.go.jp/role/jpigp/rol_std_NotesSegmentInformationConsolidatedFinancialStatementsIFRS-03" xlink:type="simple" xlink:href="../jpigp_rt_2023-12-01.xsd#rol_std_NotesSegmentInformationConsolidatedFinancialStatementsIFRS-03"/>
  <link:presentationLink xlink:type="extended" xlink:role="http://disclosure.edinet-fsa.go.jp/role/jpigp/rol_std_NotesSegmentInformationConsolidatedFinancialStatementsIFRS-03">
    <link:loc xlink:type="locator" xlink:href="../../../jppfs/2023-12-01/jppfs_cor_2023-12-01.xsd#jppfs_cor_ConsolidatedOrNonConsolidatedAxis" xlink:label="ConsolidatedOrNonConsolidatedAxis"/>
    <link:loc xlink:type="locator" xlink:href="../../../jppfs/2023-12-01/jppfs_cor_2023-12-01.xsd#jppfs_cor_ConsolidatedMember" xlink:label="ConsolidatedMember"/>
    <link:presentationArc xlink:type="arc" xlink:arcrole="http://www.xbrl.org/2003/arcrole/parent-child" xlink:from="ConsolidatedOrNonConsolidatedAxis" xlink:to="ConsolidatedMember" order="1.0"/>
    <link:loc xlink:type="locator" xlink:href="../jpigp_cor_2023-12-01.xsd#jpigp_cor_NotesSegmentInformationConsolidatedFinancialStatementsIFRSHeading" xlink:label="NotesSegmentInformationConsolidatedFinancialStatementsIFRSHeading"/>
    <link:loc xlink:type="locator" xlink:href="../jpigp_cor_2023-12-01.xsd#jpigp_cor_EntityWideDisclosuresIFRSTable" xlink:label="EntityWideDisclosuresIFRSTable"/>
    <link:presentationArc xlink:type="arc" xlink:arcrole="http://www.xbrl.org/2003/arcrole/parent-child" xlink:from="NotesSegmentInformationConsolidatedFinancialStatementsIFRSHeading" xlink:to="EntityWideDisclosuresIFRSTable" order="1.0"/>
    <link:presentationArc xlink:type="arc" xlink:arcrole="http://www.xbrl.org/2003/arcrole/parent-child" xlink:from="EntityWideDisclosuresIFRSTable" xlink:to="ConsolidatedOrNonConsolidatedAxis" order="1.0"/>
    <link:loc xlink:type="locator" xlink:href="../jpigp_cor_2023-12-01.xsd#jpigp_cor_EntityWideDisclosuresIFRSLineItems" xlink:label="EntityWideDisclosuresIFRSLineItems"/>
    <link:presentationArc xlink:type="arc" xlink:arcrole="http://www.xbrl.org/2003/arcrole/parent-child" xlink:from="NotesSegmentInformationConsolidatedFinancialStatementsIFRSHeading" xlink:to="EntityWideDisclosuresIFRSLineItems" order="2.0"/>
    <link:loc xlink:type="locator" xlink:href="../jpigp_cor_2023-12-01.xsd#jpigp_cor_InformationAboutProductsAndServicesIFRSTextBlock" xlink:label="InformationAboutProductsAndServicesIFRSTextBlock"/>
    <link:presentationArc xlink:type="arc" xlink:arcrole="http://www.xbrl.org/2003/arcrole/parent-child" xlink:from="EntityWideDisclosuresIFRSLineItems" xlink:to="InformationAboutProductsAndServicesIFRSTextBlock" order="1.0"/>
    <link:loc xlink:type="locator" xlink:href="../jpigp_cor_2023-12-01.xsd#jpigp_cor_InformationAboutGeographicalAreasIFRSTextBlock" xlink:label="InformationAboutGeographicalAreasIFRSTextBlock"/>
    <link:presentationArc xlink:type="arc" xlink:arcrole="http://www.xbrl.org/2003/arcrole/parent-child" xlink:from="EntityWideDisclosuresIFRSLineItems" xlink:to="InformationAboutGeographicalAreasIFRSTextBlock" order="2.0"/>
    <link:loc xlink:type="locator" xlink:href="../jpigp_cor_2023-12-01.xsd#jpigp_cor_InformationAboutMajorCustomersIFRSTextBlock" xlink:label="InformationAboutMajorCustomersIFRSTextBlock"/>
    <link:presentationArc xlink:type="arc" xlink:arcrole="http://www.xbrl.org/2003/arcrole/parent-child" xlink:from="EntityWideDisclosuresIFRSLineItems" xlink:to="InformationAboutMajorCustomersIFRSTextBlock" order="3.0"/>
  </link:presentationLink>
</link:linkbase>
