<?xml version="1.0" encoding="UTF-8"?>
<!--  (c) Financial Services Agency, The Japanese Government.
      All Rights Reserved.
      For intellectual property policy and authorized uses of EDINET Taxonomy,
      refer to “EDINET Taxonomy Legal Statement” at http://www.fsa.go.jp/search/EDINET_Taxonomy_Legal_Statement.html
-->
<link:linkbase xmlns:link="http://www.xbrl.org/2003/linkbase" xmlns:xsi="http://www.w3.org/2001/XMLSchema-instance" xmlns:xlink="http://www.w3.org/1999/xlink" xmlns:xbrli="http://www.xbrl.org/2003/instance">
  <link:roleRef roleURI="http://disclosure.edinet-fsa.go.jp/role/jpigp/rol_std_SegmentInformationIFRS-ListOfAccounts-03" xlink:type="simple" xlink:href="../jpigp_rt_2023-12-01.xsd#rol_std_SegmentInformationIFRS-ListOfAccounts-03"/>
  <link:definitionLink xlink:type="extended" xlink:role="http://disclosure.edinet-fsa.go.jp/role/jpigp/rol_std_SegmentInformationIFRS-ListOfAccounts-03">
    <link:loc xlink:type="locator" xlink:href="../jpigp_cor_2023-12-01.xsd#jpigp_cor_SegmentInformationIFRSAbstract" xlink:label="SegmentInformationIFRSAbstract"/>
    <link:loc xlink:type="locator" xlink:href="../jpigp_cor_2023-12-01.xsd#jpigp_cor_EntityWideDisclosuresIFRSTable" xlink:label="EntityWideDisclosuresIFRSTable"/>
    <link:definitionArc xlink:type="arc" xlink:arcrole="http://www.xbrl.org/2003/arcrole/general-special" xlink:from="SegmentInformationIFRSAbstract" xlink:to="EntityWideDisclosuresIFRSTable" order="1.0"/>
    <link:loc xlink:type="locator" xlink:href="../jpigp_cor_2023-12-01.xsd#jpigp_cor_EntityWideDisclosuresIFRSLineItems" xlink:label="EntityWideDisclosuresIFRSLineItems"/>
    <link:definitionArc xlink:type="arc" xlink:arcrole="http://www.xbrl.org/2003/arcrole/general-special" xlink:from="SegmentInformationIFRSAbstract" xlink:to="EntityWideDisclosuresIFRSLineItems" order="2.0"/>
    <link:loc xlink:type="locator" xlink:href="../jpigp_cor_2023-12-01.xsd#jpigp_cor_InformationAboutProductsAndServicesIFRSTextBlock" xlink:label="InformationAboutProductsAndServicesIFRSTextBlock"/>
    <link:definitionArc xlink:type="arc" xlink:arcrole="http://www.xbrl.org/2003/arcrole/general-special" xlink:from="EntityWideDisclosuresIFRSLineItems" xlink:to="InformationAboutProductsAndServicesIFRSTextBlock" order="1.0"/>
    <link:loc xlink:type="locator" xlink:href="../jpigp_cor_2023-12-01.xsd#jpigp_cor_InformationAboutGeographicalAreasIFRSTextBlock" xlink:label="InformationAboutGeographicalAreasIFRSTextBlock"/>
    <link:definitionArc xlink:type="arc" xlink:arcrole="http://www.xbrl.org/2003/arcrole/general-special" xlink:from="EntityWideDisclosuresIFRSLineItems" xlink:to="InformationAboutGeographicalAreasIFRSTextBlock" order="2.0"/>
    <link:loc xlink:type="locator" xlink:href="../jpigp_cor_2023-12-01.xsd#jpigp_cor_InformationAboutMajorCustomersIFRSTextBlock" xlink:label="InformationAboutMajorCustomersIFRSTextBlock"/>
    <link:definitionArc xlink:type="arc" xlink:arcrole="http://www.xbrl.org/2003/arcrole/general-special" xlink:from="EntityWideDisclosuresIFRSLineItems" xlink:to="InformationAboutMajorCustomersIFRSTextBlock" order="3.0"/>
  </link:definitionLink>
</link:linkbase>
