﻿<?xml version="1.0" encoding="utf-8"?>
<!-- XBRL Document Created with WizLabo Platform -->
<link:linkbase xmlns:xlink="http://www.w3.org/1999/xlink" xmlns:xsi="http://www.w3.org/2001/XMLSchema-instance" xmlns:link="http://www.xbrl.org/2003/linkbase">
  <link:labelLink xlink:type="extended" xlink:role="http://www.xbrl.org/2003/role/link">
    <link:label xml:lang="en" xlink:type="resource" xlink:label="jpcrp030000-asr_E00371-000_AllowanceForInvestmentLossCA_label" xlink:role="http://www.xbrl.org/2003/role/label">Allowance for investment loss</link:label>
    <link:label xml:lang="en" xlink:type="resource" xlink:label="jpcrp030000-asr_E00371-000_AllowanceForInvestmentLossCA_label_1" xlink:role="http://www.xbrl.org/2003/role/verboseLabel">Allowance for investment loss-CA</link:label>
    <link:label xml:lang="en" xlink:type="resource" xlink:label="jpcrp030000-asr_E00371-000_AllowanceForInvestmentLossEL_label" xlink:role="http://www.xbrl.org/2003/role/label">Allowance for investment loss</link:label>
    <link:label xml:lang="en" xlink:type="resource" xlink:label="jpcrp030000-asr_E00371-000_AllowanceForInvestmentLossEL_label_1" xlink:role="http://www.xbrl.org/2003/role/verboseLabel">Allowance for investment loss-EL</link:label>
    <link:label xml:lang="en" xlink:type="resource" xlink:label="jpcrp030000-asr_E00371-000_AllowanceForInvestmentLossIOA_label" xlink:role="http://www.xbrl.org/2003/role/label">Allowance for investment loss</link:label>
    <link:label xml:lang="en" xlink:type="resource" xlink:label="jpcrp030000-asr_E00371-000_AllowanceForInvestmentLossIOA_label_1" xlink:role="http://www.xbrl.org/2003/role/verboseLabel">Allowance for investment loss-IOA</link:label>
    <link:label xml:lang="en" xlink:type="resource" xlink:label="jpcrp030000-asr_E00371-000_AsadaTakeoMember_label" xlink:role="http://www.xbrl.org/2003/role/label">Asada, Takeo</link:label>
    <link:label xml:lang="en" xlink:type="resource" xlink:label="jpcrp030000-asr_E00371-000_AsadaTakeoMember_label_1" xlink:role="http://www.xbrl.org/2003/role/verboseLabel">Asada, Takeo [member]</link:label>
    <link:label xml:lang="en" xlink:type="resource" xlink:label="jpcrp030000-asr_E00371-000_CompensationIncomeReceivedOpeCF_label_1" xlink:role="http://www.xbrl.org/2003/role/label">Compensation income received</link:label>
    <link:label xml:lang="en" xlink:type="resource" xlink:label="jpcrp030000-asr_E00371-000_CompensationIncomeReceivedOpeCF_label_2" xlink:role="http://www.xbrl.org/2003/role/verboseLabel">Compensation income received-OpeCF</link:label>
    <link:label xml:lang="en" xlink:type="resource" xlink:label="jpcrp030000-asr_E00371-000_CompensationIncomeReceivedOpeCF_label" xlink:role="http://www.xbrl.org/2003/role/documentation">Compensation income received-OpeCF</link:label>
    <link:label xml:lang="en" xlink:type="resource" xlink:label="jpcrp030000-asr_E00371-000_FukutaniTomokoMember_label" xlink:role="http://www.xbrl.org/2003/role/label">Fukutani, Tomoko</link:label>
    <link:label xml:lang="en" xlink:type="resource" xlink:label="jpcrp030000-asr_E00371-000_FukutaniTomokoMember_label_1" xlink:role="http://www.xbrl.org/2003/role/verboseLabel">Fukutani, Tomoko [member]</link:label>
    <link:label xml:lang="en" xlink:type="resource" xlink:label="jpcrp030000-asr_E00371-000_HirotaKeikoMember_label" xlink:role="http://www.xbrl.org/2003/role/label">Hirota, Keiko</link:label>
    <link:label xml:lang="en" xlink:type="resource" xlink:label="jpcrp030000-asr_E00371-000_HirotaKeikoMember_label_1" xlink:role="http://www.xbrl.org/2003/role/verboseLabel">Hirota, Keiko [member]</link:label>
    <link:label xml:lang="en" xlink:type="resource" xlink:label="jpcrp030000-asr_E00371-000_IncomeInsuranceEI_label" xlink:role="http://www.xbrl.org/2003/role/label">Income insurance</link:label>
    <link:label xml:lang="en" xlink:type="resource" xlink:label="jpcrp030000-asr_E00371-000_IncomeInsuranceEI_label_1" xlink:role="http://www.xbrl.org/2003/role/verboseLabel">Income insurance-EI</link:label>
    <link:label xml:lang="en" xlink:type="resource" xlink:label="jpcrp030000-asr_E00371-000_IncreaseDecreaseInProvisionForOfficersRetirementBenefitsOpeCF_label_1" xlink:role="http://www.xbrl.org/2003/role/label">Increase (decrease) in provision for officers' retirement benefits</link:label>
    <link:label xml:lang="en" xlink:type="resource" xlink:label="jpcrp030000-asr_E00371-000_IncreaseDecreaseInProvisionForOfficersRetirementBenefitsOpeCF_label_2" xlink:role="http://www.xbrl.org/2003/role/verboseLabel">Increase (decrease) in provision for officers' retirement benefits-OpeCF</link:label>
    <link:label xml:lang="en" xlink:type="resource" xlink:label="jpcrp030000-asr_E00371-000_IncreaseDecreaseInProvisionForOfficersRetirementBenefitsOpeCF_label" xlink:role="http://www.xbrl.org/2003/role/documentation">Increase (decrease) in provision for officers' retirement benefits-OpeCF</link:label>
    <link:label xml:lang="en" xlink:type="resource" xlink:label="jpcrp030000-asr_E00371-000_IwakamiMasatoMember_label" xlink:role="http://www.xbrl.org/2003/role/label">Iwakami, Masato</link:label>
    <link:label xml:lang="en" xlink:type="resource" xlink:label="jpcrp030000-asr_E00371-000_IwakamiMasatoMember_label_1" xlink:role="http://www.xbrl.org/2003/role/verboseLabel">Iwakami, Masato [member]</link:label>
    <link:label xml:lang="en" xlink:type="resource" xlink:label="jpcrp030000-asr_E00371-000_IwamotoYasushiMember_label" xlink:role="http://www.xbrl.org/2003/role/label">Iwamoto, Yasushi</link:label>
    <link:label xml:lang="en" xlink:type="resource" xlink:label="jpcrp030000-asr_E00371-000_IwamotoYasushiMember_label_1" xlink:role="http://www.xbrl.org/2003/role/verboseLabel">Iwamoto, Yasushi [member]</link:label>
    <link:label xml:lang="en" xlink:type="resource" xlink:label="jpcrp030000-asr_E00371-000_KaishitaMasatoshiMember_label" xlink:role="http://www.xbrl.org/2003/role/label">Kaishita, Masatoshi</link:label>
    <link:label xml:lang="en" xlink:type="resource" xlink:label="jpcrp030000-asr_E00371-000_KaishitaMasatoshiMember_label_1" xlink:role="http://www.xbrl.org/2003/role/verboseLabel">Kaishita, Masatoshi [member]</link:label>
    <link:label xml:lang="en" xlink:type="resource" xlink:label="jpcrp030000-asr_E00371-000_KondouHisashiMember_label" xlink:role="http://www.xbrl.org/2003/role/label">Kondou,hisashi</link:label>
    <link:label xml:lang="en" xlink:type="resource" xlink:label="jpcrp030000-asr_E00371-000_KondouHisashiMember_label_1" xlink:role="http://www.xbrl.org/2003/role/verboseLabel">Kondou,hisashi [member]</link:label>
    <link:label xml:lang="en" xlink:type="resource" xlink:label="jpcrp030000-asr_E00371-000_LogisticsReportableSegmentsMember_label" xlink:role="http://www.xbrl.org/2003/role/label">Logistics</link:label>
    <link:label xml:lang="en" xlink:type="resource" xlink:label="jpcrp030000-asr_E00371-000_LogisticsReportableSegmentsMember_label_1" xlink:role="http://www.xbrl.org/2003/role/verboseLabel">Logistics, Reportable segments[member]</link:label>
    <link:label xml:lang="en" xlink:type="resource" xlink:label="jpcrp030000-asr_E00371-000_MasukawaHiroshiMember_label" xlink:role="http://www.xbrl.org/2003/role/label">Masukawa,hiroshi</link:label>
    <link:label xml:lang="en" xlink:type="resource" xlink:label="jpcrp030000-asr_E00371-000_MasukawaHiroshiMember_label_1" xlink:role="http://www.xbrl.org/2003/role/verboseLabel">Masukawa,hiroshi [member]</link:label>
    <link:label xml:lang="en" xlink:type="resource" xlink:label="jpcrp030000-asr_E00371-000_NakajimaNobukoMember_label" xlink:role="http://www.xbrl.org/2003/role/label">Nakajima, Nobuko</link:label>
    <link:label xml:lang="en" xlink:type="resource" xlink:label="jpcrp030000-asr_E00371-000_NakajimaNobukoMember_label_1" xlink:role="http://www.xbrl.org/2003/role/verboseLabel">Nakajima, Nobuko [member]</link:label>
    <link:label xml:lang="en" xlink:type="resource" xlink:label="jpcrp030000-asr_E00371-000_OnishiYasukiMember_label" xlink:role="http://www.xbrl.org/2003/role/label">Onishi, Yasuki</link:label>
    <link:label xml:lang="en" xlink:type="resource" xlink:label="jpcrp030000-asr_E00371-000_OnishiYasukiMember_label_1" xlink:role="http://www.xbrl.org/2003/role/verboseLabel">Onishi, Yasuki [member]</link:label>
    <link:label xml:lang="en" xlink:type="resource" xlink:label="jpcrp030000-asr_E00371-000_ProvisionForBoardOfDirectorsRetirementBenefitsSGA_label" xlink:role="http://www.xbrl.org/2003/role/label">Provision for board of directors' retirement benefits</link:label>
    <link:label xml:lang="en" xlink:type="resource" xlink:label="jpcrp030000-asr_E00371-000_ProvisionForBoardOfDirectorsRetirementBenefitsSGA_label_1" xlink:role="http://www.xbrl.org/2003/role/verboseLabel">Provision for board of directors' retirement benefits-SGA</link:label>
    <link:label xml:lang="en" xlink:type="resource" xlink:label="jpcrp030000-asr_E00371-000_ProvisionForOfficerRetirementBenefits_label_1" xlink:role="http://www.xbrl.org/2003/role/label">Provision for officer' retirement benefits</link:label>
    <link:label xml:lang="en" xlink:type="resource" xlink:label="jpcrp030000-asr_E00371-000_ProvisionForOfficerRetirementBenefits_label_2" xlink:role="http://www.xbrl.org/2003/role/verboseLabel">Provision for officer' retirement benefits</link:label>
    <link:label xml:lang="en" xlink:type="resource" xlink:label="jpcrp030000-asr_E00371-000_ProvisionForOfficerRetirementBenefits_label" xlink:role="http://www.xbrl.org/2003/role/documentation">Provision for officer' retirement benefits</link:label>
    <link:label xml:lang="en" xlink:type="resource" xlink:label="jpcrp030000-asr_E00371-000_RetailBusinessReportableSegmentsMember_label" xlink:role="http://www.xbrl.org/2003/role/label">Retail Business</link:label>
    <link:label xml:lang="en" xlink:type="resource" xlink:label="jpcrp030000-asr_E00371-000_RetailBusinessReportableSegmentsMember_label_1" xlink:role="http://www.xbrl.org/2003/role/verboseLabel">Retail Business, Reportable segments [member]</link:label>
    <link:label xml:lang="en" xlink:type="resource" xlink:label="jpcrp030000-asr_E00371-000_SeasoningReportableSegmentsMember_label" xlink:role="http://www.xbrl.org/2003/role/label">Seasoning</link:label>
    <link:label xml:lang="en" xlink:type="resource" xlink:label="jpcrp030000-asr_E00371-000_SeasoningReportableSegmentsMember_label_1" xlink:role="http://www.xbrl.org/2003/role/verboseLabel">Seasoning, Reportable segments [member]</link:label>
    <link:label xml:lang="en" xlink:type="resource" xlink:label="jpcrp030000-asr_E00371-000_TanakaHiroshiMember_label" xlink:role="http://www.xbrl.org/2003/role/label">Tanaka, Hiroshi</link:label>
    <link:label xml:lang="en" xlink:type="resource" xlink:label="jpcrp030000-asr_E00371-000_TanakaHiroshiMember_label_1" xlink:role="http://www.xbrl.org/2003/role/verboseLabel">Tanaka, Hiroshi [member]</link:label>
    <link:label xml:lang="en" xlink:type="resource" xlink:label="jpcrp030000-asr_E00371-000_TanakaRisaMember_label" xlink:role="http://www.xbrl.org/2003/role/label">Tanaka, Risa</link:label>
    <link:label xml:lang="en" xlink:type="resource" xlink:label="jpcrp030000-asr_E00371-000_TanakaRisaMember_label_1" xlink:role="http://www.xbrl.org/2003/role/verboseLabel">Tanaka, Risa [member]</link:label>
    <link:label xml:lang="en" xlink:type="resource" xlink:label="jpcrp030000-asr_E00371-000_TominagaJiroMember_label" xlink:role="http://www.xbrl.org/2003/role/label">Tominaga, Jiro</link:label>
    <link:label xml:lang="en" xlink:type="resource" xlink:label="jpcrp030000-asr_E00371-000_TominagaJiroMember_label_1" xlink:role="http://www.xbrl.org/2003/role/verboseLabel">Tominaga, Jiro [member]</link:label>
    <link:label xml:lang="en" xlink:type="resource" xlink:label="jpcrp030000-asr_E00371-000_TsutidaShigeruMember_label" xlink:role="http://www.xbrl.org/2003/role/label">Tsutida, Shigeru</link:label>
    <link:label xml:lang="en" xlink:type="resource" xlink:label="jpcrp030000-asr_E00371-000_TsutidaShigeruMember_label_1" xlink:role="http://www.xbrl.org/2003/role/verboseLabel">Tsutida, Shigeru [member]</link:label>
    <link:label xml:lang="en" xlink:type="resource" xlink:label="jpcrp030000-asr_E00371-000_WakabayashiMasakiyoMember_label" xlink:role="http://www.xbrl.org/2003/role/label">Wakabayashi, Masakiyo</link:label>
    <link:label xml:lang="en" xlink:type="resource" xlink:label="jpcrp030000-asr_E00371-000_WakabayashiMasakiyoMember_label_1" xlink:role="http://www.xbrl.org/2003/role/verboseLabel">Wakabayashi, Masakiyo [member]</link:label>
    <link:label xml:lang="en" xlink:type="resource" xlink:label="jpcrp030000-asr_E00371-000_WakitaYukioMember_label" xlink:role="http://www.xbrl.org/2003/role/label">Wakita, Yukio</link:label>
    <link:label xml:lang="en" xlink:type="resource" xlink:label="jpcrp030000-asr_E00371-000_WakitaYukioMember_label_1" xlink:role="http://www.xbrl.org/2003/role/verboseLabel">Wakita, Yukio [member]</link:label>
    <link:label xml:lang="en" xlink:type="resource" xlink:label="jpcrp030000-asr_E00371-000_WarehousingExpenditureSGA_label" xlink:role="http://www.xbrl.org/2003/role/label">Warehousing expenditure</link:label>
    <link:label xml:lang="en" xlink:type="resource" xlink:label="jpcrp030000-asr_E00371-000_WarehousingExpenditureSGA_label_1" xlink:role="http://www.xbrl.org/2003/role/verboseLabel">Warehousing expenditure-SGA</link:label>
    <link:loc xlink:type="locator" xlink:href="jpcrp030000-asr-001_E00371-000_2024-03-31_01_2024-06-24.xsd#jpcrp030000-asr_E00371-000_AllowanceForInvestmentLossCA" xlink:label="jpcrp030000-asr_E00371-000_AllowanceForInvestmentLossCA" />
    <link:loc xlink:type="locator" xlink:href="jpcrp030000-asr-001_E00371-000_2024-03-31_01_2024-06-24.xsd#jpcrp030000-asr_E00371-000_AllowanceForInvestmentLossEL" xlink:label="jpcrp030000-asr_E00371-000_AllowanceForInvestmentLossEL" />
    <link:loc xlink:type="locator" xlink:href="jpcrp030000-asr-001_E00371-000_2024-03-31_01_2024-06-24.xsd#jpcrp030000-asr_E00371-000_AllowanceForInvestmentLossIOA" xlink:label="jpcrp030000-asr_E00371-000_AllowanceForInvestmentLossIOA" />
    <link:loc xlink:type="locator" xlink:href="jpcrp030000-asr-001_E00371-000_2024-03-31_01_2024-06-24.xsd#jpcrp030000-asr_E00371-000_AsadaTakeoMember" xlink:label="jpcrp030000-asr_E00371-000_AsadaTakeoMember" />
    <link:loc xlink:type="locator" xlink:href="jpcrp030000-asr-001_E00371-000_2024-03-31_01_2024-06-24.xsd#jpcrp030000-asr_E00371-000_CompensationIncomeReceivedOpeCF" xlink:label="jpcrp030000-asr_E00371-000_CompensationIncomeReceivedOpeCF" />
    <link:loc xlink:type="locator" xlink:href="jpcrp030000-asr-001_E00371-000_2024-03-31_01_2024-06-24.xsd#jpcrp030000-asr_E00371-000_FukutaniTomokoMember" xlink:label="jpcrp030000-asr_E00371-000_FukutaniTomokoMember" />
    <link:loc xlink:type="locator" xlink:href="jpcrp030000-asr-001_E00371-000_2024-03-31_01_2024-06-24.xsd#jpcrp030000-asr_E00371-000_HirotaKeikoMember" xlink:label="jpcrp030000-asr_E00371-000_HirotaKeikoMember" />
    <link:loc xlink:type="locator" xlink:href="jpcrp030000-asr-001_E00371-000_2024-03-31_01_2024-06-24.xsd#jpcrp030000-asr_E00371-000_IncomeInsuranceEI" xlink:label="jpcrp030000-asr_E00371-000_IncomeInsuranceEI" />
    <link:loc xlink:type="locator" xlink:href="jpcrp030000-asr-001_E00371-000_2024-03-31_01_2024-06-24.xsd#jpcrp030000-asr_E00371-000_IncreaseDecreaseInProvisionForOfficersRetirementBenefitsOpeCF" xlink:label="jpcrp030000-asr_E00371-000_IncreaseDecreaseInProvisionForOfficersRetirementBenefitsOpeCF" />
    <link:loc xlink:type="locator" xlink:href="jpcrp030000-asr-001_E00371-000_2024-03-31_01_2024-06-24.xsd#jpcrp030000-asr_E00371-000_IwakamiMasatoMember" xlink:label="jpcrp030000-asr_E00371-000_IwakamiMasatoMember" />
    <link:loc xlink:type="locator" xlink:href="jpcrp030000-asr-001_E00371-000_2024-03-31_01_2024-06-24.xsd#jpcrp030000-asr_E00371-000_IwamotoYasushiMember" xlink:label="jpcrp030000-asr_E00371-000_IwamotoYasushiMember" />
    <link:loc xlink:type="locator" xlink:href="jpcrp030000-asr-001_E00371-000_2024-03-31_01_2024-06-24.xsd#jpcrp030000-asr_E00371-000_KaishitaMasatoshiMember" xlink:label="jpcrp030000-asr_E00371-000_KaishitaMasatoshiMember" />
    <link:loc xlink:type="locator" xlink:href="jpcrp030000-asr-001_E00371-000_2024-03-31_01_2024-06-24.xsd#jpcrp030000-asr_E00371-000_KondouHisashiMember" xlink:label="jpcrp030000-asr_E00371-000_KondouHisashiMember" />
    <link:loc xlink:type="locator" xlink:href="jpcrp030000-asr-001_E00371-000_2024-03-31_01_2024-06-24.xsd#jpcrp030000-asr_E00371-000_LogisticsReportableSegmentsMember" xlink:label="jpcrp030000-asr_E00371-000_LogisticsReportableSegmentsMember" />
    <link:loc xlink:type="locator" xlink:href="jpcrp030000-asr-001_E00371-000_2024-03-31_01_2024-06-24.xsd#jpcrp030000-asr_E00371-000_MasukawaHiroshiMember" xlink:label="jpcrp030000-asr_E00371-000_MasukawaHiroshiMember" />
    <link:loc xlink:type="locator" xlink:href="jpcrp030000-asr-001_E00371-000_2024-03-31_01_2024-06-24.xsd#jpcrp030000-asr_E00371-000_NakajimaNobukoMember" xlink:label="jpcrp030000-asr_E00371-000_NakajimaNobukoMember" />
    <link:loc xlink:type="locator" xlink:href="jpcrp030000-asr-001_E00371-000_2024-03-31_01_2024-06-24.xsd#jpcrp030000-asr_E00371-000_OnishiYasukiMember" xlink:label="jpcrp030000-asr_E00371-000_OnishiYasukiMember" />
    <link:loc xlink:type="locator" xlink:href="jpcrp030000-asr-001_E00371-000_2024-03-31_01_2024-06-24.xsd#jpcrp030000-asr_E00371-000_ProvisionForBoardOfDirectorsRetirementBenefitsSGA" xlink:label="jpcrp030000-asr_E00371-000_ProvisionForBoardOfDirectorsRetirementBenefitsSGA" />
    <link:loc xlink:type="locator" xlink:href="jpcrp030000-asr-001_E00371-000_2024-03-31_01_2024-06-24.xsd#jpcrp030000-asr_E00371-000_ProvisionForOfficerRetirementBenefits" xlink:label="jpcrp030000-asr_E00371-000_ProvisionForOfficerRetirementBenefits" />
    <link:loc xlink:type="locator" xlink:href="jpcrp030000-asr-001_E00371-000_2024-03-31_01_2024-06-24.xsd#jpcrp030000-asr_E00371-000_RetailBusinessReportableSegmentsMember" xlink:label="jpcrp030000-asr_E00371-000_RetailBusinessReportableSegmentsMember" />
    <link:loc xlink:type="locator" xlink:href="jpcrp030000-asr-001_E00371-000_2024-03-31_01_2024-06-24.xsd#jpcrp030000-asr_E00371-000_SeasoningReportableSegmentsMember" xlink:label="jpcrp030000-asr_E00371-000_SeasoningReportableSegmentsMember" />
    <link:loc xlink:type="locator" xlink:href="jpcrp030000-asr-001_E00371-000_2024-03-31_01_2024-06-24.xsd#jpcrp030000-asr_E00371-000_TanakaHiroshiMember" xlink:label="jpcrp030000-asr_E00371-000_TanakaHiroshiMember" />
    <link:loc xlink:type="locator" xlink:href="jpcrp030000-asr-001_E00371-000_2024-03-31_01_2024-06-24.xsd#jpcrp030000-asr_E00371-000_TanakaRisaMember" xlink:label="jpcrp030000-asr_E00371-000_TanakaRisaMember" />
    <link:loc xlink:type="locator" xlink:href="jpcrp030000-asr-001_E00371-000_2024-03-31_01_2024-06-24.xsd#jpcrp030000-asr_E00371-000_TominagaJiroMember" xlink:label="jpcrp030000-asr_E00371-000_TominagaJiroMember" />
    <link:loc xlink:type="locator" xlink:href="jpcrp030000-asr-001_E00371-000_2024-03-31_01_2024-06-24.xsd#jpcrp030000-asr_E00371-000_TsutidaShigeruMember" xlink:label="jpcrp030000-asr_E00371-000_TsutidaShigeruMember" />
    <link:loc xlink:type="locator" xlink:href="jpcrp030000-asr-001_E00371-000_2024-03-31_01_2024-06-24.xsd#jpcrp030000-asr_E00371-000_WakabayashiMasakiyoMember" xlink:label="jpcrp030000-asr_E00371-000_WakabayashiMasakiyoMember" />
    <link:loc xlink:type="locator" xlink:href="jpcrp030000-asr-001_E00371-000_2024-03-31_01_2024-06-24.xsd#jpcrp030000-asr_E00371-000_WakitaYukioMember" xlink:label="jpcrp030000-asr_E00371-000_WakitaYukioMember" />
    <link:loc xlink:type="locator" xlink:href="jpcrp030000-asr-001_E00371-000_2024-03-31_01_2024-06-24.xsd#jpcrp030000-asr_E00371-000_WarehousingExpenditureSGA" xlink:label="jpcrp030000-asr_E00371-000_WarehousingExpenditureSGA" />
    <link:labelArc xlink:type="arc" xlink:from="jpcrp030000-asr_E00371-000_AllowanceForInvestmentLossCA" xlink:to="jpcrp030000-asr_E00371-000_AllowanceForInvestmentLossCA_label" xlink:arcrole="http://www.xbrl.org/2003/arcrole/concept-label" order="1" />
    <link:labelArc xlink:type="arc" xlink:from="jpcrp030000-asr_E00371-000_AllowanceForInvestmentLossCA" xlink:to="jpcrp030000-asr_E00371-000_AllowanceForInvestmentLossCA_label_1" xlink:arcrole="http://www.xbrl.org/2003/arcrole/concept-label" order="1" />
    <link:labelArc xlink:type="arc" xlink:from="jpcrp030000-asr_E00371-000_AllowanceForInvestmentLossEL" xlink:to="jpcrp030000-asr_E00371-000_AllowanceForInvestmentLossEL_label" xlink:arcrole="http://www.xbrl.org/2003/arcrole/concept-label" order="1" />
    <link:labelArc xlink:type="arc" xlink:from="jpcrp030000-asr_E00371-000_AllowanceForInvestmentLossEL" xlink:to="jpcrp030000-asr_E00371-000_AllowanceForInvestmentLossEL_label_1" xlink:arcrole="http://www.xbrl.org/2003/arcrole/concept-label" order="1" />
    <link:labelArc xlink:type="arc" xlink:from="jpcrp030000-asr_E00371-000_AllowanceForInvestmentLossIOA" xlink:to="jpcrp030000-asr_E00371-000_AllowanceForInvestmentLossIOA_label" xlink:arcrole="http://www.xbrl.org/2003/arcrole/concept-label" order="1" />
    <link:labelArc xlink:type="arc" xlink:from="jpcrp030000-asr_E00371-000_AllowanceForInvestmentLossIOA" xlink:to="jpcrp030000-asr_E00371-000_AllowanceForInvestmentLossIOA_label_1" xlink:arcrole="http://www.xbrl.org/2003/arcrole/concept-label" order="1" />
    <link:labelArc xlink:type="arc" xlink:from="jpcrp030000-asr_E00371-000_AsadaTakeoMember" xlink:to="jpcrp030000-asr_E00371-000_AsadaTakeoMember_label" xlink:arcrole="http://www.xbrl.org/2003/arcrole/concept-label" order="1" />
    <link:labelArc xlink:type="arc" xlink:from="jpcrp030000-asr_E00371-000_AsadaTakeoMember" xlink:to="jpcrp030000-asr_E00371-000_AsadaTakeoMember_label_1" xlink:arcrole="http://www.xbrl.org/2003/arcrole/concept-label" order="1" />
    <link:labelArc xlink:type="arc" xlink:from="jpcrp030000-asr_E00371-000_CompensationIncomeReceivedOpeCF" xlink:to="jpcrp030000-asr_E00371-000_CompensationIncomeReceivedOpeCF_label" xlink:arcrole="http://www.xbrl.org/2003/arcrole/concept-label" order="1" />
    <link:labelArc xlink:type="arc" xlink:from="jpcrp030000-asr_E00371-000_CompensationIncomeReceivedOpeCF" xlink:to="jpcrp030000-asr_E00371-000_CompensationIncomeReceivedOpeCF_label_1" xlink:arcrole="http://www.xbrl.org/2003/arcrole/concept-label" order="1" />
    <link:labelArc xlink:type="arc" xlink:from="jpcrp030000-asr_E00371-000_CompensationIncomeReceivedOpeCF" xlink:to="jpcrp030000-asr_E00371-000_CompensationIncomeReceivedOpeCF_label_2" xlink:arcrole="http://www.xbrl.org/2003/arcrole/concept-label" order="1" />
    <link:labelArc xlink:type="arc" xlink:from="jpcrp030000-asr_E00371-000_FukutaniTomokoMember" xlink:to="jpcrp030000-asr_E00371-000_FukutaniTomokoMember_label" xlink:arcrole="http://www.xbrl.org/2003/arcrole/concept-label" order="1" />
    <link:labelArc xlink:type="arc" xlink:from="jpcrp030000-asr_E00371-000_FukutaniTomokoMember" xlink:to="jpcrp030000-asr_E00371-000_FukutaniTomokoMember_label_1" xlink:arcrole="http://www.xbrl.org/2003/arcrole/concept-label" order="1" />
    <link:labelArc xlink:type="arc" xlink:from="jpcrp030000-asr_E00371-000_HirotaKeikoMember" xlink:to="jpcrp030000-asr_E00371-000_HirotaKeikoMember_label_1" xlink:arcrole="http://www.xbrl.org/2003/arcrole/concept-label" order="1" />
    <link:labelArc xlink:type="arc" xlink:from="jpcrp030000-asr_E00371-000_HirotaKeikoMember" xlink:to="jpcrp030000-asr_E00371-000_HirotaKeikoMember_label" xlink:arcrole="http://www.xbrl.org/2003/arcrole/concept-label" order="1" />
    <link:labelArc xlink:type="arc" xlink:from="jpcrp030000-asr_E00371-000_IncomeInsuranceEI" xlink:to="jpcrp030000-asr_E00371-000_IncomeInsuranceEI_label" xlink:arcrole="http://www.xbrl.org/2003/arcrole/concept-label" order="1" />
    <link:labelArc xlink:type="arc" xlink:from="jpcrp030000-asr_E00371-000_IncomeInsuranceEI" xlink:to="jpcrp030000-asr_E00371-000_IncomeInsuranceEI_label_1" xlink:arcrole="http://www.xbrl.org/2003/arcrole/concept-label" order="1" />
    <link:labelArc xlink:type="arc" xlink:from="jpcrp030000-asr_E00371-000_IncreaseDecreaseInProvisionForOfficersRetirementBenefitsOpeCF" xlink:to="jpcrp030000-asr_E00371-000_IncreaseDecreaseInProvisionForOfficersRetirementBenefitsOpeCF_label" xlink:arcrole="http://www.xbrl.org/2003/arcrole/concept-label" order="1" />
    <link:labelArc xlink:type="arc" xlink:from="jpcrp030000-asr_E00371-000_IncreaseDecreaseInProvisionForOfficersRetirementBenefitsOpeCF" xlink:to="jpcrp030000-asr_E00371-000_IncreaseDecreaseInProvisionForOfficersRetirementBenefitsOpeCF_label_1" xlink:arcrole="http://www.xbrl.org/2003/arcrole/concept-label" order="1" />
    <link:labelArc xlink:type="arc" xlink:from="jpcrp030000-asr_E00371-000_IncreaseDecreaseInProvisionForOfficersRetirementBenefitsOpeCF" xlink:to="jpcrp030000-asr_E00371-000_IncreaseDecreaseInProvisionForOfficersRetirementBenefitsOpeCF_label_2" xlink:arcrole="http://www.xbrl.org/2003/arcrole/concept-label" order="1" />
    <link:labelArc xlink:type="arc" xlink:from="jpcrp030000-asr_E00371-000_IwakamiMasatoMember" xlink:to="jpcrp030000-asr_E00371-000_IwakamiMasatoMember_label" xlink:arcrole="http://www.xbrl.org/2003/arcrole/concept-label" order="1" />
    <link:labelArc xlink:type="arc" xlink:from="jpcrp030000-asr_E00371-000_IwakamiMasatoMember" xlink:to="jpcrp030000-asr_E00371-000_IwakamiMasatoMember_label_1" xlink:arcrole="http://www.xbrl.org/2003/arcrole/concept-label" order="1" />
    <link:labelArc xlink:type="arc" xlink:from="jpcrp030000-asr_E00371-000_IwamotoYasushiMember" xlink:to="jpcrp030000-asr_E00371-000_IwamotoYasushiMember_label" xlink:arcrole="http://www.xbrl.org/2003/arcrole/concept-label" order="1" />
    <link:labelArc xlink:type="arc" xlink:from="jpcrp030000-asr_E00371-000_IwamotoYasushiMember" xlink:to="jpcrp030000-asr_E00371-000_IwamotoYasushiMember_label_1" xlink:arcrole="http://www.xbrl.org/2003/arcrole/concept-label" order="1" />
    <link:labelArc xlink:type="arc" xlink:from="jpcrp030000-asr_E00371-000_KaishitaMasatoshiMember" xlink:to="jpcrp030000-asr_E00371-000_KaishitaMasatoshiMember_label" xlink:arcrole="http://www.xbrl.org/2003/arcrole/concept-label" order="1" />
    <link:labelArc xlink:type="arc" xlink:from="jpcrp030000-asr_E00371-000_KaishitaMasatoshiMember" xlink:to="jpcrp030000-asr_E00371-000_KaishitaMasatoshiMember_label_1" xlink:arcrole="http://www.xbrl.org/2003/arcrole/concept-label" order="1" />
    <link:labelArc xlink:type="arc" xlink:from="jpcrp030000-asr_E00371-000_KondouHisashiMember" xlink:to="jpcrp030000-asr_E00371-000_KondouHisashiMember_label" xlink:arcrole="http://www.xbrl.org/2003/arcrole/concept-label" order="1" />
    <link:labelArc xlink:type="arc" xlink:from="jpcrp030000-asr_E00371-000_KondouHisashiMember" xlink:to="jpcrp030000-asr_E00371-000_KondouHisashiMember_label_1" xlink:arcrole="http://www.xbrl.org/2003/arcrole/concept-label" order="1" />
    <link:labelArc xlink:type="arc" xlink:from="jpcrp030000-asr_E00371-000_LogisticsReportableSegmentsMember" xlink:to="jpcrp030000-asr_E00371-000_LogisticsReportableSegmentsMember_label_1" xlink:arcrole="http://www.xbrl.org/2003/arcrole/concept-label" order="1" />
    <link:labelArc xlink:type="arc" xlink:from="jpcrp030000-asr_E00371-000_LogisticsReportableSegmentsMember" xlink:to="jpcrp030000-asr_E00371-000_LogisticsReportableSegmentsMember_label" xlink:arcrole="http://www.xbrl.org/2003/arcrole/concept-label" order="1" />
    <link:labelArc xlink:type="arc" xlink:from="jpcrp030000-asr_E00371-000_MasukawaHiroshiMember" xlink:to="jpcrp030000-asr_E00371-000_MasukawaHiroshiMember_label" xlink:arcrole="http://www.xbrl.org/2003/arcrole/concept-label" order="1" />
    <link:labelArc xlink:type="arc" xlink:from="jpcrp030000-asr_E00371-000_MasukawaHiroshiMember" xlink:to="jpcrp030000-asr_E00371-000_MasukawaHiroshiMember_label_1" xlink:arcrole="http://www.xbrl.org/2003/arcrole/concept-label" order="1" />
    <link:labelArc xlink:type="arc" xlink:from="jpcrp030000-asr_E00371-000_NakajimaNobukoMember" xlink:to="jpcrp030000-asr_E00371-000_NakajimaNobukoMember_label" xlink:arcrole="http://www.xbrl.org/2003/arcrole/concept-label" order="1" />
    <link:labelArc xlink:type="arc" xlink:from="jpcrp030000-asr_E00371-000_NakajimaNobukoMember" xlink:to="jpcrp030000-asr_E00371-000_NakajimaNobukoMember_label_1" xlink:arcrole="http://www.xbrl.org/2003/arcrole/concept-label" order="1" />
    <link:labelArc xlink:type="arc" xlink:from="jpcrp030000-asr_E00371-000_OnishiYasukiMember" xlink:to="jpcrp030000-asr_E00371-000_OnishiYasukiMember_label" xlink:arcrole="http://www.xbrl.org/2003/arcrole/concept-label" order="1" />
    <link:labelArc xlink:type="arc" xlink:from="jpcrp030000-asr_E00371-000_OnishiYasukiMember" xlink:to="jpcrp030000-asr_E00371-000_OnishiYasukiMember_label_1" xlink:arcrole="http://www.xbrl.org/2003/arcrole/concept-label" order="1" />
    <link:labelArc xlink:type="arc" xlink:from="jpcrp030000-asr_E00371-000_ProvisionForBoardOfDirectorsRetirementBenefitsSGA" xlink:to="jpcrp030000-asr_E00371-000_ProvisionForBoardOfDirectorsRetirementBenefitsSGA_label" xlink:arcrole="http://www.xbrl.org/2003/arcrole/concept-label" order="1" />
    <link:labelArc xlink:type="arc" xlink:from="jpcrp030000-asr_E00371-000_ProvisionForBoardOfDirectorsRetirementBenefitsSGA" xlink:to="jpcrp030000-asr_E00371-000_ProvisionForBoardOfDirectorsRetirementBenefitsSGA_label_1" xlink:arcrole="http://www.xbrl.org/2003/arcrole/concept-label" order="1" />
    <link:labelArc xlink:type="arc" xlink:from="jpcrp030000-asr_E00371-000_ProvisionForOfficerRetirementBenefits" xlink:to="jpcrp030000-asr_E00371-000_ProvisionForOfficerRetirementBenefits_label" xlink:arcrole="http://www.xbrl.org/2003/arcrole/concept-label" order="1" />
    <link:labelArc xlink:type="arc" xlink:from="jpcrp030000-asr_E00371-000_ProvisionForOfficerRetirementBenefits" xlink:to="jpcrp030000-asr_E00371-000_ProvisionForOfficerRetirementBenefits_label_1" xlink:arcrole="http://www.xbrl.org/2003/arcrole/concept-label" order="1" />
    <link:labelArc xlink:type="arc" xlink:from="jpcrp030000-asr_E00371-000_ProvisionForOfficerRetirementBenefits" xlink:to="jpcrp030000-asr_E00371-000_ProvisionForOfficerRetirementBenefits_label_2" xlink:arcrole="http://www.xbrl.org/2003/arcrole/concept-label" order="1" />
    <link:labelArc xlink:type="arc" xlink:from="jpcrp030000-asr_E00371-000_RetailBusinessReportableSegmentsMember" xlink:to="jpcrp030000-asr_E00371-000_RetailBusinessReportableSegmentsMember_label_1" xlink:arcrole="http://www.xbrl.org/2003/arcrole/concept-label" order="1" />
    <link:labelArc xlink:type="arc" xlink:from="jpcrp030000-asr_E00371-000_RetailBusinessReportableSegmentsMember" xlink:to="jpcrp030000-asr_E00371-000_RetailBusinessReportableSegmentsMember_label" xlink:arcrole="http://www.xbrl.org/2003/arcrole/concept-label" order="1" />
    <link:labelArc xlink:type="arc" xlink:from="jpcrp030000-asr_E00371-000_SeasoningReportableSegmentsMember" xlink:to="jpcrp030000-asr_E00371-000_SeasoningReportableSegmentsMember_label_1" xlink:arcrole="http://www.xbrl.org/2003/arcrole/concept-label" order="1" />
    <link:labelArc xlink:type="arc" xlink:from="jpcrp030000-asr_E00371-000_SeasoningReportableSegmentsMember" xlink:to="jpcrp030000-asr_E00371-000_SeasoningReportableSegmentsMember_label" xlink:arcrole="http://www.xbrl.org/2003/arcrole/concept-label" order="1" />
    <link:labelArc xlink:type="arc" xlink:from="jpcrp030000-asr_E00371-000_TanakaHiroshiMember" xlink:to="jpcrp030000-asr_E00371-000_TanakaHiroshiMember_label" xlink:arcrole="http://www.xbrl.org/2003/arcrole/concept-label" order="1" />
    <link:labelArc xlink:type="arc" xlink:from="jpcrp030000-asr_E00371-000_TanakaHiroshiMember" xlink:to="jpcrp030000-asr_E00371-000_TanakaHiroshiMember_label_1" xlink:arcrole="http://www.xbrl.org/2003/arcrole/concept-label" order="1" />
    <link:labelArc xlink:type="arc" xlink:from="jpcrp030000-asr_E00371-000_TanakaRisaMember" xlink:to="jpcrp030000-asr_E00371-000_TanakaRisaMember_label" xlink:arcrole="http://www.xbrl.org/2003/arcrole/concept-label" order="1" />
    <link:labelArc xlink:type="arc" xlink:from="jpcrp030000-asr_E00371-000_TanakaRisaMember" xlink:to="jpcrp030000-asr_E00371-000_TanakaRisaMember_label_1" xlink:arcrole="http://www.xbrl.org/2003/arcrole/concept-label" order="1" />
    <link:labelArc xlink:type="arc" xlink:from="jpcrp030000-asr_E00371-000_TominagaJiroMember" xlink:to="jpcrp030000-asr_E00371-000_TominagaJiroMember_label" xlink:arcrole="http://www.xbrl.org/2003/arcrole/concept-label" order="1" />
    <link:labelArc xlink:type="arc" xlink:from="jpcrp030000-asr_E00371-000_TominagaJiroMember" xlink:to="jpcrp030000-asr_E00371-000_TominagaJiroMember_label_1" xlink:arcrole="http://www.xbrl.org/2003/arcrole/concept-label" order="1" />
    <link:labelArc xlink:type="arc" xlink:from="jpcrp030000-asr_E00371-000_TsutidaShigeruMember" xlink:to="jpcrp030000-asr_E00371-000_TsutidaShigeruMember_label" xlink:arcrole="http://www.xbrl.org/2003/arcrole/concept-label" order="1" />
    <link:labelArc xlink:type="arc" xlink:from="jpcrp030000-asr_E00371-000_TsutidaShigeruMember" xlink:to="jpcrp030000-asr_E00371-000_TsutidaShigeruMember_label_1" xlink:arcrole="http://www.xbrl.org/2003/arcrole/concept-label" order="1" />
    <link:labelArc xlink:type="arc" xlink:from="jpcrp030000-asr_E00371-000_WakabayashiMasakiyoMember" xlink:to="jpcrp030000-asr_E00371-000_WakabayashiMasakiyoMember_label" xlink:arcrole="http://www.xbrl.org/2003/arcrole/concept-label" order="1" />
    <link:labelArc xlink:type="arc" xlink:from="jpcrp030000-asr_E00371-000_WakabayashiMasakiyoMember" xlink:to="jpcrp030000-asr_E00371-000_WakabayashiMasakiyoMember_label_1" xlink:arcrole="http://www.xbrl.org/2003/arcrole/concept-label" order="1" />
    <link:labelArc xlink:type="arc" xlink:from="jpcrp030000-asr_E00371-000_WakitaYukioMember" xlink:to="jpcrp030000-asr_E00371-000_WakitaYukioMember_label" xlink:arcrole="http://www.xbrl.org/2003/arcrole/concept-label" order="1" />
    <link:labelArc xlink:type="arc" xlink:from="jpcrp030000-asr_E00371-000_WakitaYukioMember" xlink:to="jpcrp030000-asr_E00371-000_WakitaYukioMember_label_1" xlink:arcrole="http://www.xbrl.org/2003/arcrole/concept-label" order="1" />
    <link:labelArc xlink:type="arc" xlink:from="jpcrp030000-asr_E00371-000_WarehousingExpenditureSGA" xlink:to="jpcrp030000-asr_E00371-000_WarehousingExpenditureSGA_label" xlink:arcrole="http://www.xbrl.org/2003/arcrole/concept-label" order="1" />
    <link:labelArc xlink:type="arc" xlink:from="jpcrp030000-asr_E00371-000_WarehousingExpenditureSGA" xlink:to="jpcrp030000-asr_E00371-000_WarehousingExpenditureSGA_label_1" xlink:arcrole="http://www.xbrl.org/2003/arcrole/concept-label" order="1" />
  </link:labelLink>
</link:linkbase>