﻿<?xml version="1.0" encoding="utf-8"?>
<!-- XBRL Document Created with WizLabo Platform -->
<link:linkbase xmlns:xlink="http://www.w3.org/1999/xlink" xmlns:xsi="http://www.w3.org/2001/XMLSchema-instance" xmlns:link="http://www.xbrl.org/2003/linkbase">
  <link:labelLink xlink:type="extended" xlink:role="http://www.xbrl.org/2003/role/link">
    <link:label xml:lang="ja" xlink:type="resource" xlink:label="jpcrp030000-asr_E00371-000_AllowanceForInvestmentLossCA_label" xlink:role="http://www.xbrl.org/2003/role/label">投資等損失引当金</link:label>
    <link:label xml:lang="ja" xlink:type="resource" xlink:label="jpcrp030000-asr_E00371-000_AllowanceForInvestmentLossCA_label_1" xlink:role="http://www.xbrl.org/2003/role/verboseLabel">投資等損失引当金、流動資産</link:label>
    <link:label xml:lang="ja" xlink:type="resource" xlink:label="jpcrp030000-asr_E00371-000_AllowanceForInvestmentLossEL_label" xlink:role="http://www.xbrl.org/2003/role/label">投資等損失引当金繰入額</link:label>
    <link:label xml:lang="ja" xlink:type="resource" xlink:label="jpcrp030000-asr_E00371-000_AllowanceForInvestmentLossEL_label_1" xlink:role="http://www.xbrl.org/2003/role/verboseLabel">投資等損失引当金繰入額、特別損失</link:label>
    <link:label xml:lang="ja" xlink:type="resource" xlink:label="jpcrp030000-asr_E00371-000_AllowanceForInvestmentLossIOA_label" xlink:role="http://www.xbrl.org/2003/role/label">投資等損失引当金</link:label>
    <link:label xml:lang="ja" xlink:type="resource" xlink:label="jpcrp030000-asr_E00371-000_AllowanceForInvestmentLossIOA_label_1" xlink:role="http://www.xbrl.org/2003/role/verboseLabel">投資等損失引当金、投資その他の資産</link:label>
    <link:label xml:lang="ja" xlink:type="resource" xlink:label="jpcrp030000-asr_E00371-000_AsadaTakeoMember_label" xlink:role="http://www.xbrl.org/2003/role/label">浅田　剛夫</link:label>
    <link:label xml:lang="ja" xlink:type="resource" xlink:label="jpcrp030000-asr_E00371-000_AsadaTakeoMember_label_1" xlink:role="http://www.xbrl.org/2003/role/verboseLabel">浅田　剛夫 [メンバー]</link:label>
    <link:label xml:lang="ja" xlink:type="resource" xlink:label="jpcrp030000-asr_E00371-000_CompensationIncomeReceivedOpeCF_label_1" xlink:role="http://www.xbrl.org/2003/role/label">受取補償金の受取額</link:label>
    <link:label xml:lang="ja" xlink:type="resource" xlink:label="jpcrp030000-asr_E00371-000_CompensationIncomeReceivedOpeCF_label_2" xlink:role="http://www.xbrl.org/2003/role/verboseLabel">受取補償金の受取額、営業活動によるキャッシュ・フロー</link:label>
    <link:label xml:lang="ja" xlink:type="resource" xlink:label="jpcrp030000-asr_E00371-000_CompensationIncomeReceivedOpeCF_label" xlink:role="http://www.xbrl.org/2003/role/documentation">受取補償金の受取額、営業活動によるキャッシュ・フロー</link:label>
    <link:label xml:lang="ja" xlink:type="resource" xlink:label="jpcrp030000-asr_E00371-000_FukutaniTomokoMember_label" xlink:role="http://www.xbrl.org/2003/role/label">福谷　朋子</link:label>
    <link:label xml:lang="ja" xlink:type="resource" xlink:label="jpcrp030000-asr_E00371-000_FukutaniTomokoMember_label_1" xlink:role="http://www.xbrl.org/2003/role/verboseLabel">福谷　朋子 [メンバー]</link:label>
    <link:label xml:lang="ja" xlink:type="resource" xlink:label="jpcrp030000-asr_E00371-000_HirotaKeikoMember_label" xlink:role="http://www.xbrl.org/2003/role/label">廣田　恵子</link:label>
    <link:label xml:lang="ja" xlink:type="resource" xlink:label="jpcrp030000-asr_E00371-000_HirotaKeikoMember_label_1" xlink:role="http://www.xbrl.org/2003/role/verboseLabel">廣田　恵子 [メンバー]</link:label>
    <link:label xml:lang="ja" xlink:type="resource" xlink:label="jpcrp030000-asr_E00371-000_IncomeInsuranceEI_label" xlink:role="http://www.xbrl.org/2003/role/label">保険金収入</link:label>
    <link:label xml:lang="ja" xlink:type="resource" xlink:label="jpcrp030000-asr_E00371-000_IncomeInsuranceEI_label_1" xlink:role="http://www.xbrl.org/2003/role/verboseLabel">保険金収入、特別利益</link:label>
    <link:label xml:lang="ja" xlink:type="resource" xlink:label="jpcrp030000-asr_E00371-000_IncreaseDecreaseInProvisionForOfficersRetirementBenefitsOpeCF_label_1" xlink:role="http://www.xbrl.org/2003/role/label">執行役員退職慰労引当金の増減額（△は減少）</link:label>
    <link:label xml:lang="ja" xlink:type="resource" xlink:label="jpcrp030000-asr_E00371-000_IncreaseDecreaseInProvisionForOfficersRetirementBenefitsOpeCF_label_2" xlink:role="http://www.xbrl.org/2003/role/verboseLabel">執行役員退職慰労引当金の増減額（△は減少）、営業活動によるキャッシュ・フロー</link:label>
    <link:label xml:lang="ja" xlink:type="resource" xlink:label="jpcrp030000-asr_E00371-000_IncreaseDecreaseInProvisionForOfficersRetirementBenefitsOpeCF_label" xlink:role="http://www.xbrl.org/2003/role/documentation">執行役員退職慰労引当金の増減額（△は減少）、営業活動によるキャッシュ・フロー</link:label>
    <link:label xml:lang="ja" xlink:type="resource" xlink:label="jpcrp030000-asr_E00371-000_IwakamiMasatoMember_label" xlink:role="http://www.xbrl.org/2003/role/label">岩上　真人</link:label>
    <link:label xml:lang="ja" xlink:type="resource" xlink:label="jpcrp030000-asr_E00371-000_IwakamiMasatoMember_label_1" xlink:role="http://www.xbrl.org/2003/role/verboseLabel">岩上　真人 [メンバー]</link:label>
    <link:label xml:lang="ja" xlink:type="resource" xlink:label="jpcrp030000-asr_E00371-000_IwamotoYasushiMember_label" xlink:role="http://www.xbrl.org/2003/role/label">岩本　康</link:label>
    <link:label xml:lang="ja" xlink:type="resource" xlink:label="jpcrp030000-asr_E00371-000_IwamotoYasushiMember_label_1" xlink:role="http://www.xbrl.org/2003/role/verboseLabel">岩本　康 [メンバー]</link:label>
    <link:label xml:lang="ja" xlink:type="resource" xlink:label="jpcrp030000-asr_E00371-000_KaishitaMasatoshiMember_label" xlink:role="http://www.xbrl.org/2003/role/label">甲斐下　方俊</link:label>
    <link:label xml:lang="ja" xlink:type="resource" xlink:label="jpcrp030000-asr_E00371-000_KaishitaMasatoshiMember_label_1" xlink:role="http://www.xbrl.org/2003/role/verboseLabel">甲斐下　方俊 [メンバー]</link:label>
    <link:label xml:lang="ja" xlink:type="resource" xlink:label="jpcrp030000-asr_E00371-000_KondouHisashiMember_label" xlink:role="http://www.xbrl.org/2003/role/label">近藤　久嗣</link:label>
    <link:label xml:lang="ja" xlink:type="resource" xlink:label="jpcrp030000-asr_E00371-000_KondouHisashiMember_label_1" xlink:role="http://www.xbrl.org/2003/role/verboseLabel">近藤　久嗣 [メンバー]</link:label>
    <link:label xml:lang="ja" xlink:type="resource" xlink:label="jpcrp030000-asr_E00371-000_LogisticsReportableSegmentsMember_label" xlink:role="http://www.xbrl.org/2003/role/label">流通事業</link:label>
    <link:label xml:lang="ja" xlink:type="resource" xlink:label="jpcrp030000-asr_E00371-000_LogisticsReportableSegmentsMember_label_1" xlink:role="http://www.xbrl.org/2003/role/verboseLabel">流通事業、報告セグメント[メンバー]</link:label>
    <link:label xml:lang="ja" xlink:type="resource" xlink:label="jpcrp030000-asr_E00371-000_MasukawaHiroshiMember_label" xlink:role="http://www.xbrl.org/2003/role/label">益川　博</link:label>
    <link:label xml:lang="ja" xlink:type="resource" xlink:label="jpcrp030000-asr_E00371-000_MasukawaHiroshiMember_label_1" xlink:role="http://www.xbrl.org/2003/role/verboseLabel">益川　博 [メンバー]</link:label>
    <link:label xml:lang="ja" xlink:type="resource" xlink:label="jpcrp030000-asr_E00371-000_NakajimaNobukoMember_label" xlink:role="http://www.xbrl.org/2003/role/label">中島　伸子</link:label>
    <link:label xml:lang="ja" xlink:type="resource" xlink:label="jpcrp030000-asr_E00371-000_NakajimaNobukoMember_label_1" xlink:role="http://www.xbrl.org/2003/role/verboseLabel">中島　伸子 [メンバー]</link:label>
    <link:label xml:lang="ja" xlink:type="resource" xlink:label="jpcrp030000-asr_E00371-000_OnishiYasukiMember_label" xlink:role="http://www.xbrl.org/2003/role/label">大西　安樹</link:label>
    <link:label xml:lang="ja" xlink:type="resource" xlink:label="jpcrp030000-asr_E00371-000_OnishiYasukiMember_label_1" xlink:role="http://www.xbrl.org/2003/role/verboseLabel">大西　安樹 [メンバー]</link:label>
    <link:label xml:lang="ja" xlink:type="resource" xlink:label="jpcrp030000-asr_E00371-000_ProvisionForBoardOfDirectorsRetirementBenefitsSGA_label" xlink:role="http://www.xbrl.org/2003/role/label">執行役員退職慰労引当金繰入額</link:label>
    <link:label xml:lang="ja" xlink:type="resource" xlink:label="jpcrp030000-asr_E00371-000_ProvisionForBoardOfDirectorsRetirementBenefitsSGA_label_1" xlink:role="http://www.xbrl.org/2003/role/verboseLabel">執行役員退職慰労引当金繰入額、販売費及び一般管理費</link:label>
    <link:label xml:lang="ja" xlink:type="resource" xlink:label="jpcrp030000-asr_E00371-000_ProvisionForOfficerRetirementBenefits_label_1" xlink:role="http://www.xbrl.org/2003/role/label">執行役員退職慰労引当金</link:label>
    <link:label xml:lang="ja" xlink:type="resource" xlink:label="jpcrp030000-asr_E00371-000_ProvisionForOfficerRetirementBenefits_label_2" xlink:role="http://www.xbrl.org/2003/role/verboseLabel">執行役員退職慰労引当金</link:label>
    <link:label xml:lang="ja" xlink:type="resource" xlink:label="jpcrp030000-asr_E00371-000_ProvisionForOfficerRetirementBenefits_label" xlink:role="http://www.xbrl.org/2003/role/documentation">執行役員退職慰労引当金</link:label>
    <link:label xml:lang="ja" xlink:type="resource" xlink:label="jpcrp030000-asr_E00371-000_RetailBusinessReportableSegmentsMember_label" xlink:role="http://www.xbrl.org/2003/role/label">流通事業</link:label>
    <link:label xml:lang="ja" xlink:type="resource" xlink:label="jpcrp030000-asr_E00371-000_RetailBusinessReportableSegmentsMember_label_1" xlink:role="http://www.xbrl.org/2003/role/verboseLabel">流通事業、報告セグメント [メンバー]</link:label>
    <link:label xml:lang="ja" xlink:type="resource" xlink:label="jpcrp030000-asr_E00371-000_SeasoningReportableSegmentsMember_label" xlink:role="http://www.xbrl.org/2003/role/label">調味料事業</link:label>
    <link:label xml:lang="ja" xlink:type="resource" xlink:label="jpcrp030000-asr_E00371-000_SeasoningReportableSegmentsMember_label_1" xlink:role="http://www.xbrl.org/2003/role/verboseLabel">調味料事業、報告セグメント [メンバー]</link:label>
    <link:label xml:lang="ja" xlink:type="resource" xlink:label="jpcrp030000-asr_E00371-000_TanakaHiroshiMember_label" xlink:role="http://www.xbrl.org/2003/role/label">田中　洋</link:label>
    <link:label xml:lang="ja" xlink:type="resource" xlink:label="jpcrp030000-asr_E00371-000_TanakaHiroshiMember_label_1" xlink:role="http://www.xbrl.org/2003/role/verboseLabel">田中　洋 [メンバー]</link:label>
    <link:label xml:lang="ja" xlink:type="resource" xlink:label="jpcrp030000-asr_E00371-000_TanakaRisaMember_label" xlink:role="http://www.xbrl.org/2003/role/label">田中　里沙</link:label>
    <link:label xml:lang="ja" xlink:type="resource" xlink:label="jpcrp030000-asr_E00371-000_TanakaRisaMember_label_1" xlink:role="http://www.xbrl.org/2003/role/verboseLabel">田中　里沙 [メンバー]</link:label>
    <link:label xml:lang="ja" xlink:type="resource" xlink:label="jpcrp030000-asr_E00371-000_TominagaJiroMember_label" xlink:role="http://www.xbrl.org/2003/role/label">冨永　治郎</link:label>
    <link:label xml:lang="ja" xlink:type="resource" xlink:label="jpcrp030000-asr_E00371-000_TominagaJiroMember_label_1" xlink:role="http://www.xbrl.org/2003/role/verboseLabel">冨永　治郎 [メンバー]</link:label>
    <link:label xml:lang="ja" xlink:type="resource" xlink:label="jpcrp030000-asr_E00371-000_TsutidaShigeruMember_label" xlink:role="http://www.xbrl.org/2003/role/label">土田　繁</link:label>
    <link:label xml:lang="ja" xlink:type="resource" xlink:label="jpcrp030000-asr_E00371-000_TsutidaShigeruMember_label_1" xlink:role="http://www.xbrl.org/2003/role/verboseLabel">土田　繁 [メンバー]</link:label>
    <link:label xml:lang="ja" xlink:type="resource" xlink:label="jpcrp030000-asr_E00371-000_WakabayashiMasakiyoMember_label" xlink:role="http://www.xbrl.org/2003/role/label">若林　正清</link:label>
    <link:label xml:lang="ja" xlink:type="resource" xlink:label="jpcrp030000-asr_E00371-000_WakabayashiMasakiyoMember_label_1" xlink:role="http://www.xbrl.org/2003/role/verboseLabel">若林　正清 [メンバー]</link:label>
    <link:label xml:lang="ja" xlink:type="resource" xlink:label="jpcrp030000-asr_E00371-000_WakitaYukioMember_label" xlink:role="http://www.xbrl.org/2003/role/label">脇田　元夫</link:label>
    <link:label xml:lang="ja" xlink:type="resource" xlink:label="jpcrp030000-asr_E00371-000_WakitaYukioMember_label_1" xlink:role="http://www.xbrl.org/2003/role/verboseLabel">脇田　元夫 [メンバー]</link:label>
    <link:label xml:lang="ja" xlink:type="resource" xlink:label="jpcrp030000-asr_E00371-000_WarehousingExpenditureSGA_label" xlink:role="http://www.xbrl.org/2003/role/label">保管料</link:label>
    <link:label xml:lang="ja" xlink:type="resource" xlink:label="jpcrp030000-asr_E00371-000_WarehousingExpenditureSGA_label_1" xlink:role="http://www.xbrl.org/2003/role/verboseLabel">保管料、販売費及び一般管理費</link:label>
    <link:loc xlink:type="locator" xlink:href="jpcrp030000-asr-001_E00371-000_2024-03-31_01_2024-06-24.xsd#jpcrp030000-asr_E00371-000_AllowanceForInvestmentLossCA" xlink:label="jpcrp030000-asr_E00371-000_AllowanceForInvestmentLossCA" />
    <link:loc xlink:type="locator" xlink:href="jpcrp030000-asr-001_E00371-000_2024-03-31_01_2024-06-24.xsd#jpcrp030000-asr_E00371-000_AllowanceForInvestmentLossEL" xlink:label="jpcrp030000-asr_E00371-000_AllowanceForInvestmentLossEL" />
    <link:loc xlink:type="locator" xlink:href="jpcrp030000-asr-001_E00371-000_2024-03-31_01_2024-06-24.xsd#jpcrp030000-asr_E00371-000_AllowanceForInvestmentLossIOA" xlink:label="jpcrp030000-asr_E00371-000_AllowanceForInvestmentLossIOA" />
    <link:loc xlink:type="locator" xlink:href="jpcrp030000-asr-001_E00371-000_2024-03-31_01_2024-06-24.xsd#jpcrp030000-asr_E00371-000_AsadaTakeoMember" xlink:label="jpcrp030000-asr_E00371-000_AsadaTakeoMember" />
    <link:loc xlink:type="locator" xlink:href="jpcrp030000-asr-001_E00371-000_2024-03-31_01_2024-06-24.xsd#jpcrp030000-asr_E00371-000_CompensationIncomeReceivedOpeCF" xlink:label="jpcrp030000-asr_E00371-000_CompensationIncomeReceivedOpeCF" />
    <link:loc xlink:type="locator" xlink:href="jpcrp030000-asr-001_E00371-000_2024-03-31_01_2024-06-24.xsd#jpcrp030000-asr_E00371-000_FukutaniTomokoMember" xlink:label="jpcrp030000-asr_E00371-000_FukutaniTomokoMember" />
    <link:loc xlink:type="locator" xlink:href="jpcrp030000-asr-001_E00371-000_2024-03-31_01_2024-06-24.xsd#jpcrp030000-asr_E00371-000_HirotaKeikoMember" xlink:label="jpcrp030000-asr_E00371-000_HirotaKeikoMember" />
    <link:loc xlink:type="locator" xlink:href="jpcrp030000-asr-001_E00371-000_2024-03-31_01_2024-06-24.xsd#jpcrp030000-asr_E00371-000_IncomeInsuranceEI" xlink:label="jpcrp030000-asr_E00371-000_IncomeInsuranceEI" />
    <link:loc xlink:type="locator" xlink:href="jpcrp030000-asr-001_E00371-000_2024-03-31_01_2024-06-24.xsd#jpcrp030000-asr_E00371-000_IncreaseDecreaseInProvisionForOfficersRetirementBenefitsOpeCF" xlink:label="jpcrp030000-asr_E00371-000_IncreaseDecreaseInProvisionForOfficersRetirementBenefitsOpeCF" />
    <link:loc xlink:type="locator" xlink:href="jpcrp030000-asr-001_E00371-000_2024-03-31_01_2024-06-24.xsd#jpcrp030000-asr_E00371-000_IwakamiMasatoMember" xlink:label="jpcrp030000-asr_E00371-000_IwakamiMasatoMember" />
    <link:loc xlink:type="locator" xlink:href="jpcrp030000-asr-001_E00371-000_2024-03-31_01_2024-06-24.xsd#jpcrp030000-asr_E00371-000_IwamotoYasushiMember" xlink:label="jpcrp030000-asr_E00371-000_IwamotoYasushiMember" />
    <link:loc xlink:type="locator" xlink:href="jpcrp030000-asr-001_E00371-000_2024-03-31_01_2024-06-24.xsd#jpcrp030000-asr_E00371-000_KaishitaMasatoshiMember" xlink:label="jpcrp030000-asr_E00371-000_KaishitaMasatoshiMember" />
    <link:loc xlink:type="locator" xlink:href="jpcrp030000-asr-001_E00371-000_2024-03-31_01_2024-06-24.xsd#jpcrp030000-asr_E00371-000_KondouHisashiMember" xlink:label="jpcrp030000-asr_E00371-000_KondouHisashiMember" />
    <link:loc xlink:type="locator" xlink:href="jpcrp030000-asr-001_E00371-000_2024-03-31_01_2024-06-24.xsd#jpcrp030000-asr_E00371-000_LogisticsReportableSegmentsMember" xlink:label="jpcrp030000-asr_E00371-000_LogisticsReportableSegmentsMember" />
    <link:loc xlink:type="locator" xlink:href="jpcrp030000-asr-001_E00371-000_2024-03-31_01_2024-06-24.xsd#jpcrp030000-asr_E00371-000_MasukawaHiroshiMember" xlink:label="jpcrp030000-asr_E00371-000_MasukawaHiroshiMember" />
    <link:loc xlink:type="locator" xlink:href="jpcrp030000-asr-001_E00371-000_2024-03-31_01_2024-06-24.xsd#jpcrp030000-asr_E00371-000_NakajimaNobukoMember" xlink:label="jpcrp030000-asr_E00371-000_NakajimaNobukoMember" />
    <link:loc xlink:type="locator" xlink:href="jpcrp030000-asr-001_E00371-000_2024-03-31_01_2024-06-24.xsd#jpcrp030000-asr_E00371-000_OnishiYasukiMember" xlink:label="jpcrp030000-asr_E00371-000_OnishiYasukiMember" />
    <link:loc xlink:type="locator" xlink:href="jpcrp030000-asr-001_E00371-000_2024-03-31_01_2024-06-24.xsd#jpcrp030000-asr_E00371-000_ProvisionForBoardOfDirectorsRetirementBenefitsSGA" xlink:label="jpcrp030000-asr_E00371-000_ProvisionForBoardOfDirectorsRetirementBenefitsSGA" />
    <link:loc xlink:type="locator" xlink:href="jpcrp030000-asr-001_E00371-000_2024-03-31_01_2024-06-24.xsd#jpcrp030000-asr_E00371-000_ProvisionForOfficerRetirementBenefits" xlink:label="jpcrp030000-asr_E00371-000_ProvisionForOfficerRetirementBenefits" />
    <link:loc xlink:type="locator" xlink:href="jpcrp030000-asr-001_E00371-000_2024-03-31_01_2024-06-24.xsd#jpcrp030000-asr_E00371-000_RetailBusinessReportableSegmentsMember" xlink:label="jpcrp030000-asr_E00371-000_RetailBusinessReportableSegmentsMember" />
    <link:loc xlink:type="locator" xlink:href="jpcrp030000-asr-001_E00371-000_2024-03-31_01_2024-06-24.xsd#jpcrp030000-asr_E00371-000_SeasoningReportableSegmentsMember" xlink:label="jpcrp030000-asr_E00371-000_SeasoningReportableSegmentsMember" />
    <link:loc xlink:type="locator" xlink:href="jpcrp030000-asr-001_E00371-000_2024-03-31_01_2024-06-24.xsd#jpcrp030000-asr_E00371-000_TanakaHiroshiMember" xlink:label="jpcrp030000-asr_E00371-000_TanakaHiroshiMember" />
    <link:loc xlink:type="locator" xlink:href="jpcrp030000-asr-001_E00371-000_2024-03-31_01_2024-06-24.xsd#jpcrp030000-asr_E00371-000_TanakaRisaMember" xlink:label="jpcrp030000-asr_E00371-000_TanakaRisaMember" />
    <link:loc xlink:type="locator" xlink:href="jpcrp030000-asr-001_E00371-000_2024-03-31_01_2024-06-24.xsd#jpcrp030000-asr_E00371-000_TominagaJiroMember" xlink:label="jpcrp030000-asr_E00371-000_TominagaJiroMember" />
    <link:loc xlink:type="locator" xlink:href="jpcrp030000-asr-001_E00371-000_2024-03-31_01_2024-06-24.xsd#jpcrp030000-asr_E00371-000_TsutidaShigeruMember" xlink:label="jpcrp030000-asr_E00371-000_TsutidaShigeruMember" />
    <link:loc xlink:type="locator" xlink:href="jpcrp030000-asr-001_E00371-000_2024-03-31_01_2024-06-24.xsd#jpcrp030000-asr_E00371-000_WakabayashiMasakiyoMember" xlink:label="jpcrp030000-asr_E00371-000_WakabayashiMasakiyoMember" />
    <link:loc xlink:type="locator" xlink:href="jpcrp030000-asr-001_E00371-000_2024-03-31_01_2024-06-24.xsd#jpcrp030000-asr_E00371-000_WakitaYukioMember" xlink:label="jpcrp030000-asr_E00371-000_WakitaYukioMember" />
    <link:loc xlink:type="locator" xlink:href="jpcrp030000-asr-001_E00371-000_2024-03-31_01_2024-06-24.xsd#jpcrp030000-asr_E00371-000_WarehousingExpenditureSGA" xlink:label="jpcrp030000-asr_E00371-000_WarehousingExpenditureSGA" />
    <link:labelArc xlink:type="arc" xlink:from="jpcrp030000-asr_E00371-000_AllowanceForInvestmentLossCA" xlink:to="jpcrp030000-asr_E00371-000_AllowanceForInvestmentLossCA_label" xlink:arcrole="http://www.xbrl.org/2003/arcrole/concept-label" order="1" />
    <link:labelArc xlink:type="arc" xlink:from="jpcrp030000-asr_E00371-000_AllowanceForInvestmentLossCA" xlink:to="jpcrp030000-asr_E00371-000_AllowanceForInvestmentLossCA_label_1" xlink:arcrole="http://www.xbrl.org/2003/arcrole/concept-label" order="1" />
    <link:labelArc xlink:type="arc" xlink:from="jpcrp030000-asr_E00371-000_AllowanceForInvestmentLossEL" xlink:to="jpcrp030000-asr_E00371-000_AllowanceForInvestmentLossEL_label" xlink:arcrole="http://www.xbrl.org/2003/arcrole/concept-label" order="1" />
    <link:labelArc xlink:type="arc" xlink:from="jpcrp030000-asr_E00371-000_AllowanceForInvestmentLossEL" xlink:to="jpcrp030000-asr_E00371-000_AllowanceForInvestmentLossEL_label_1" xlink:arcrole="http://www.xbrl.org/2003/arcrole/concept-label" order="1" />
    <link:labelArc xlink:type="arc" xlink:from="jpcrp030000-asr_E00371-000_AllowanceForInvestmentLossIOA" xlink:to="jpcrp030000-asr_E00371-000_AllowanceForInvestmentLossIOA_label" xlink:arcrole="http://www.xbrl.org/2003/arcrole/concept-label" order="1" />
    <link:labelArc xlink:type="arc" xlink:from="jpcrp030000-asr_E00371-000_AllowanceForInvestmentLossIOA" xlink:to="jpcrp030000-asr_E00371-000_AllowanceForInvestmentLossIOA_label_1" xlink:arcrole="http://www.xbrl.org/2003/arcrole/concept-label" order="1" />
    <link:labelArc xlink:type="arc" xlink:from="jpcrp030000-asr_E00371-000_AsadaTakeoMember" xlink:to="jpcrp030000-asr_E00371-000_AsadaTakeoMember_label" xlink:arcrole="http://www.xbrl.org/2003/arcrole/concept-label" order="1" />
    <link:labelArc xlink:type="arc" xlink:from="jpcrp030000-asr_E00371-000_AsadaTakeoMember" xlink:to="jpcrp030000-asr_E00371-000_AsadaTakeoMember_label_1" xlink:arcrole="http://www.xbrl.org/2003/arcrole/concept-label" order="1" />
    <link:labelArc xlink:type="arc" xlink:from="jpcrp030000-asr_E00371-000_CompensationIncomeReceivedOpeCF" xlink:to="jpcrp030000-asr_E00371-000_CompensationIncomeReceivedOpeCF_label" xlink:arcrole="http://www.xbrl.org/2003/arcrole/concept-label" order="1" />
    <link:labelArc xlink:type="arc" xlink:from="jpcrp030000-asr_E00371-000_CompensationIncomeReceivedOpeCF" xlink:to="jpcrp030000-asr_E00371-000_CompensationIncomeReceivedOpeCF_label_1" xlink:arcrole="http://www.xbrl.org/2003/arcrole/concept-label" order="1" />
    <link:labelArc xlink:type="arc" xlink:from="jpcrp030000-asr_E00371-000_CompensationIncomeReceivedOpeCF" xlink:to="jpcrp030000-asr_E00371-000_CompensationIncomeReceivedOpeCF_label_2" xlink:arcrole="http://www.xbrl.org/2003/arcrole/concept-label" order="1" />
    <link:labelArc xlink:type="arc" xlink:from="jpcrp030000-asr_E00371-000_FukutaniTomokoMember" xlink:to="jpcrp030000-asr_E00371-000_FukutaniTomokoMember_label" xlink:arcrole="http://www.xbrl.org/2003/arcrole/concept-label" order="1" />
    <link:labelArc xlink:type="arc" xlink:from="jpcrp030000-asr_E00371-000_FukutaniTomokoMember" xlink:to="jpcrp030000-asr_E00371-000_FukutaniTomokoMember_label_1" xlink:arcrole="http://www.xbrl.org/2003/arcrole/concept-label" order="1" />
    <link:labelArc xlink:type="arc" xlink:from="jpcrp030000-asr_E00371-000_HirotaKeikoMember" xlink:to="jpcrp030000-asr_E00371-000_HirotaKeikoMember_label_1" xlink:arcrole="http://www.xbrl.org/2003/arcrole/concept-label" order="1" />
    <link:labelArc xlink:type="arc" xlink:from="jpcrp030000-asr_E00371-000_HirotaKeikoMember" xlink:to="jpcrp030000-asr_E00371-000_HirotaKeikoMember_label" xlink:arcrole="http://www.xbrl.org/2003/arcrole/concept-label" order="1" />
    <link:labelArc xlink:type="arc" xlink:from="jpcrp030000-asr_E00371-000_IncomeInsuranceEI" xlink:to="jpcrp030000-asr_E00371-000_IncomeInsuranceEI_label" xlink:arcrole="http://www.xbrl.org/2003/arcrole/concept-label" order="1" />
    <link:labelArc xlink:type="arc" xlink:from="jpcrp030000-asr_E00371-000_IncomeInsuranceEI" xlink:to="jpcrp030000-asr_E00371-000_IncomeInsuranceEI_label_1" xlink:arcrole="http://www.xbrl.org/2003/arcrole/concept-label" order="1" />
    <link:labelArc xlink:type="arc" xlink:from="jpcrp030000-asr_E00371-000_IncreaseDecreaseInProvisionForOfficersRetirementBenefitsOpeCF" xlink:to="jpcrp030000-asr_E00371-000_IncreaseDecreaseInProvisionForOfficersRetirementBenefitsOpeCF_label" xlink:arcrole="http://www.xbrl.org/2003/arcrole/concept-label" order="1" />
    <link:labelArc xlink:type="arc" xlink:from="jpcrp030000-asr_E00371-000_IncreaseDecreaseInProvisionForOfficersRetirementBenefitsOpeCF" xlink:to="jpcrp030000-asr_E00371-000_IncreaseDecreaseInProvisionForOfficersRetirementBenefitsOpeCF_label_1" xlink:arcrole="http://www.xbrl.org/2003/arcrole/concept-label" order="1" />
    <link:labelArc xlink:type="arc" xlink:from="jpcrp030000-asr_E00371-000_IncreaseDecreaseInProvisionForOfficersRetirementBenefitsOpeCF" xlink:to="jpcrp030000-asr_E00371-000_IncreaseDecreaseInProvisionForOfficersRetirementBenefitsOpeCF_label_2" xlink:arcrole="http://www.xbrl.org/2003/arcrole/concept-label" order="1" />
    <link:labelArc xlink:type="arc" xlink:from="jpcrp030000-asr_E00371-000_IwakamiMasatoMember" xlink:to="jpcrp030000-asr_E00371-000_IwakamiMasatoMember_label" xlink:arcrole="http://www.xbrl.org/2003/arcrole/concept-label" order="1" />
    <link:labelArc xlink:type="arc" xlink:from="jpcrp030000-asr_E00371-000_IwakamiMasatoMember" xlink:to="jpcrp030000-asr_E00371-000_IwakamiMasatoMember_label_1" xlink:arcrole="http://www.xbrl.org/2003/arcrole/concept-label" order="1" />
    <link:labelArc xlink:type="arc" xlink:from="jpcrp030000-asr_E00371-000_IwamotoYasushiMember" xlink:to="jpcrp030000-asr_E00371-000_IwamotoYasushiMember_label" xlink:arcrole="http://www.xbrl.org/2003/arcrole/concept-label" order="1" />
    <link:labelArc xlink:type="arc" xlink:from="jpcrp030000-asr_E00371-000_IwamotoYasushiMember" xlink:to="jpcrp030000-asr_E00371-000_IwamotoYasushiMember_label_1" xlink:arcrole="http://www.xbrl.org/2003/arcrole/concept-label" order="1" />
    <link:labelArc xlink:type="arc" xlink:from="jpcrp030000-asr_E00371-000_KaishitaMasatoshiMember" xlink:to="jpcrp030000-asr_E00371-000_KaishitaMasatoshiMember_label" xlink:arcrole="http://www.xbrl.org/2003/arcrole/concept-label" order="1" />
    <link:labelArc xlink:type="arc" xlink:from="jpcrp030000-asr_E00371-000_KaishitaMasatoshiMember" xlink:to="jpcrp030000-asr_E00371-000_KaishitaMasatoshiMember_label_1" xlink:arcrole="http://www.xbrl.org/2003/arcrole/concept-label" order="1" />
    <link:labelArc xlink:type="arc" xlink:from="jpcrp030000-asr_E00371-000_KondouHisashiMember" xlink:to="jpcrp030000-asr_E00371-000_KondouHisashiMember_label" xlink:arcrole="http://www.xbrl.org/2003/arcrole/concept-label" order="1" />
    <link:labelArc xlink:type="arc" xlink:from="jpcrp030000-asr_E00371-000_KondouHisashiMember" xlink:to="jpcrp030000-asr_E00371-000_KondouHisashiMember_label_1" xlink:arcrole="http://www.xbrl.org/2003/arcrole/concept-label" order="1" />
    <link:labelArc xlink:type="arc" xlink:from="jpcrp030000-asr_E00371-000_LogisticsReportableSegmentsMember" xlink:to="jpcrp030000-asr_E00371-000_LogisticsReportableSegmentsMember_label_1" xlink:arcrole="http://www.xbrl.org/2003/arcrole/concept-label" order="1" />
    <link:labelArc xlink:type="arc" xlink:from="jpcrp030000-asr_E00371-000_LogisticsReportableSegmentsMember" xlink:to="jpcrp030000-asr_E00371-000_LogisticsReportableSegmentsMember_label" xlink:arcrole="http://www.xbrl.org/2003/arcrole/concept-label" order="1" />
    <link:labelArc xlink:type="arc" xlink:from="jpcrp030000-asr_E00371-000_MasukawaHiroshiMember" xlink:to="jpcrp030000-asr_E00371-000_MasukawaHiroshiMember_label" xlink:arcrole="http://www.xbrl.org/2003/arcrole/concept-label" order="1" />
    <link:labelArc xlink:type="arc" xlink:from="jpcrp030000-asr_E00371-000_MasukawaHiroshiMember" xlink:to="jpcrp030000-asr_E00371-000_MasukawaHiroshiMember_label_1" xlink:arcrole="http://www.xbrl.org/2003/arcrole/concept-label" order="1" />
    <link:labelArc xlink:type="arc" xlink:from="jpcrp030000-asr_E00371-000_NakajimaNobukoMember" xlink:to="jpcrp030000-asr_E00371-000_NakajimaNobukoMember_label" xlink:arcrole="http://www.xbrl.org/2003/arcrole/concept-label" order="1" />
    <link:labelArc xlink:type="arc" xlink:from="jpcrp030000-asr_E00371-000_NakajimaNobukoMember" xlink:to="jpcrp030000-asr_E00371-000_NakajimaNobukoMember_label_1" xlink:arcrole="http://www.xbrl.org/2003/arcrole/concept-label" order="1" />
    <link:labelArc xlink:type="arc" xlink:from="jpcrp030000-asr_E00371-000_OnishiYasukiMember" xlink:to="jpcrp030000-asr_E00371-000_OnishiYasukiMember_label" xlink:arcrole="http://www.xbrl.org/2003/arcrole/concept-label" order="1" />
    <link:labelArc xlink:type="arc" xlink:from="jpcrp030000-asr_E00371-000_OnishiYasukiMember" xlink:to="jpcrp030000-asr_E00371-000_OnishiYasukiMember_label_1" xlink:arcrole="http://www.xbrl.org/2003/arcrole/concept-label" order="1" />
    <link:labelArc xlink:type="arc" xlink:from="jpcrp030000-asr_E00371-000_ProvisionForBoardOfDirectorsRetirementBenefitsSGA" xlink:to="jpcrp030000-asr_E00371-000_ProvisionForBoardOfDirectorsRetirementBenefitsSGA_label" xlink:arcrole="http://www.xbrl.org/2003/arcrole/concept-label" order="1" />
    <link:labelArc xlink:type="arc" xlink:from="jpcrp030000-asr_E00371-000_ProvisionForBoardOfDirectorsRetirementBenefitsSGA" xlink:to="jpcrp030000-asr_E00371-000_ProvisionForBoardOfDirectorsRetirementBenefitsSGA_label_1" xlink:arcrole="http://www.xbrl.org/2003/arcrole/concept-label" order="1" />
    <link:labelArc xlink:type="arc" xlink:from="jpcrp030000-asr_E00371-000_ProvisionForOfficerRetirementBenefits" xlink:to="jpcrp030000-asr_E00371-000_ProvisionForOfficerRetirementBenefits_label" xlink:arcrole="http://www.xbrl.org/2003/arcrole/concept-label" order="1" />
    <link:labelArc xlink:type="arc" xlink:from="jpcrp030000-asr_E00371-000_ProvisionForOfficerRetirementBenefits" xlink:to="jpcrp030000-asr_E00371-000_ProvisionForOfficerRetirementBenefits_label_1" xlink:arcrole="http://www.xbrl.org/2003/arcrole/concept-label" order="1" />
    <link:labelArc xlink:type="arc" xlink:from="jpcrp030000-asr_E00371-000_ProvisionForOfficerRetirementBenefits" xlink:to="jpcrp030000-asr_E00371-000_ProvisionForOfficerRetirementBenefits_label_2" xlink:arcrole="http://www.xbrl.org/2003/arcrole/concept-label" order="1" />
    <link:labelArc xlink:type="arc" xlink:from="jpcrp030000-asr_E00371-000_RetailBusinessReportableSegmentsMember" xlink:to="jpcrp030000-asr_E00371-000_RetailBusinessReportableSegmentsMember_label_1" xlink:arcrole="http://www.xbrl.org/2003/arcrole/concept-label" order="1" />
    <link:labelArc xlink:type="arc" xlink:from="jpcrp030000-asr_E00371-000_RetailBusinessReportableSegmentsMember" xlink:to="jpcrp030000-asr_E00371-000_RetailBusinessReportableSegmentsMember_label" xlink:arcrole="http://www.xbrl.org/2003/arcrole/concept-label" order="1" />
    <link:labelArc xlink:type="arc" xlink:from="jpcrp030000-asr_E00371-000_SeasoningReportableSegmentsMember" xlink:to="jpcrp030000-asr_E00371-000_SeasoningReportableSegmentsMember_label_1" xlink:arcrole="http://www.xbrl.org/2003/arcrole/concept-label" order="1" />
    <link:labelArc xlink:type="arc" xlink:from="jpcrp030000-asr_E00371-000_SeasoningReportableSegmentsMember" xlink:to="jpcrp030000-asr_E00371-000_SeasoningReportableSegmentsMember_label" xlink:arcrole="http://www.xbrl.org/2003/arcrole/concept-label" order="1" />
    <link:labelArc xlink:type="arc" xlink:from="jpcrp030000-asr_E00371-000_TanakaHiroshiMember" xlink:to="jpcrp030000-asr_E00371-000_TanakaHiroshiMember_label" xlink:arcrole="http://www.xbrl.org/2003/arcrole/concept-label" order="1" />
    <link:labelArc xlink:type="arc" xlink:from="jpcrp030000-asr_E00371-000_TanakaHiroshiMember" xlink:to="jpcrp030000-asr_E00371-000_TanakaHiroshiMember_label_1" xlink:arcrole="http://www.xbrl.org/2003/arcrole/concept-label" order="1" />
    <link:labelArc xlink:type="arc" xlink:from="jpcrp030000-asr_E00371-000_TanakaRisaMember" xlink:to="jpcrp030000-asr_E00371-000_TanakaRisaMember_label" xlink:arcrole="http://www.xbrl.org/2003/arcrole/concept-label" order="1" />
    <link:labelArc xlink:type="arc" xlink:from="jpcrp030000-asr_E00371-000_TanakaRisaMember" xlink:to="jpcrp030000-asr_E00371-000_TanakaRisaMember_label_1" xlink:arcrole="http://www.xbrl.org/2003/arcrole/concept-label" order="1" />
    <link:labelArc xlink:type="arc" xlink:from="jpcrp030000-asr_E00371-000_TominagaJiroMember" xlink:to="jpcrp030000-asr_E00371-000_TominagaJiroMember_label" xlink:arcrole="http://www.xbrl.org/2003/arcrole/concept-label" order="1" />
    <link:labelArc xlink:type="arc" xlink:from="jpcrp030000-asr_E00371-000_TominagaJiroMember" xlink:to="jpcrp030000-asr_E00371-000_TominagaJiroMember_label_1" xlink:arcrole="http://www.xbrl.org/2003/arcrole/concept-label" order="1" />
    <link:labelArc xlink:type="arc" xlink:from="jpcrp030000-asr_E00371-000_TsutidaShigeruMember" xlink:to="jpcrp030000-asr_E00371-000_TsutidaShigeruMember_label" xlink:arcrole="http://www.xbrl.org/2003/arcrole/concept-label" order="1" />
    <link:labelArc xlink:type="arc" xlink:from="jpcrp030000-asr_E00371-000_TsutidaShigeruMember" xlink:to="jpcrp030000-asr_E00371-000_TsutidaShigeruMember_label_1" xlink:arcrole="http://www.xbrl.org/2003/arcrole/concept-label" order="1" />
    <link:labelArc xlink:type="arc" xlink:from="jpcrp030000-asr_E00371-000_WakabayashiMasakiyoMember" xlink:to="jpcrp030000-asr_E00371-000_WakabayashiMasakiyoMember_label" xlink:arcrole="http://www.xbrl.org/2003/arcrole/concept-label" order="1" />
    <link:labelArc xlink:type="arc" xlink:from="jpcrp030000-asr_E00371-000_WakabayashiMasakiyoMember" xlink:to="jpcrp030000-asr_E00371-000_WakabayashiMasakiyoMember_label_1" xlink:arcrole="http://www.xbrl.org/2003/arcrole/concept-label" order="1" />
    <link:labelArc xlink:type="arc" xlink:from="jpcrp030000-asr_E00371-000_WakitaYukioMember" xlink:to="jpcrp030000-asr_E00371-000_WakitaYukioMember_label" xlink:arcrole="http://www.xbrl.org/2003/arcrole/concept-label" order="1" />
    <link:labelArc xlink:type="arc" xlink:from="jpcrp030000-asr_E00371-000_WakitaYukioMember" xlink:to="jpcrp030000-asr_E00371-000_WakitaYukioMember_label_1" xlink:arcrole="http://www.xbrl.org/2003/arcrole/concept-label" order="1" />
    <link:labelArc xlink:type="arc" xlink:from="jpcrp030000-asr_E00371-000_WarehousingExpenditureSGA" xlink:to="jpcrp030000-asr_E00371-000_WarehousingExpenditureSGA_label" xlink:arcrole="http://www.xbrl.org/2003/arcrole/concept-label" order="1" />
    <link:labelArc xlink:type="arc" xlink:from="jpcrp030000-asr_E00371-000_WarehousingExpenditureSGA" xlink:to="jpcrp030000-asr_E00371-000_WarehousingExpenditureSGA_label_1" xlink:arcrole="http://www.xbrl.org/2003/arcrole/concept-label" order="1" />
  </link:labelLink>
</link:linkbase>