<?xml version="1.0" encoding="utf-8"?>
<!-- Generated by PRONEXUS WORKS -->
<link:linkbase xmlns:link="http://www.xbrl.org/2003/linkbase" xmlns:xsi="http://www.w3.org/2001/XMLSchema-instance" xmlns:xbrli="http://www.xbrl.org/2003/instance" xmlns:xlink="http://www.w3.org/1999/xlink">
  <link:roleRef xlink:type="simple" roleURI="http://disclosure.edinet-fsa.go.jp/jppfs/cte/role/label" xlink:href="http://disclosure.edinet-fsa.go.jp/taxonomy/jppfs/2023-12-01/jppfs_rt_2023-12-01.xsd#rol_CTELabel" />
  <link:labelLink xlink:type="extended" xlink:role="http://www.xbrl.org/2003/role/link">
    <link:loc xlink:type="locator" xlink:href="jpcrp030000-asr-001_E00385-000_2024-03-31_01_2024-06-18.xsd#jpcrp030000-asr_E00385-000_CustomerRelatedAssets" xlink:label="CustomerRelatedAssets" />
    <link:loc xlink:type="locator" xlink:href="jpcrp030000-asr-001_E00385-000_2024-03-31_01_2024-06-18.xsd#jpcrp030000-asr_E00385-000_TrademarkAssets" xlink:label="TrademarkAssets" />
    <link:loc xlink:type="locator" xlink:href="jpcrp030000-asr-001_E00385-000_2024-03-31_01_2024-06-18.xsd#jpcrp030000-asr_E00385-000_TechnicalAssets" xlink:label="TechnicalAssets" />
    <link:loc xlink:type="locator" xlink:href="jpcrp030000-asr-001_E00385-000_2024-03-31_01_2024-06-18.xsd#jpcrp030000-asr_E00385-000_ProceedsFromSalesOfIntangibleAssetsAndInvestmentsInvCF" xlink:label="ProceedsFromSalesOfIntangibleAssetsAndInvestmentsInvCF" />
    <link:loc xlink:type="locator" xlink:href="jpcrp030000-asr-001_E00385-000_2024-03-31_01_2024-06-18.xsd#jpcrp030000-asr_E00385-000_PurchaseOfIntangibleAssetsAndInvestmentsInvCF" xlink:label="PurchaseOfIntangibleAssetsAndInvestmentsInvCF" />
    <link:loc xlink:type="locator" xlink:href="jpcrp030000-asr-001_E00385-000_2024-03-31_01_2024-06-18.xsd#jpcrp030000-asr_E00385-000_StrategyClimateChangeTextBlock" xlink:label="StrategyClimateChangeTextBlock" />
    <link:loc xlink:type="locator" xlink:href="jpcrp030000-asr-001_E00385-000_2024-03-31_01_2024-06-18.xsd#jpcrp030000-asr_E00385-000_MetricsAndTargetsClimateChangeTextBlock" xlink:label="MetricsAndTargetsClimateChangeTextBlock" />
    <link:loc xlink:type="locator" xlink:href="jpcrp030000-asr-001_E00385-000_2024-03-31_01_2024-06-18.xsd#jpcrp030000-asr_E00385-000_WarehousingAndDistributionExpensesSGA" xlink:label="WarehousingAndDistributionExpensesSGA" />
    <link:loc xlink:type="locator" xlink:href="jpcrp030000-asr-001_E00385-000_2024-03-31_01_2024-06-18.xsd#jpcrp030000-asr_E00385-000_RentIncomeOnAssetsNOI" xlink:label="RentIncomeOnAssetsNOI" />
    <link:loc xlink:type="locator" xlink:href="jpcrp030000-asr-001_E00385-000_2024-03-31_01_2024-06-18.xsd#jpcrp030000-asr_E00385-000_JunejaLekhRajMember" xlink:label="JunejaLekhRajMember" />
    <link:loc xlink:type="locator" xlink:href="jpcrp030000-asr-001_E00385-000_2024-03-31_01_2024-06-18.xsd#jpcrp030000-asr_E00385-000_MasanoriTakagiMember" xlink:label="MasanoriTakagiMember" />
    <link:loc xlink:type="locator" xlink:href="jpcrp030000-asr-001_E00385-000_2024-03-31_01_2024-06-18.xsd#jpcrp030000-asr_E00385-000_AkiraKobayashiMember" xlink:label="AkiraKobayashiMember" />
    <link:loc xlink:type="locator" xlink:href="jpcrp030000-asr-001_E00385-000_2024-03-31_01_2024-06-18.xsd#jpcrp030000-asr_E00385-000_NaokoKoizumiMember" xlink:label="NaokoKoizumiMember" />
    <link:loc xlink:type="locator" xlink:href="jpcrp030000-asr-001_E00385-000_2024-03-31_01_2024-06-18.xsd#jpcrp030000-asr_E00385-000_MinesaburoMiyakeMember" xlink:label="MinesaburoMiyakeMember" />
    <link:loc xlink:type="locator" xlink:href="jpcrp030000-asr-001_E00385-000_2024-03-31_01_2024-06-18.xsd#jpcrp030000-asr_E00385-000_YosioItouMember" xlink:label="YosioItouMember" />
    <link:loc xlink:type="locator" xlink:href="jpcrp030000-asr-001_E00385-000_2024-03-31_01_2024-06-18.xsd#jpcrp030000-asr_E00385-000_TakayukiKanaiMember" xlink:label="TakayukiKanaiMember" />
    <link:loc xlink:type="locator" xlink:href="jpcrp030000-asr-001_E00385-000_2024-03-31_01_2024-06-18.xsd#jpcrp030000-asr_E00385-000_ToshimasaIueMember" xlink:label="ToshimasaIueMember" />
    <link:loc xlink:type="locator" xlink:href="jpcrp030000-asr-001_E00385-000_2024-03-31_01_2024-06-18.xsd#jpcrp030000-asr_E00385-000_KatsuoShoyamaMember" xlink:label="KatsuoShoyamaMember" />
    <link:loc xlink:type="locator" xlink:href="jpcrp030000-asr-001_E00385-000_2024-03-31_01_2024-06-18.xsd#jpcrp030000-asr_E00385-000_JunSasakiMember" xlink:label="JunSasakiMember" />
    <link:loc xlink:type="locator" xlink:href="jpcrp030000-asr-001_E00385-000_2024-03-31_01_2024-06-18.xsd#jpcrp030000-asr_E00385-000_KazuyoshiAokiMember" xlink:label="KazuyoshiAokiMember" />
    <link:loc xlink:type="locator" xlink:href="jpcrp030000-asr-001_E00385-000_2024-03-31_01_2024-06-18.xsd#jpcrp030000-asr_E00385-000_AkihiroItoMember" xlink:label="AkihiroItoMember" />
    <link:loc xlink:type="locator" xlink:href="jpcrp030000-asr-001_E00385-000_2024-03-31_01_2024-06-18.xsd#jpcrp030000-asr_E00385-000_DomesticRiceCrackersReportableSegmentsMember" xlink:label="DomesticRiceCrackersReportableSegmentsMember" />
    <link:loc xlink:type="locator" xlink:href="jpcrp030000-asr-001_E00385-000_2024-03-31_01_2024-06-18.xsd#jpcrp030000-asr_E00385-000_OverseasReportableSegmentsMember" xlink:label="OverseasReportableSegmentsMember" />
    <link:loc xlink:type="locator" xlink:href="jpcrp030000-asr-001_E00385-000_2024-03-31_01_2024-06-18.xsd#jpcrp030000-asr_E00385-000_FoodReportableSegmentsMember" xlink:label="FoodReportableSegmentsMember" />
    <link:loc xlink:type="locator" xlink:href="jpcrp030000-asr-001_E00385-000_2024-03-31_01_2024-06-18.xsd#jpcrp030000-asr_E00385-000_NotesRegardingLossOnValuationOfSharesOfSubsidiariesAndAssociatesTextBlock" xlink:label="NotesRegardingLossOnValuationOfSharesOfSubsidiariesAndAssociatesTextBlock" />
    <link:loc xlink:type="locator" xlink:href="jpcrp030000-asr-001_E00385-000_2024-03-31_01_2024-06-18.xsd#jpcrp030000-asr_E00385-000_ProvisionOfAllowanceForDoubtfulAccountsTextBlock" xlink:label="ProvisionOfAllowanceForDoubtfulAccountsTextBlock" />
    <link:loc xlink:type="locator" xlink:href="jpcrp030000-asr-001_E00385-000_2024-03-31_01_2024-06-18.xsd#jpcrp030000-asr_E00385-000_NotesRegardingLossOnDisposalOfNonCurrentAssetsTextBlock" xlink:label="NotesRegardingLossOnDisposalOfNonCurrentAssetsTextBlock" />
    <link:loc xlink:type="locator" xlink:href="jpcrp030000-asr-001_E00385-000_2024-03-31_01_2024-06-18.xsd#jpcrp030000-asr_E00385-000_NotesRegardingSubsidyIncomeTextBlock" xlink:label="NotesRegardingSubsidyIncomeTextBlock" />
    <link:loc xlink:type="locator" xlink:href="jpcrp030000-asr-001_E00385-000_2024-03-31_01_2024-06-18.xsd#jpcrp030000-asr_E00385-000_MariTanabeMember" xlink:label="MariTanabeMember" />
    <link:loc xlink:type="locator" xlink:href="http://disclosure.edinet-fsa.go.jp/taxonomy/jppfs/2023-12-01/jppfs_cor_2023-12-01.xsd#jppfs_cor_ProfitLoss" xlink:label="ProfitLoss" />
    <link:label xlink:type="resource" xlink:label="label_ProfitLoss" xml:lang="en" xlink:role="http://disclosure.edinet-fsa.go.jp/jppfs/cte/role/label" id="label_ProfitLoss">Profit (loss)</link:label>
    <link:labelArc xlink:type="arc" xlink:arcrole="http://www.xbrl.org/2003/arcrole/concept-label" xlink:from="ProfitLoss" xlink:to="label_ProfitLoss" />
    <link:label xlink:type="resource" xlink:label="label_StrategyClimateChangeTextBlock_2" xml:lang="en" xlink:role="http://www.xbrl.org/2003/role/label" id="label_StrategyClimateChangeTextBlock_2">Strategy, Climate change</link:label>
    <link:labelArc xlink:type="arc" xlink:arcrole="http://www.xbrl.org/2003/arcrole/concept-label" xlink:from="StrategyClimateChangeTextBlock" xlink:to="label_StrategyClimateChangeTextBlock_2" />
    <link:label xlink:type="resource" xlink:label="label_StrategyClimateChangeTextBlock" xml:lang="en" xlink:role="http://www.xbrl.org/2003/role/verboseLabel" id="label_StrategyClimateChangeTextBlock">Strategy, Climate change [text block]</link:label>
    <link:labelArc xlink:type="arc" xlink:arcrole="http://www.xbrl.org/2003/arcrole/concept-label" xlink:from="StrategyClimateChangeTextBlock" xlink:to="label_StrategyClimateChangeTextBlock" />
    <link:label xlink:type="resource" xlink:label="label_MetricsAndTargetsClimateChangeTextBlock_2" xml:lang="en" xlink:role="http://www.xbrl.org/2003/role/label" id="label_MetricsAndTargetsClimateChangeTextBlock_2">Metrics and targets, Climate change</link:label>
    <link:labelArc xlink:type="arc" xlink:arcrole="http://www.xbrl.org/2003/arcrole/concept-label" xlink:from="MetricsAndTargetsClimateChangeTextBlock" xlink:to="label_MetricsAndTargetsClimateChangeTextBlock_2" />
    <link:label xlink:type="resource" xlink:label="label_MetricsAndTargetsClimateChangeTextBlock" xml:lang="en" xlink:role="http://www.xbrl.org/2003/role/verboseLabel" id="label_MetricsAndTargetsClimateChangeTextBlock">Metrics and targets, Climate change [text block]</link:label>
    <link:labelArc xlink:type="arc" xlink:arcrole="http://www.xbrl.org/2003/arcrole/concept-label" xlink:from="MetricsAndTargetsClimateChangeTextBlock" xlink:to="label_MetricsAndTargetsClimateChangeTextBlock" />
    <link:label xlink:type="resource" xlink:label="label_PurchaseOfIntangibleAssetsAndInvestmentsInvCF" xml:lang="en" xlink:role="http://www.xbrl.org/2003/role/label" id="label_PurchaseOfIntangibleAssetsAndInvestmentsInvCF">Purchase of intangible assets and investments</link:label>
    <link:labelArc xlink:type="arc" xlink:arcrole="http://www.xbrl.org/2003/arcrole/concept-label" xlink:from="PurchaseOfIntangibleAssetsAndInvestmentsInvCF" xlink:to="label_PurchaseOfIntangibleAssetsAndInvestmentsInvCF" />
    <link:label xlink:type="resource" xlink:label="label_PurchaseOfIntangibleAssetsAndInvestmentsInvCF_2" xml:lang="en" xlink:role="http://www.xbrl.org/2003/role/verboseLabel" id="label_PurchaseOfIntangibleAssetsAndInvestmentsInvCF_2">Purchase of intangible assets and investments-InvCF</link:label>
    <link:labelArc xlink:type="arc" xlink:arcrole="http://www.xbrl.org/2003/arcrole/concept-label" xlink:from="PurchaseOfIntangibleAssetsAndInvestmentsInvCF" xlink:to="label_PurchaseOfIntangibleAssetsAndInvestmentsInvCF_2" />
    <link:label xlink:type="resource" xlink:label="label_ProceedsFromSalesOfIntangibleAssetsAndInvestmentsInvCF" xml:lang="en" xlink:role="http://www.xbrl.org/2003/role/label" id="label_ProceedsFromSalesOfIntangibleAssetsAndInvestmentsInvCF">Proceeds from sales of intangible assets and investments</link:label>
    <link:labelArc xlink:type="arc" xlink:arcrole="http://www.xbrl.org/2003/arcrole/concept-label" xlink:from="ProceedsFromSalesOfIntangibleAssetsAndInvestmentsInvCF" xlink:to="label_ProceedsFromSalesOfIntangibleAssetsAndInvestmentsInvCF" />
    <link:label xlink:type="resource" xlink:label="label_ProceedsFromSalesOfIntangibleAssetsAndInvestmentsInvCF_2" xml:lang="en" xlink:role="http://www.xbrl.org/2003/role/verboseLabel" id="label_ProceedsFromSalesOfIntangibleAssetsAndInvestmentsInvCF_2">Proceeds from sales of intangible assets and investments-InvCF</link:label>
    <link:labelArc xlink:type="arc" xlink:arcrole="http://www.xbrl.org/2003/arcrole/concept-label" xlink:from="ProceedsFromSalesOfIntangibleAssetsAndInvestmentsInvCF" xlink:to="label_ProceedsFromSalesOfIntangibleAssetsAndInvestmentsInvCF_2" />
    <link:label xlink:type="resource" xlink:label="label_CustomerRelatedAssets" xml:lang="en" xlink:role="http://www.xbrl.org/2003/role/label" id="label_CustomerRelatedAssets">Customer related assets</link:label>
    <link:labelArc xlink:type="arc" xlink:arcrole="http://www.xbrl.org/2003/arcrole/concept-label" xlink:from="CustomerRelatedAssets" xlink:to="label_CustomerRelatedAssets" />
    <link:label xlink:type="resource" xlink:label="label_CustomerRelatedAssets_2" xml:lang="en" xlink:role="http://www.xbrl.org/2003/role/verboseLabel" id="label_CustomerRelatedAssets_2">Customer related assets</link:label>
    <link:labelArc xlink:type="arc" xlink:arcrole="http://www.xbrl.org/2003/arcrole/concept-label" xlink:from="CustomerRelatedAssets" xlink:to="label_CustomerRelatedAssets_2" />
    <link:label xlink:type="resource" xlink:label="label_TrademarkAssets" xml:lang="en" xlink:role="http://www.xbrl.org/2003/role/label" id="label_TrademarkAssets">Trademark assets</link:label>
    <link:labelArc xlink:type="arc" xlink:arcrole="http://www.xbrl.org/2003/arcrole/concept-label" xlink:from="TrademarkAssets" xlink:to="label_TrademarkAssets" />
    <link:label xlink:type="resource" xlink:label="label_TrademarkAssets_2" xml:lang="en" xlink:role="http://www.xbrl.org/2003/role/verboseLabel" id="label_TrademarkAssets_2">Trademark assets</link:label>
    <link:labelArc xlink:type="arc" xlink:arcrole="http://www.xbrl.org/2003/arcrole/concept-label" xlink:from="TrademarkAssets" xlink:to="label_TrademarkAssets_2" />
    <link:label xlink:type="resource" xlink:label="label_TechnicalAssets" xml:lang="en" xlink:role="http://www.xbrl.org/2003/role/label" id="label_TechnicalAssets">Technical assets</link:label>
    <link:labelArc xlink:type="arc" xlink:arcrole="http://www.xbrl.org/2003/arcrole/concept-label" xlink:from="TechnicalAssets" xlink:to="label_TechnicalAssets" />
    <link:label xlink:type="resource" xlink:label="label_TechnicalAssets_2" xml:lang="en" xlink:role="http://www.xbrl.org/2003/role/verboseLabel" id="label_TechnicalAssets_2">Technical assets</link:label>
    <link:labelArc xlink:type="arc" xlink:arcrole="http://www.xbrl.org/2003/arcrole/concept-label" xlink:from="TechnicalAssets" xlink:to="label_TechnicalAssets_2" />
    <link:label xlink:type="resource" xlink:label="label_WarehousingAndDistributionExpensesSGA" xml:lang="en" xlink:role="http://www.xbrl.org/2003/role/label" id="label_WarehousingAndDistributionExpensesSGA">Warehousing and distribution expenses</link:label>
    <link:labelArc xlink:type="arc" xlink:arcrole="http://www.xbrl.org/2003/arcrole/concept-label" xlink:from="WarehousingAndDistributionExpensesSGA" xlink:to="label_WarehousingAndDistributionExpensesSGA" />
    <link:label xlink:type="resource" xlink:label="label_WarehousingAndDistributionExpensesSGA_2" xml:lang="en" xlink:role="http://www.xbrl.org/2003/role/verboseLabel" id="label_WarehousingAndDistributionExpensesSGA_2">Warehousing and distribution expenses-SGA</link:label>
    <link:labelArc xlink:type="arc" xlink:arcrole="http://www.xbrl.org/2003/arcrole/concept-label" xlink:from="WarehousingAndDistributionExpensesSGA" xlink:to="label_WarehousingAndDistributionExpensesSGA_2" />
    <link:label xlink:type="resource" xlink:label="label_RentIncomeOnAssetsNOI" xml:lang="en" xlink:role="http://www.xbrl.org/2003/role/label" id="label_RentIncomeOnAssetsNOI">Rent income on assets</link:label>
    <link:labelArc xlink:type="arc" xlink:arcrole="http://www.xbrl.org/2003/arcrole/concept-label" xlink:from="RentIncomeOnAssetsNOI" xlink:to="label_RentIncomeOnAssetsNOI" />
    <link:label xlink:type="resource" xlink:label="label_RentIncomeOnAssetsNOI_2" xml:lang="en" xlink:role="http://www.xbrl.org/2003/role/verboseLabel" id="label_RentIncomeOnAssetsNOI_2">Rent income on assets-NOI</link:label>
    <link:labelArc xlink:type="arc" xlink:arcrole="http://www.xbrl.org/2003/arcrole/concept-label" xlink:from="RentIncomeOnAssetsNOI" xlink:to="label_RentIncomeOnAssetsNOI_2" />
    <link:label xlink:type="resource" xlink:label="label_NotesRegardingSubsidyIncomeTextBlock" xml:lang="en" xlink:role="http://www.xbrl.org/2003/role/label" id="label_NotesRegardingSubsidyIncomeTextBlock">Notes regarding subsidy income</link:label>
    <link:labelArc xlink:type="arc" xlink:arcrole="http://www.xbrl.org/2003/arcrole/concept-label" xlink:from="NotesRegardingSubsidyIncomeTextBlock" xlink:to="label_NotesRegardingSubsidyIncomeTextBlock" />
    <link:label xlink:type="resource" xlink:label="label_NotesRegardingSubsidyIncomeTextBlock_2" xml:lang="en" xlink:role="http://www.xbrl.org/2003/role/verboseLabel" id="label_NotesRegardingSubsidyIncomeTextBlock_2">Notes regarding subsidy income [text block]</link:label>
    <link:labelArc xlink:type="arc" xlink:arcrole="http://www.xbrl.org/2003/arcrole/concept-label" xlink:from="NotesRegardingSubsidyIncomeTextBlock" xlink:to="label_NotesRegardingSubsidyIncomeTextBlock_2" />
    <link:label xlink:type="resource" xlink:label="label_NotesRegardingLossOnDisposalOfNonCurrentAssetsTextBlock" xml:lang="en" xlink:role="http://www.xbrl.org/2003/role/label" id="label_NotesRegardingLossOnDisposalOfNonCurrentAssetsTextBlock">Notes regarding loss on disposal of non-current assets</link:label>
    <link:labelArc xlink:type="arc" xlink:arcrole="http://www.xbrl.org/2003/arcrole/concept-label" xlink:from="NotesRegardingLossOnDisposalOfNonCurrentAssetsTextBlock" xlink:to="label_NotesRegardingLossOnDisposalOfNonCurrentAssetsTextBlock" />
    <link:label xlink:type="resource" xlink:label="label_NotesRegardingLossOnDisposalOfNonCurrentAssetsTextBlock_2" xml:lang="en" xlink:role="http://www.xbrl.org/2003/role/verboseLabel" id="label_NotesRegardingLossOnDisposalOfNonCurrentAssetsTextBlock_2">Notes regarding loss on disposal of non-current assets [text block]</link:label>
    <link:labelArc xlink:type="arc" xlink:arcrole="http://www.xbrl.org/2003/arcrole/concept-label" xlink:from="NotesRegardingLossOnDisposalOfNonCurrentAssetsTextBlock" xlink:to="label_NotesRegardingLossOnDisposalOfNonCurrentAssetsTextBlock_2" />
    <link:label xlink:type="resource" xlink:label="label_NotesRegardingLossOnValuationOfSharesOfSubsidiariesAndAssociatesTextBlock" xml:lang="en" xlink:role="http://www.xbrl.org/2003/role/label" id="label_NotesRegardingLossOnValuationOfSharesOfSubsidiariesAndAssociatesTextBlock">Notes regarding loss on valuation of shares of subsidiaries and associates</link:label>
    <link:labelArc xlink:type="arc" xlink:arcrole="http://www.xbrl.org/2003/arcrole/concept-label" xlink:from="NotesRegardingLossOnValuationOfSharesOfSubsidiariesAndAssociatesTextBlock" xlink:to="label_NotesRegardingLossOnValuationOfSharesOfSubsidiariesAndAssociatesTextBlock" />
    <link:label xlink:type="resource" xlink:label="label_NotesRegardingLossOnValuationOfSharesOfSubsidiariesAndAssociatesTextBlock_2" xml:lang="en" xlink:role="http://www.xbrl.org/2003/role/verboseLabel" id="label_NotesRegardingLossOnValuationOfSharesOfSubsidiariesAndAssociatesTextBlock_2">Notes regarding loss on valuation of shares of subsidiaries and associates [text block]</link:label>
    <link:labelArc xlink:type="arc" xlink:arcrole="http://www.xbrl.org/2003/arcrole/concept-label" xlink:from="NotesRegardingLossOnValuationOfSharesOfSubsidiariesAndAssociatesTextBlock" xlink:to="label_NotesRegardingLossOnValuationOfSharesOfSubsidiariesAndAssociatesTextBlock_2" />
    <link:label xlink:type="resource" xlink:label="label_ProvisionOfAllowanceForDoubtfulAccountsTextBlock_2" xml:lang="en" xlink:role="http://www.xbrl.org/2003/role/label" id="label_ProvisionOfAllowanceForDoubtfulAccountsTextBlock_2">Provision of allowance for doubtful accounts</link:label>
    <link:labelArc xlink:type="arc" xlink:arcrole="http://www.xbrl.org/2003/arcrole/concept-label" xlink:from="ProvisionOfAllowanceForDoubtfulAccountsTextBlock" xlink:to="label_ProvisionOfAllowanceForDoubtfulAccountsTextBlock_2" />
    <link:label xlink:type="resource" xlink:label="label_ProvisionOfAllowanceForDoubtfulAccountsTextBlock" xml:lang="en" xlink:role="http://www.xbrl.org/2003/role/verboseLabel" id="label_ProvisionOfAllowanceForDoubtfulAccountsTextBlock">Provision of allowance for doubtful accounts [text block]</link:label>
    <link:labelArc xlink:type="arc" xlink:arcrole="http://www.xbrl.org/2003/arcrole/concept-label" xlink:from="ProvisionOfAllowanceForDoubtfulAccountsTextBlock" xlink:to="label_ProvisionOfAllowanceForDoubtfulAccountsTextBlock" />
    <link:label xlink:type="resource" xlink:label="label_DomesticRiceCrackersReportableSegmentsMember" xml:lang="en" xlink:role="http://www.xbrl.org/2003/role/label" id="label_DomesticRiceCrackersReportableSegmentsMember">Domestic rice crackers</link:label>
    <link:labelArc xlink:type="arc" xlink:arcrole="http://www.xbrl.org/2003/arcrole/concept-label" xlink:from="DomesticRiceCrackersReportableSegmentsMember" xlink:to="label_DomesticRiceCrackersReportableSegmentsMember" />
    <link:label xlink:type="resource" xlink:label="label_DomesticRiceCrackersReportableSegmentsMember_2" xml:lang="en" xlink:role="http://www.xbrl.org/2003/role/verboseLabel" id="label_DomesticRiceCrackersReportableSegmentsMember_2">Domestic rice crackers, Reportable segments [member]</link:label>
    <link:labelArc xlink:type="arc" xlink:arcrole="http://www.xbrl.org/2003/arcrole/concept-label" xlink:from="DomesticRiceCrackersReportableSegmentsMember" xlink:to="label_DomesticRiceCrackersReportableSegmentsMember_2" />
    <link:label xlink:type="resource" xlink:label="label_OverseasReportableSegmentsMember" xml:lang="en" xlink:role="http://www.xbrl.org/2003/role/label" id="label_OverseasReportableSegmentsMember">Overseas</link:label>
    <link:labelArc xlink:type="arc" xlink:arcrole="http://www.xbrl.org/2003/arcrole/concept-label" xlink:from="OverseasReportableSegmentsMember" xlink:to="label_OverseasReportableSegmentsMember" />
    <link:label xlink:type="resource" xlink:label="label_OverseasReportableSegmentsMember_2" xml:lang="en" xlink:role="http://www.xbrl.org/2003/role/verboseLabel" id="label_OverseasReportableSegmentsMember_2">Overseas, Reportable segments [member]</link:label>
    <link:labelArc xlink:type="arc" xlink:arcrole="http://www.xbrl.org/2003/arcrole/concept-label" xlink:from="OverseasReportableSegmentsMember" xlink:to="label_OverseasReportableSegmentsMember_2" />
    <link:label xlink:type="resource" xlink:label="label_FoodReportableSegmentsMember" xml:lang="en" xlink:role="http://www.xbrl.org/2003/role/label" id="label_FoodReportableSegmentsMember">Food</link:label>
    <link:labelArc xlink:type="arc" xlink:arcrole="http://www.xbrl.org/2003/arcrole/concept-label" xlink:from="FoodReportableSegmentsMember" xlink:to="label_FoodReportableSegmentsMember" />
    <link:label xlink:type="resource" xlink:label="label_FoodReportableSegmentsMember_2" xml:lang="en" xlink:role="http://www.xbrl.org/2003/role/verboseLabel" id="label_FoodReportableSegmentsMember_2">Food, Reportable segments [member]</link:label>
    <link:labelArc xlink:type="arc" xlink:arcrole="http://www.xbrl.org/2003/arcrole/concept-label" xlink:from="FoodReportableSegmentsMember" xlink:to="label_FoodReportableSegmentsMember_2" />
    <link:label xlink:type="resource" xlink:label="label_JunejaLekhRajMember" xml:lang="en" xlink:role="http://www.xbrl.org/2003/role/label" id="label_JunejaLekhRajMember">Juneja Lekh Raj</link:label>
    <link:labelArc xlink:type="arc" xlink:arcrole="http://www.xbrl.org/2003/arcrole/concept-label" xlink:from="JunejaLekhRajMember" xlink:to="label_JunejaLekhRajMember" />
    <link:label xlink:type="resource" xlink:label="label_JunejaLekhRajMember_2" xml:lang="en" xlink:role="http://www.xbrl.org/2003/role/verboseLabel" id="label_JunejaLekhRajMember_2">Juneja Lekh Raj [member]</link:label>
    <link:labelArc xlink:type="arc" xlink:arcrole="http://www.xbrl.org/2003/arcrole/concept-label" xlink:from="JunejaLekhRajMember" xlink:to="label_JunejaLekhRajMember_2" />
    <link:label xlink:type="resource" xlink:label="label_MasanoriTakagiMember" xml:lang="en" xlink:role="http://www.xbrl.org/2003/role/label" id="label_MasanoriTakagiMember">masanori, takagi</link:label>
    <link:labelArc xlink:type="arc" xlink:arcrole="http://www.xbrl.org/2003/arcrole/concept-label" xlink:from="MasanoriTakagiMember" xlink:to="label_MasanoriTakagiMember" />
    <link:label xlink:type="resource" xlink:label="label_MasanoriTakagiMember_2" xml:lang="en" xlink:role="http://www.xbrl.org/2003/role/verboseLabel" id="label_MasanoriTakagiMember_2">masanori, takagi [member]</link:label>
    <link:labelArc xlink:type="arc" xlink:arcrole="http://www.xbrl.org/2003/arcrole/concept-label" xlink:from="MasanoriTakagiMember" xlink:to="label_MasanoriTakagiMember_2" />
    <link:label xlink:type="resource" xlink:label="label_AkiraKobayashiMember" xml:lang="en" xlink:role="http://www.xbrl.org/2003/role/verboseLabel" id="label_AkiraKobayashiMember">Akira, Kobayashi [member]</link:label>
    <link:labelArc xlink:type="arc" xlink:arcrole="http://www.xbrl.org/2003/arcrole/concept-label" xlink:from="AkiraKobayashiMember" xlink:to="label_AkiraKobayashiMember" />
    <link:label xlink:type="resource" xlink:label="label_AkiraKobayashiMember_2" xml:lang="en" xlink:role="http://www.xbrl.org/2003/role/label" id="label_AkiraKobayashiMember_2">Akira, Kobayashi</link:label>
    <link:labelArc xlink:type="arc" xlink:arcrole="http://www.xbrl.org/2003/arcrole/concept-label" xlink:from="AkiraKobayashiMember" xlink:to="label_AkiraKobayashiMember_2" />
    <link:label xlink:type="resource" xlink:label="label_NaokoKoizumiMember" xml:lang="en" xlink:role="http://www.xbrl.org/2003/role/verboseLabel" id="label_NaokoKoizumiMember">Naoko, Koizumi [member]</link:label>
    <link:labelArc xlink:type="arc" xlink:arcrole="http://www.xbrl.org/2003/arcrole/concept-label" xlink:from="NaokoKoizumiMember" xlink:to="label_NaokoKoizumiMember" />
    <link:label xlink:type="resource" xlink:label="label_NaokoKoizumiMember_2" xml:lang="en" xlink:role="http://www.xbrl.org/2003/role/label" id="label_NaokoKoizumiMember_2">Naoko, Koizumi</link:label>
    <link:labelArc xlink:type="arc" xlink:arcrole="http://www.xbrl.org/2003/arcrole/concept-label" xlink:from="NaokoKoizumiMember" xlink:to="label_NaokoKoizumiMember_2" />
    <link:label xlink:type="resource" xlink:label="label_MinesaburoMiyakeMember" xml:lang="en" xlink:role="http://www.xbrl.org/2003/role/verboseLabel" id="label_MinesaburoMiyakeMember">Minesaburo, Miyake [member]</link:label>
    <link:labelArc xlink:type="arc" xlink:arcrole="http://www.xbrl.org/2003/arcrole/concept-label" xlink:from="MinesaburoMiyakeMember" xlink:to="label_MinesaburoMiyakeMember" />
    <link:label xlink:type="resource" xlink:label="label_MinesaburoMiyakeMember_2" xml:lang="en" xlink:role="http://www.xbrl.org/2003/role/label" id="label_MinesaburoMiyakeMember_2">Minesaburo, Miyake</link:label>
    <link:labelArc xlink:type="arc" xlink:arcrole="http://www.xbrl.org/2003/arcrole/concept-label" xlink:from="MinesaburoMiyakeMember" xlink:to="label_MinesaburoMiyakeMember_2" />
    <link:label xlink:type="resource" xlink:label="label_YosioItouMember" xml:lang="en" xlink:role="http://www.xbrl.org/2003/role/label" id="label_YosioItouMember">Yosio, Itou</link:label>
    <link:labelArc xlink:type="arc" xlink:arcrole="http://www.xbrl.org/2003/arcrole/concept-label" xlink:from="YosioItouMember" xlink:to="label_YosioItouMember" />
    <link:label xlink:type="resource" xlink:label="label_YosioItouMember_2" xml:lang="en" xlink:role="http://www.xbrl.org/2003/role/verboseLabel" id="label_YosioItouMember_2">Yosio, Itou [member]</link:label>
    <link:labelArc xlink:type="arc" xlink:arcrole="http://www.xbrl.org/2003/arcrole/concept-label" xlink:from="YosioItouMember" xlink:to="label_YosioItouMember_2" />
    <link:label xlink:type="resource" xlink:label="label_TakayukiKanaiMember" xml:lang="en" xlink:role="http://www.xbrl.org/2003/role/label" id="label_TakayukiKanaiMember">Takayuki, Kanai</link:label>
    <link:labelArc xlink:type="arc" xlink:arcrole="http://www.xbrl.org/2003/arcrole/concept-label" xlink:from="TakayukiKanaiMember" xlink:to="label_TakayukiKanaiMember" />
    <link:label xlink:type="resource" xlink:label="label_TakayukiKanaiMember_2" xml:lang="en" xlink:role="http://www.xbrl.org/2003/role/verboseLabel" id="label_TakayukiKanaiMember_2">Takayuki, Kanai [member]</link:label>
    <link:labelArc xlink:type="arc" xlink:arcrole="http://www.xbrl.org/2003/arcrole/concept-label" xlink:from="TakayukiKanaiMember" xlink:to="label_TakayukiKanaiMember_2" />
    <link:label xlink:type="resource" xlink:label="label_ToshimasaIueMember" xml:lang="en" xlink:role="http://www.xbrl.org/2003/role/label" id="label_ToshimasaIueMember">Toshimasa, Iue</link:label>
    <link:labelArc xlink:type="arc" xlink:arcrole="http://www.xbrl.org/2003/arcrole/concept-label" xlink:from="ToshimasaIueMember" xlink:to="label_ToshimasaIueMember" />
    <link:label xlink:type="resource" xlink:label="label_ToshimasaIueMember_2" xml:lang="en" xlink:role="http://www.xbrl.org/2003/role/verboseLabel" id="label_ToshimasaIueMember_2">Toshimasa, Iue [member]</link:label>
    <link:labelArc xlink:type="arc" xlink:arcrole="http://www.xbrl.org/2003/arcrole/concept-label" xlink:from="ToshimasaIueMember" xlink:to="label_ToshimasaIueMember_2" />
    <link:label xlink:type="resource" xlink:label="label_KatsuoShoyamaMember" xml:lang="en" xlink:role="http://www.xbrl.org/2003/role/label" id="label_KatsuoShoyamaMember">katsuo, shoyama</link:label>
    <link:labelArc xlink:type="arc" xlink:arcrole="http://www.xbrl.org/2003/arcrole/concept-label" xlink:from="KatsuoShoyamaMember" xlink:to="label_KatsuoShoyamaMember" />
    <link:label xlink:type="resource" xlink:label="label_KatsuoShoyamaMember_2" xml:lang="en" xlink:role="http://www.xbrl.org/2003/role/verboseLabel" id="label_KatsuoShoyamaMember_2">katsuo, shoyama [member]</link:label>
    <link:labelArc xlink:type="arc" xlink:arcrole="http://www.xbrl.org/2003/arcrole/concept-label" xlink:from="KatsuoShoyamaMember" xlink:to="label_KatsuoShoyamaMember_2" />
    <link:label xlink:type="resource" xlink:label="label_JunSasakiMember" xml:lang="en" xlink:role="http://www.xbrl.org/2003/role/verboseLabel" id="label_JunSasakiMember">Jun, Sasaki [member]</link:label>
    <link:labelArc xlink:type="arc" xlink:arcrole="http://www.xbrl.org/2003/arcrole/concept-label" xlink:from="JunSasakiMember" xlink:to="label_JunSasakiMember" />
    <link:label xlink:type="resource" xlink:label="label_JunSasakiMember_2" xml:lang="en" xlink:role="http://www.xbrl.org/2003/role/label" id="label_JunSasakiMember_2">Jun, Sasaki</link:label>
    <link:labelArc xlink:type="arc" xlink:arcrole="http://www.xbrl.org/2003/arcrole/concept-label" xlink:from="JunSasakiMember" xlink:to="label_JunSasakiMember_2" />
    <link:label xlink:type="resource" xlink:label="label_MariTanabeMember" xml:lang="en" xlink:role="http://www.xbrl.org/2003/role/verboseLabel" id="label_MariTanabeMember">Mari, Tanabe [member]</link:label>
    <link:labelArc xlink:type="arc" xlink:arcrole="http://www.xbrl.org/2003/arcrole/concept-label" xlink:from="MariTanabeMember" xlink:to="label_MariTanabeMember" />
    <link:label xlink:type="resource" xlink:label="label_MariTanabeMember_2" xml:lang="en" xlink:role="http://www.xbrl.org/2003/role/label" id="label_MariTanabeMember_2">Mari, Tanabe</link:label>
    <link:labelArc xlink:type="arc" xlink:arcrole="http://www.xbrl.org/2003/arcrole/concept-label" xlink:from="MariTanabeMember" xlink:to="label_MariTanabeMember_2" />
    <link:label xlink:type="resource" xlink:label="label_KazuyoshiAokiMember_2" xml:lang="en" xlink:role="http://www.xbrl.org/2003/role/label" id="label_KazuyoshiAokiMember_2">kazuyoshi, aoki</link:label>
    <link:labelArc xlink:type="arc" xlink:arcrole="http://www.xbrl.org/2003/arcrole/concept-label" xlink:from="KazuyoshiAokiMember" xlink:to="label_KazuyoshiAokiMember_2" />
    <link:label xlink:type="resource" xlink:label="label_KazuyoshiAokiMember" xml:lang="en" xlink:role="http://www.xbrl.org/2003/role/verboseLabel" id="label_KazuyoshiAokiMember">kazuyoshi, aoki [member]</link:label>
    <link:labelArc xlink:type="arc" xlink:arcrole="http://www.xbrl.org/2003/arcrole/concept-label" xlink:from="KazuyoshiAokiMember" xlink:to="label_KazuyoshiAokiMember" />
    <link:label xlink:type="resource" xlink:label="label_AkihiroItoMember_2" xml:lang="en" xlink:role="http://www.xbrl.org/2003/role/label" id="label_AkihiroItoMember_2">akihiro, ito</link:label>
    <link:labelArc xlink:type="arc" xlink:arcrole="http://www.xbrl.org/2003/arcrole/concept-label" xlink:from="AkihiroItoMember" xlink:to="label_AkihiroItoMember_2" />
    <link:label xlink:type="resource" xlink:label="label_AkihiroItoMember" xml:lang="en" xlink:role="http://www.xbrl.org/2003/role/verboseLabel" id="label_AkihiroItoMember">akihiro, ito [member]</link:label>
    <link:labelArc xlink:type="arc" xlink:arcrole="http://www.xbrl.org/2003/arcrole/concept-label" xlink:from="AkihiroItoMember" xlink:to="label_AkihiroItoMember" />
  </link:labelLink>
</link:linkbase>