<?xml version="1.0" encoding="utf-8"?>
<!-- Generated by PRONEXUS WORKS -->
<link:linkbase xmlns:link="http://www.xbrl.org/2003/linkbase" xmlns:xsi="http://www.w3.org/2001/XMLSchema-instance" xmlns:xbrli="http://www.xbrl.org/2003/instance" xmlns:xlink="http://www.w3.org/1999/xlink">
  <link:roleRef xlink:type="simple" roleURI="http://disclosure.edinet-fsa.go.jp/jppfs/cte/role/label" xlink:href="http://disclosure.edinet-fsa.go.jp/taxonomy/jppfs/2023-12-01/jppfs_rt_2023-12-01.xsd#rol_CTELabel" />
  <link:labelLink xlink:type="extended" xlink:role="http://www.xbrl.org/2003/role/link">
    <link:loc xlink:type="locator" xlink:href="jpcrp030000-asr-001_E00385-000_2024-03-31_01_2024-06-18.xsd#jpcrp030000-asr_E00385-000_CustomerRelatedAssets" xlink:label="CustomerRelatedAssets" />
    <link:loc xlink:type="locator" xlink:href="jpcrp030000-asr-001_E00385-000_2024-03-31_01_2024-06-18.xsd#jpcrp030000-asr_E00385-000_TrademarkAssets" xlink:label="TrademarkAssets" />
    <link:loc xlink:type="locator" xlink:href="jpcrp030000-asr-001_E00385-000_2024-03-31_01_2024-06-18.xsd#jpcrp030000-asr_E00385-000_TechnicalAssets" xlink:label="TechnicalAssets" />
    <link:loc xlink:type="locator" xlink:href="jpcrp030000-asr-001_E00385-000_2024-03-31_01_2024-06-18.xsd#jpcrp030000-asr_E00385-000_ProceedsFromSalesOfIntangibleAssetsAndInvestmentsInvCF" xlink:label="ProceedsFromSalesOfIntangibleAssetsAndInvestmentsInvCF" />
    <link:loc xlink:type="locator" xlink:href="jpcrp030000-asr-001_E00385-000_2024-03-31_01_2024-06-18.xsd#jpcrp030000-asr_E00385-000_PurchaseOfIntangibleAssetsAndInvestmentsInvCF" xlink:label="PurchaseOfIntangibleAssetsAndInvestmentsInvCF" />
    <link:loc xlink:type="locator" xlink:href="jpcrp030000-asr-001_E00385-000_2024-03-31_01_2024-06-18.xsd#jpcrp030000-asr_E00385-000_StrategyClimateChangeTextBlock" xlink:label="StrategyClimateChangeTextBlock" />
    <link:loc xlink:type="locator" xlink:href="jpcrp030000-asr-001_E00385-000_2024-03-31_01_2024-06-18.xsd#jpcrp030000-asr_E00385-000_MetricsAndTargetsClimateChangeTextBlock" xlink:label="MetricsAndTargetsClimateChangeTextBlock" />
    <link:loc xlink:type="locator" xlink:href="jpcrp030000-asr-001_E00385-000_2024-03-31_01_2024-06-18.xsd#jpcrp030000-asr_E00385-000_WarehousingAndDistributionExpensesSGA" xlink:label="WarehousingAndDistributionExpensesSGA" />
    <link:loc xlink:type="locator" xlink:href="jpcrp030000-asr-001_E00385-000_2024-03-31_01_2024-06-18.xsd#jpcrp030000-asr_E00385-000_RentIncomeOnAssetsNOI" xlink:label="RentIncomeOnAssetsNOI" />
    <link:loc xlink:type="locator" xlink:href="jpcrp030000-asr-001_E00385-000_2024-03-31_01_2024-06-18.xsd#jpcrp030000-asr_E00385-000_JunejaLekhRajMember" xlink:label="JunejaLekhRajMember" />
    <link:loc xlink:type="locator" xlink:href="jpcrp030000-asr-001_E00385-000_2024-03-31_01_2024-06-18.xsd#jpcrp030000-asr_E00385-000_MasanoriTakagiMember" xlink:label="MasanoriTakagiMember" />
    <link:loc xlink:type="locator" xlink:href="jpcrp030000-asr-001_E00385-000_2024-03-31_01_2024-06-18.xsd#jpcrp030000-asr_E00385-000_AkiraKobayashiMember" xlink:label="AkiraKobayashiMember" />
    <link:loc xlink:type="locator" xlink:href="jpcrp030000-asr-001_E00385-000_2024-03-31_01_2024-06-18.xsd#jpcrp030000-asr_E00385-000_NaokoKoizumiMember" xlink:label="NaokoKoizumiMember" />
    <link:loc xlink:type="locator" xlink:href="jpcrp030000-asr-001_E00385-000_2024-03-31_01_2024-06-18.xsd#jpcrp030000-asr_E00385-000_MinesaburoMiyakeMember" xlink:label="MinesaburoMiyakeMember" />
    <link:loc xlink:type="locator" xlink:href="jpcrp030000-asr-001_E00385-000_2024-03-31_01_2024-06-18.xsd#jpcrp030000-asr_E00385-000_YosioItouMember" xlink:label="YosioItouMember" />
    <link:loc xlink:type="locator" xlink:href="jpcrp030000-asr-001_E00385-000_2024-03-31_01_2024-06-18.xsd#jpcrp030000-asr_E00385-000_TakayukiKanaiMember" xlink:label="TakayukiKanaiMember" />
    <link:loc xlink:type="locator" xlink:href="jpcrp030000-asr-001_E00385-000_2024-03-31_01_2024-06-18.xsd#jpcrp030000-asr_E00385-000_ToshimasaIueMember" xlink:label="ToshimasaIueMember" />
    <link:loc xlink:type="locator" xlink:href="jpcrp030000-asr-001_E00385-000_2024-03-31_01_2024-06-18.xsd#jpcrp030000-asr_E00385-000_KatsuoShoyamaMember" xlink:label="KatsuoShoyamaMember" />
    <link:loc xlink:type="locator" xlink:href="jpcrp030000-asr-001_E00385-000_2024-03-31_01_2024-06-18.xsd#jpcrp030000-asr_E00385-000_JunSasakiMember" xlink:label="JunSasakiMember" />
    <link:loc xlink:type="locator" xlink:href="jpcrp030000-asr-001_E00385-000_2024-03-31_01_2024-06-18.xsd#jpcrp030000-asr_E00385-000_KazuyoshiAokiMember" xlink:label="KazuyoshiAokiMember" />
    <link:loc xlink:type="locator" xlink:href="jpcrp030000-asr-001_E00385-000_2024-03-31_01_2024-06-18.xsd#jpcrp030000-asr_E00385-000_AkihiroItoMember" xlink:label="AkihiroItoMember" />
    <link:loc xlink:type="locator" xlink:href="jpcrp030000-asr-001_E00385-000_2024-03-31_01_2024-06-18.xsd#jpcrp030000-asr_E00385-000_DomesticRiceCrackersReportableSegmentsMember" xlink:label="DomesticRiceCrackersReportableSegmentsMember" />
    <link:loc xlink:type="locator" xlink:href="jpcrp030000-asr-001_E00385-000_2024-03-31_01_2024-06-18.xsd#jpcrp030000-asr_E00385-000_OverseasReportableSegmentsMember" xlink:label="OverseasReportableSegmentsMember" />
    <link:loc xlink:type="locator" xlink:href="jpcrp030000-asr-001_E00385-000_2024-03-31_01_2024-06-18.xsd#jpcrp030000-asr_E00385-000_FoodReportableSegmentsMember" xlink:label="FoodReportableSegmentsMember" />
    <link:loc xlink:type="locator" xlink:href="jpcrp030000-asr-001_E00385-000_2024-03-31_01_2024-06-18.xsd#jpcrp030000-asr_E00385-000_NotesRegardingLossOnValuationOfSharesOfSubsidiariesAndAssociatesTextBlock" xlink:label="NotesRegardingLossOnValuationOfSharesOfSubsidiariesAndAssociatesTextBlock" />
    <link:loc xlink:type="locator" xlink:href="jpcrp030000-asr-001_E00385-000_2024-03-31_01_2024-06-18.xsd#jpcrp030000-asr_E00385-000_ProvisionOfAllowanceForDoubtfulAccountsTextBlock" xlink:label="ProvisionOfAllowanceForDoubtfulAccountsTextBlock" />
    <link:loc xlink:type="locator" xlink:href="jpcrp030000-asr-001_E00385-000_2024-03-31_01_2024-06-18.xsd#jpcrp030000-asr_E00385-000_NotesRegardingLossOnDisposalOfNonCurrentAssetsTextBlock" xlink:label="NotesRegardingLossOnDisposalOfNonCurrentAssetsTextBlock" />
    <link:loc xlink:type="locator" xlink:href="jpcrp030000-asr-001_E00385-000_2024-03-31_01_2024-06-18.xsd#jpcrp030000-asr_E00385-000_NotesRegardingSubsidyIncomeTextBlock" xlink:label="NotesRegardingSubsidyIncomeTextBlock" />
    <link:loc xlink:type="locator" xlink:href="jpcrp030000-asr-001_E00385-000_2024-03-31_01_2024-06-18.xsd#jpcrp030000-asr_E00385-000_MariTanabeMember" xlink:label="MariTanabeMember" />
    <link:loc xlink:type="locator" xlink:href="http://disclosure.edinet-fsa.go.jp/taxonomy/jppfs/2023-12-01/jppfs_cor_2023-12-01.xsd#jppfs_cor_ProfitLoss" xlink:label="ProfitLoss" />
    <link:label xlink:type="resource" xlink:label="label_ProfitLoss" xml:lang="ja" xlink:role="http://disclosure.edinet-fsa.go.jp/jppfs/cte/role/label" id="label_ProfitLoss">当期純利益又は当期純損失（△）</link:label>
    <link:labelArc xlink:type="arc" xlink:arcrole="http://www.xbrl.org/2003/arcrole/concept-label" xlink:from="ProfitLoss" xlink:to="label_ProfitLoss" />
    <link:label xlink:type="resource" xlink:label="label_StrategyClimateChangeTextBlock_2" xml:lang="ja" xlink:role="http://www.xbrl.org/2003/role/label" id="label_StrategyClimateChangeTextBlock_2">戦略、気候変動</link:label>
    <link:labelArc xlink:type="arc" xlink:arcrole="http://www.xbrl.org/2003/arcrole/concept-label" xlink:from="StrategyClimateChangeTextBlock" xlink:to="label_StrategyClimateChangeTextBlock_2" />
    <link:label xlink:type="resource" xlink:label="label_StrategyClimateChangeTextBlock" xml:lang="ja" xlink:role="http://www.xbrl.org/2003/role/verboseLabel" id="label_StrategyClimateChangeTextBlock">戦略、気候変動 [テキストブロック]</link:label>
    <link:labelArc xlink:type="arc" xlink:arcrole="http://www.xbrl.org/2003/arcrole/concept-label" xlink:from="StrategyClimateChangeTextBlock" xlink:to="label_StrategyClimateChangeTextBlock" />
    <link:label xlink:type="resource" xlink:label="label_MetricsAndTargetsClimateChangeTextBlock_2" xml:lang="ja" xlink:role="http://www.xbrl.org/2003/role/label" id="label_MetricsAndTargetsClimateChangeTextBlock_2">指標及び目標、気候変動</link:label>
    <link:labelArc xlink:type="arc" xlink:arcrole="http://www.xbrl.org/2003/arcrole/concept-label" xlink:from="MetricsAndTargetsClimateChangeTextBlock" xlink:to="label_MetricsAndTargetsClimateChangeTextBlock_2" />
    <link:label xlink:type="resource" xlink:label="label_MetricsAndTargetsClimateChangeTextBlock" xml:lang="ja" xlink:role="http://www.xbrl.org/2003/role/verboseLabel" id="label_MetricsAndTargetsClimateChangeTextBlock">指標及び目標、気候変動 [テキストブロック]</link:label>
    <link:labelArc xlink:type="arc" xlink:arcrole="http://www.xbrl.org/2003/arcrole/concept-label" xlink:from="MetricsAndTargetsClimateChangeTextBlock" xlink:to="label_MetricsAndTargetsClimateChangeTextBlock" />
    <link:label xlink:type="resource" xlink:label="label_PurchaseOfIntangibleAssetsAndInvestmentsInvCF" xml:lang="ja" xlink:role="http://www.xbrl.org/2003/role/label" id="label_PurchaseOfIntangibleAssetsAndInvestmentsInvCF">無形固定資産・投資等の取得による支出</link:label>
    <link:labelArc xlink:type="arc" xlink:arcrole="http://www.xbrl.org/2003/arcrole/concept-label" xlink:from="PurchaseOfIntangibleAssetsAndInvestmentsInvCF" xlink:to="label_PurchaseOfIntangibleAssetsAndInvestmentsInvCF" />
    <link:label xlink:type="resource" xlink:label="label_PurchaseOfIntangibleAssetsAndInvestmentsInvCF_2" xml:lang="ja" xlink:role="http://www.xbrl.org/2003/role/verboseLabel" id="label_PurchaseOfIntangibleAssetsAndInvestmentsInvCF_2">無形固定資産・投資等の取得による支出、投資活動によるキャッシュ・フロー</link:label>
    <link:labelArc xlink:type="arc" xlink:arcrole="http://www.xbrl.org/2003/arcrole/concept-label" xlink:from="PurchaseOfIntangibleAssetsAndInvestmentsInvCF" xlink:to="label_PurchaseOfIntangibleAssetsAndInvestmentsInvCF_2" />
    <link:label xlink:type="resource" xlink:label="label_ProceedsFromSalesOfIntangibleAssetsAndInvestmentsInvCF" xml:lang="ja" xlink:role="http://www.xbrl.org/2003/role/label" id="label_ProceedsFromSalesOfIntangibleAssetsAndInvestmentsInvCF">無形固定資産・投資等の売却による収入</link:label>
    <link:labelArc xlink:type="arc" xlink:arcrole="http://www.xbrl.org/2003/arcrole/concept-label" xlink:from="ProceedsFromSalesOfIntangibleAssetsAndInvestmentsInvCF" xlink:to="label_ProceedsFromSalesOfIntangibleAssetsAndInvestmentsInvCF" />
    <link:label xlink:type="resource" xlink:label="label_ProceedsFromSalesOfIntangibleAssetsAndInvestmentsInvCF_2" xml:lang="ja" xlink:role="http://www.xbrl.org/2003/role/verboseLabel" id="label_ProceedsFromSalesOfIntangibleAssetsAndInvestmentsInvCF_2">無形固定資産・投資等の売却による収入、投資活動によるキャッシュ・フロー</link:label>
    <link:labelArc xlink:type="arc" xlink:arcrole="http://www.xbrl.org/2003/arcrole/concept-label" xlink:from="ProceedsFromSalesOfIntangibleAssetsAndInvestmentsInvCF" xlink:to="label_ProceedsFromSalesOfIntangibleAssetsAndInvestmentsInvCF_2" />
    <link:label xlink:type="resource" xlink:label="label_CustomerRelatedAssets" xml:lang="ja" xlink:role="http://www.xbrl.org/2003/role/label" id="label_CustomerRelatedAssets">顧客関係資産</link:label>
    <link:labelArc xlink:type="arc" xlink:arcrole="http://www.xbrl.org/2003/arcrole/concept-label" xlink:from="CustomerRelatedAssets" xlink:to="label_CustomerRelatedAssets" />
    <link:label xlink:type="resource" xlink:label="label_CustomerRelatedAssets_2" xml:lang="ja" xlink:role="http://www.xbrl.org/2003/role/verboseLabel" id="label_CustomerRelatedAssets_2">顧客関係資産</link:label>
    <link:labelArc xlink:type="arc" xlink:arcrole="http://www.xbrl.org/2003/arcrole/concept-label" xlink:from="CustomerRelatedAssets" xlink:to="label_CustomerRelatedAssets_2" />
    <link:label xlink:type="resource" xlink:label="label_TrademarkAssets" xml:lang="ja" xlink:role="http://www.xbrl.org/2003/role/label" id="label_TrademarkAssets">商標資産</link:label>
    <link:labelArc xlink:type="arc" xlink:arcrole="http://www.xbrl.org/2003/arcrole/concept-label" xlink:from="TrademarkAssets" xlink:to="label_TrademarkAssets" />
    <link:label xlink:type="resource" xlink:label="label_TrademarkAssets_2" xml:lang="ja" xlink:role="http://www.xbrl.org/2003/role/verboseLabel" id="label_TrademarkAssets_2">商標資産</link:label>
    <link:labelArc xlink:type="arc" xlink:arcrole="http://www.xbrl.org/2003/arcrole/concept-label" xlink:from="TrademarkAssets" xlink:to="label_TrademarkAssets_2" />
    <link:label xlink:type="resource" xlink:label="label_TechnicalAssets" xml:lang="ja" xlink:role="http://www.xbrl.org/2003/role/label" id="label_TechnicalAssets">技術資産</link:label>
    <link:labelArc xlink:type="arc" xlink:arcrole="http://www.xbrl.org/2003/arcrole/concept-label" xlink:from="TechnicalAssets" xlink:to="label_TechnicalAssets" />
    <link:label xlink:type="resource" xlink:label="label_TechnicalAssets_2" xml:lang="ja" xlink:role="http://www.xbrl.org/2003/role/verboseLabel" id="label_TechnicalAssets_2">技術資産</link:label>
    <link:labelArc xlink:type="arc" xlink:arcrole="http://www.xbrl.org/2003/arcrole/concept-label" xlink:from="TechnicalAssets" xlink:to="label_TechnicalAssets_2" />
    <link:label xlink:type="resource" xlink:label="label_WarehousingAndDistributionExpensesSGA" xml:lang="ja" xlink:role="http://www.xbrl.org/2003/role/label" id="label_WarehousingAndDistributionExpensesSGA">保管配送費</link:label>
    <link:labelArc xlink:type="arc" xlink:arcrole="http://www.xbrl.org/2003/arcrole/concept-label" xlink:from="WarehousingAndDistributionExpensesSGA" xlink:to="label_WarehousingAndDistributionExpensesSGA" />
    <link:label xlink:type="resource" xlink:label="label_WarehousingAndDistributionExpensesSGA_2" xml:lang="ja" xlink:role="http://www.xbrl.org/2003/role/verboseLabel" id="label_WarehousingAndDistributionExpensesSGA_2">保管配送費、販売費及び一般管理費</link:label>
    <link:labelArc xlink:type="arc" xlink:arcrole="http://www.xbrl.org/2003/arcrole/concept-label" xlink:from="WarehousingAndDistributionExpensesSGA" xlink:to="label_WarehousingAndDistributionExpensesSGA_2" />
    <link:label xlink:type="resource" xlink:label="label_RentIncomeOnAssetsNOI" xml:lang="ja" xlink:role="http://www.xbrl.org/2003/role/label" id="label_RentIncomeOnAssetsNOI">賃貸料</link:label>
    <link:labelArc xlink:type="arc" xlink:arcrole="http://www.xbrl.org/2003/arcrole/concept-label" xlink:from="RentIncomeOnAssetsNOI" xlink:to="label_RentIncomeOnAssetsNOI" />
    <link:label xlink:type="resource" xlink:label="label_RentIncomeOnAssetsNOI_2" xml:lang="ja" xlink:role="http://www.xbrl.org/2003/role/verboseLabel" id="label_RentIncomeOnAssetsNOI_2">賃貸料、営業外収益</link:label>
    <link:labelArc xlink:type="arc" xlink:arcrole="http://www.xbrl.org/2003/arcrole/concept-label" xlink:from="RentIncomeOnAssetsNOI" xlink:to="label_RentIncomeOnAssetsNOI_2" />
    <link:label xlink:type="resource" xlink:label="label_NotesRegardingSubsidyIncomeTextBlock" xml:lang="ja" xlink:role="http://www.xbrl.org/2003/role/label" id="label_NotesRegardingSubsidyIncomeTextBlock">補助金収入の注記</link:label>
    <link:labelArc xlink:type="arc" xlink:arcrole="http://www.xbrl.org/2003/arcrole/concept-label" xlink:from="NotesRegardingSubsidyIncomeTextBlock" xlink:to="label_NotesRegardingSubsidyIncomeTextBlock" />
    <link:label xlink:type="resource" xlink:label="label_NotesRegardingSubsidyIncomeTextBlock_2" xml:lang="ja" xlink:role="http://www.xbrl.org/2003/role/verboseLabel" id="label_NotesRegardingSubsidyIncomeTextBlock_2">補助金収入の注記 [テキストブロック]</link:label>
    <link:labelArc xlink:type="arc" xlink:arcrole="http://www.xbrl.org/2003/arcrole/concept-label" xlink:from="NotesRegardingSubsidyIncomeTextBlock" xlink:to="label_NotesRegardingSubsidyIncomeTextBlock_2" />
    <link:label xlink:type="resource" xlink:label="label_NotesRegardingLossOnDisposalOfNonCurrentAssetsTextBlock" xml:lang="ja" xlink:role="http://www.xbrl.org/2003/role/label" id="label_NotesRegardingLossOnDisposalOfNonCurrentAssetsTextBlock">固定資産処分損の注記</link:label>
    <link:labelArc xlink:type="arc" xlink:arcrole="http://www.xbrl.org/2003/arcrole/concept-label" xlink:from="NotesRegardingLossOnDisposalOfNonCurrentAssetsTextBlock" xlink:to="label_NotesRegardingLossOnDisposalOfNonCurrentAssetsTextBlock" />
    <link:label xlink:type="resource" xlink:label="label_NotesRegardingLossOnDisposalOfNonCurrentAssetsTextBlock_2" xml:lang="ja" xlink:role="http://www.xbrl.org/2003/role/verboseLabel" id="label_NotesRegardingLossOnDisposalOfNonCurrentAssetsTextBlock_2">固定資産処分損の注記 [テキストブロック]</link:label>
    <link:labelArc xlink:type="arc" xlink:arcrole="http://www.xbrl.org/2003/arcrole/concept-label" xlink:from="NotesRegardingLossOnDisposalOfNonCurrentAssetsTextBlock" xlink:to="label_NotesRegardingLossOnDisposalOfNonCurrentAssetsTextBlock_2" />
    <link:label xlink:type="resource" xlink:label="label_NotesRegardingLossOnValuationOfSharesOfSubsidiariesAndAssociatesTextBlock" xml:lang="ja" xlink:role="http://www.xbrl.org/2003/role/label" id="label_NotesRegardingLossOnValuationOfSharesOfSubsidiariesAndAssociatesTextBlock">関係会社株式評価損の注記</link:label>
    <link:labelArc xlink:type="arc" xlink:arcrole="http://www.xbrl.org/2003/arcrole/concept-label" xlink:from="NotesRegardingLossOnValuationOfSharesOfSubsidiariesAndAssociatesTextBlock" xlink:to="label_NotesRegardingLossOnValuationOfSharesOfSubsidiariesAndAssociatesTextBlock" />
    <link:label xlink:type="resource" xlink:label="label_NotesRegardingLossOnValuationOfSharesOfSubsidiariesAndAssociatesTextBlock_2" xml:lang="ja" xlink:role="http://www.xbrl.org/2003/role/verboseLabel" id="label_NotesRegardingLossOnValuationOfSharesOfSubsidiariesAndAssociatesTextBlock_2">関係会社株式評価損の注記 [テキストブロック]</link:label>
    <link:labelArc xlink:type="arc" xlink:arcrole="http://www.xbrl.org/2003/arcrole/concept-label" xlink:from="NotesRegardingLossOnValuationOfSharesOfSubsidiariesAndAssociatesTextBlock" xlink:to="label_NotesRegardingLossOnValuationOfSharesOfSubsidiariesAndAssociatesTextBlock_2" />
    <link:label xlink:type="resource" xlink:label="label_ProvisionOfAllowanceForDoubtfulAccountsTextBlock_2" xml:lang="ja" xlink:role="http://www.xbrl.org/2003/role/label" id="label_ProvisionOfAllowanceForDoubtfulAccountsTextBlock_2">貸倒引当金繰入額の注記</link:label>
    <link:labelArc xlink:type="arc" xlink:arcrole="http://www.xbrl.org/2003/arcrole/concept-label" xlink:from="ProvisionOfAllowanceForDoubtfulAccountsTextBlock" xlink:to="label_ProvisionOfAllowanceForDoubtfulAccountsTextBlock_2" />
    <link:label xlink:type="resource" xlink:label="label_ProvisionOfAllowanceForDoubtfulAccountsTextBlock" xml:lang="ja" xlink:role="http://www.xbrl.org/2003/role/verboseLabel" id="label_ProvisionOfAllowanceForDoubtfulAccountsTextBlock">貸倒引当金繰入額の注記 [テキストブロック]</link:label>
    <link:labelArc xlink:type="arc" xlink:arcrole="http://www.xbrl.org/2003/arcrole/concept-label" xlink:from="ProvisionOfAllowanceForDoubtfulAccountsTextBlock" xlink:to="label_ProvisionOfAllowanceForDoubtfulAccountsTextBlock" />
    <link:label xlink:type="resource" xlink:label="label_DomesticRiceCrackersReportableSegmentsMember" xml:lang="ja" xlink:role="http://www.xbrl.org/2003/role/label" id="label_DomesticRiceCrackersReportableSegmentsMember">国内米菓</link:label>
    <link:labelArc xlink:type="arc" xlink:arcrole="http://www.xbrl.org/2003/arcrole/concept-label" xlink:from="DomesticRiceCrackersReportableSegmentsMember" xlink:to="label_DomesticRiceCrackersReportableSegmentsMember" />
    <link:label xlink:type="resource" xlink:label="label_DomesticRiceCrackersReportableSegmentsMember_2" xml:lang="ja" xlink:role="http://www.xbrl.org/2003/role/verboseLabel" id="label_DomesticRiceCrackersReportableSegmentsMember_2">国内米菓、報告セグメント[メンバー]</link:label>
    <link:labelArc xlink:type="arc" xlink:arcrole="http://www.xbrl.org/2003/arcrole/concept-label" xlink:from="DomesticRiceCrackersReportableSegmentsMember" xlink:to="label_DomesticRiceCrackersReportableSegmentsMember_2" />
    <link:label xlink:type="resource" xlink:label="label_OverseasReportableSegmentsMember" xml:lang="ja" xlink:role="http://www.xbrl.org/2003/role/label" id="label_OverseasReportableSegmentsMember">海外</link:label>
    <link:labelArc xlink:type="arc" xlink:arcrole="http://www.xbrl.org/2003/arcrole/concept-label" xlink:from="OverseasReportableSegmentsMember" xlink:to="label_OverseasReportableSegmentsMember" />
    <link:label xlink:type="resource" xlink:label="label_OverseasReportableSegmentsMember_2" xml:lang="ja" xlink:role="http://www.xbrl.org/2003/role/verboseLabel" id="label_OverseasReportableSegmentsMember_2">海外、報告セグメント[メンバー]</link:label>
    <link:labelArc xlink:type="arc" xlink:arcrole="http://www.xbrl.org/2003/arcrole/concept-label" xlink:from="OverseasReportableSegmentsMember" xlink:to="label_OverseasReportableSegmentsMember_2" />
    <link:label xlink:type="resource" xlink:label="label_FoodReportableSegmentsMember" xml:lang="ja" xlink:role="http://www.xbrl.org/2003/role/label" id="label_FoodReportableSegmentsMember">食品</link:label>
    <link:labelArc xlink:type="arc" xlink:arcrole="http://www.xbrl.org/2003/arcrole/concept-label" xlink:from="FoodReportableSegmentsMember" xlink:to="label_FoodReportableSegmentsMember" />
    <link:label xlink:type="resource" xlink:label="label_FoodReportableSegmentsMember_2" xml:lang="ja" xlink:role="http://www.xbrl.org/2003/role/verboseLabel" id="label_FoodReportableSegmentsMember_2">食品、報告セグメント[メンバー]</link:label>
    <link:labelArc xlink:type="arc" xlink:arcrole="http://www.xbrl.org/2003/arcrole/concept-label" xlink:from="FoodReportableSegmentsMember" xlink:to="label_FoodReportableSegmentsMember_2" />
    <link:label xlink:type="resource" xlink:label="label_JunejaLekhRajMember" xml:lang="ja" xlink:role="http://www.xbrl.org/2003/role/label" id="label_JunejaLekhRajMember">ジュネジャ　レカ　ラジュ</link:label>
    <link:labelArc xlink:type="arc" xlink:arcrole="http://www.xbrl.org/2003/arcrole/concept-label" xlink:from="JunejaLekhRajMember" xlink:to="label_JunejaLekhRajMember" />
    <link:label xlink:type="resource" xlink:label="label_JunejaLekhRajMember_2" xml:lang="ja" xlink:role="http://www.xbrl.org/2003/role/verboseLabel" id="label_JunejaLekhRajMember_2">ジュネジャ　レカ　ラジュ [メンバー]</link:label>
    <link:labelArc xlink:type="arc" xlink:arcrole="http://www.xbrl.org/2003/arcrole/concept-label" xlink:from="JunejaLekhRajMember" xlink:to="label_JunejaLekhRajMember_2" />
    <link:label xlink:type="resource" xlink:label="label_MasanoriTakagiMember" xml:lang="ja" xlink:role="http://www.xbrl.org/2003/role/label" id="label_MasanoriTakagiMember">髙木　政紀</link:label>
    <link:labelArc xlink:type="arc" xlink:arcrole="http://www.xbrl.org/2003/arcrole/concept-label" xlink:from="MasanoriTakagiMember" xlink:to="label_MasanoriTakagiMember" />
    <link:label xlink:type="resource" xlink:label="label_MasanoriTakagiMember_2" xml:lang="ja" xlink:role="http://www.xbrl.org/2003/role/verboseLabel" id="label_MasanoriTakagiMember_2">髙木　政紀 [メンバー]</link:label>
    <link:labelArc xlink:type="arc" xlink:arcrole="http://www.xbrl.org/2003/arcrole/concept-label" xlink:from="MasanoriTakagiMember" xlink:to="label_MasanoriTakagiMember_2" />
    <link:label xlink:type="resource" xlink:label="label_AkiraKobayashiMember" xml:lang="ja" xlink:role="http://www.xbrl.org/2003/role/verboseLabel" id="label_AkiraKobayashiMember">小林　章 [メンバー]</link:label>
    <link:labelArc xlink:type="arc" xlink:arcrole="http://www.xbrl.org/2003/arcrole/concept-label" xlink:from="AkiraKobayashiMember" xlink:to="label_AkiraKobayashiMember" />
    <link:label xlink:type="resource" xlink:label="label_AkiraKobayashiMember_2" xml:lang="ja" xlink:role="http://www.xbrl.org/2003/role/label" id="label_AkiraKobayashiMember_2">小林　章</link:label>
    <link:labelArc xlink:type="arc" xlink:arcrole="http://www.xbrl.org/2003/arcrole/concept-label" xlink:from="AkiraKobayashiMember" xlink:to="label_AkiraKobayashiMember_2" />
    <link:label xlink:type="resource" xlink:label="label_NaokoKoizumiMember" xml:lang="ja" xlink:role="http://www.xbrl.org/2003/role/verboseLabel" id="label_NaokoKoizumiMember">古泉　直子 [メンバー]</link:label>
    <link:labelArc xlink:type="arc" xlink:arcrole="http://www.xbrl.org/2003/arcrole/concept-label" xlink:from="NaokoKoizumiMember" xlink:to="label_NaokoKoizumiMember" />
    <link:label xlink:type="resource" xlink:label="label_NaokoKoizumiMember_2" xml:lang="ja" xlink:role="http://www.xbrl.org/2003/role/label" id="label_NaokoKoizumiMember_2">古泉　直子</link:label>
    <link:labelArc xlink:type="arc" xlink:arcrole="http://www.xbrl.org/2003/arcrole/concept-label" xlink:from="NaokoKoizumiMember" xlink:to="label_NaokoKoizumiMember_2" />
    <link:label xlink:type="resource" xlink:label="label_MinesaburoMiyakeMember" xml:lang="ja" xlink:role="http://www.xbrl.org/2003/role/verboseLabel" id="label_MinesaburoMiyakeMember">三宅　峰三郎 [メンバー]</link:label>
    <link:labelArc xlink:type="arc" xlink:arcrole="http://www.xbrl.org/2003/arcrole/concept-label" xlink:from="MinesaburoMiyakeMember" xlink:to="label_MinesaburoMiyakeMember" />
    <link:label xlink:type="resource" xlink:label="label_MinesaburoMiyakeMember_2" xml:lang="ja" xlink:role="http://www.xbrl.org/2003/role/label" id="label_MinesaburoMiyakeMember_2">三宅　峰三郎</link:label>
    <link:labelArc xlink:type="arc" xlink:arcrole="http://www.xbrl.org/2003/arcrole/concept-label" xlink:from="MinesaburoMiyakeMember" xlink:to="label_MinesaburoMiyakeMember_2" />
    <link:label xlink:type="resource" xlink:label="label_YosioItouMember" xml:lang="ja" xlink:role="http://www.xbrl.org/2003/role/label" id="label_YosioItouMember">伊藤　好生</link:label>
    <link:labelArc xlink:type="arc" xlink:arcrole="http://www.xbrl.org/2003/arcrole/concept-label" xlink:from="YosioItouMember" xlink:to="label_YosioItouMember" />
    <link:label xlink:type="resource" xlink:label="label_YosioItouMember_2" xml:lang="ja" xlink:role="http://www.xbrl.org/2003/role/verboseLabel" id="label_YosioItouMember_2">伊藤　好生 [メンバー]</link:label>
    <link:labelArc xlink:type="arc" xlink:arcrole="http://www.xbrl.org/2003/arcrole/concept-label" xlink:from="YosioItouMember" xlink:to="label_YosioItouMember_2" />
    <link:label xlink:type="resource" xlink:label="label_TakayukiKanaiMember" xml:lang="ja" xlink:role="http://www.xbrl.org/2003/role/label" id="label_TakayukiKanaiMember">金井　孝行</link:label>
    <link:labelArc xlink:type="arc" xlink:arcrole="http://www.xbrl.org/2003/arcrole/concept-label" xlink:from="TakayukiKanaiMember" xlink:to="label_TakayukiKanaiMember" />
    <link:label xlink:type="resource" xlink:label="label_TakayukiKanaiMember_2" xml:lang="ja" xlink:role="http://www.xbrl.org/2003/role/verboseLabel" id="label_TakayukiKanaiMember_2">金井　孝行 [メンバー]</link:label>
    <link:labelArc xlink:type="arc" xlink:arcrole="http://www.xbrl.org/2003/arcrole/concept-label" xlink:from="TakayukiKanaiMember" xlink:to="label_TakayukiKanaiMember_2" />
    <link:label xlink:type="resource" xlink:label="label_ToshimasaIueMember" xml:lang="ja" xlink:role="http://www.xbrl.org/2003/role/label" id="label_ToshimasaIueMember">井植　敏雅</link:label>
    <link:labelArc xlink:type="arc" xlink:arcrole="http://www.xbrl.org/2003/arcrole/concept-label" xlink:from="ToshimasaIueMember" xlink:to="label_ToshimasaIueMember" />
    <link:label xlink:type="resource" xlink:label="label_ToshimasaIueMember_2" xml:lang="ja" xlink:role="http://www.xbrl.org/2003/role/verboseLabel" id="label_ToshimasaIueMember_2">井植　敏雅 [メンバー]</link:label>
    <link:labelArc xlink:type="arc" xlink:arcrole="http://www.xbrl.org/2003/arcrole/concept-label" xlink:from="ToshimasaIueMember" xlink:to="label_ToshimasaIueMember_2" />
    <link:label xlink:type="resource" xlink:label="label_KatsuoShoyamaMember" xml:lang="ja" xlink:role="http://www.xbrl.org/2003/role/label" id="label_KatsuoShoyamaMember">尚山　勝男</link:label>
    <link:labelArc xlink:type="arc" xlink:arcrole="http://www.xbrl.org/2003/arcrole/concept-label" xlink:from="KatsuoShoyamaMember" xlink:to="label_KatsuoShoyamaMember" />
    <link:label xlink:type="resource" xlink:label="label_KatsuoShoyamaMember_2" xml:lang="ja" xlink:role="http://www.xbrl.org/2003/role/verboseLabel" id="label_KatsuoShoyamaMember_2">尚山　勝男 [メンバー]</link:label>
    <link:labelArc xlink:type="arc" xlink:arcrole="http://www.xbrl.org/2003/arcrole/concept-label" xlink:from="KatsuoShoyamaMember" xlink:to="label_KatsuoShoyamaMember_2" />
    <link:label xlink:type="resource" xlink:label="label_JunSasakiMember" xml:lang="ja" xlink:role="http://www.xbrl.org/2003/role/verboseLabel" id="label_JunSasakiMember">佐々木　淳 [メンバー]</link:label>
    <link:labelArc xlink:type="arc" xlink:arcrole="http://www.xbrl.org/2003/arcrole/concept-label" xlink:from="JunSasakiMember" xlink:to="label_JunSasakiMember" />
    <link:label xlink:type="resource" xlink:label="label_JunSasakiMember_2" xml:lang="ja" xlink:role="http://www.xbrl.org/2003/role/label" id="label_JunSasakiMember_2">佐々木　淳</link:label>
    <link:labelArc xlink:type="arc" xlink:arcrole="http://www.xbrl.org/2003/arcrole/concept-label" xlink:from="JunSasakiMember" xlink:to="label_JunSasakiMember_2" />
    <link:label xlink:type="resource" xlink:label="label_MariTanabeMember" xml:lang="ja" xlink:role="http://www.xbrl.org/2003/role/verboseLabel" id="label_MariTanabeMember">田辺　真理 [メンバー]</link:label>
    <link:labelArc xlink:type="arc" xlink:arcrole="http://www.xbrl.org/2003/arcrole/concept-label" xlink:from="MariTanabeMember" xlink:to="label_MariTanabeMember" />
    <link:label xlink:type="resource" xlink:label="label_MariTanabeMember_2" xml:lang="ja" xlink:role="http://www.xbrl.org/2003/role/label" id="label_MariTanabeMember_2">田辺　真理</link:label>
    <link:labelArc xlink:type="arc" xlink:arcrole="http://www.xbrl.org/2003/arcrole/concept-label" xlink:from="MariTanabeMember" xlink:to="label_MariTanabeMember_2" />
    <link:label xlink:type="resource" xlink:label="label_KazuyoshiAokiMember_2" xml:lang="ja" xlink:role="http://www.xbrl.org/2003/role/label" id="label_KazuyoshiAokiMember_2">青木　和義</link:label>
    <link:labelArc xlink:type="arc" xlink:arcrole="http://www.xbrl.org/2003/arcrole/concept-label" xlink:from="KazuyoshiAokiMember" xlink:to="label_KazuyoshiAokiMember_2" />
    <link:label xlink:type="resource" xlink:label="label_KazuyoshiAokiMember" xml:lang="ja" xlink:role="http://www.xbrl.org/2003/role/verboseLabel" id="label_KazuyoshiAokiMember">青木　和義 [メンバー]</link:label>
    <link:labelArc xlink:type="arc" xlink:arcrole="http://www.xbrl.org/2003/arcrole/concept-label" xlink:from="KazuyoshiAokiMember" xlink:to="label_KazuyoshiAokiMember" />
    <link:label xlink:type="resource" xlink:label="label_AkihiroItoMember_2" xml:lang="ja" xlink:role="http://www.xbrl.org/2003/role/label" id="label_AkihiroItoMember_2">伊藤　彰浩</link:label>
    <link:labelArc xlink:type="arc" xlink:arcrole="http://www.xbrl.org/2003/arcrole/concept-label" xlink:from="AkihiroItoMember" xlink:to="label_AkihiroItoMember_2" />
    <link:label xlink:type="resource" xlink:label="label_AkihiroItoMember" xml:lang="ja" xlink:role="http://www.xbrl.org/2003/role/verboseLabel" id="label_AkihiroItoMember">伊藤　彰浩 [メンバー]</link:label>
    <link:labelArc xlink:type="arc" xlink:arcrole="http://www.xbrl.org/2003/arcrole/concept-label" xlink:from="AkihiroItoMember" xlink:to="label_AkihiroItoMember" />
  </link:labelLink>
</link:linkbase>