<?xml version="1.0" encoding="UTF-8"?>
<!--  (c) Financial Services Agency, The Japanese Government.
      All Rights Reserved.
      For intellectual property policy and authorized uses of EDINET Taxonomy,
      refer to “EDINET Taxonomy Legal Statement” at http://www.fsa.go.jp/search/EDINET_Taxonomy_Legal_Statement.html
-->
<link:linkbase xmlns:link="http://www.xbrl.org/2003/linkbase" xmlns:xsi="http://www.w3.org/2001/XMLSchema-instance" xmlns:xlink="http://www.w3.org/1999/xlink" xmlns:xbrli="http://www.xbrl.org/2003/instance">
  <link:roleRef roleURI="http://disclosure.edinet-fsa.go.jp/role/jpcrp-esr/rol_std_CabinetOfficeOrdinanceOnDisclosureOfCorporateInformationEtcFormNo53ExtraordinarySecuritiesReport" xlink:type="simple" xlink:href="../jpcrp-esr_rt_2021-11-01.xsd#rol_std_CabinetOfficeOrdinanceOnDisclosureOfCorporateInformationEtcFormNo53ExtraordinarySecuritiesReport"/>
  <link:presentationLink xlink:type="extended" xlink:role="http://disclosure.edinet-fsa.go.jp/role/jpcrp-esr/rol_std_CabinetOfficeOrdinanceOnDisclosureOfCorporateInformationEtcFormNo53ExtraordinarySecuritiesReport">
    <link:loc xlink:type="locator" xlink:href="../jpcrp-esr_cor_2021-11-01.xsd#jpcrp-esr_cor_CabinetOfficeOrdinanceOnDisclosureOfCorporateInformationEtcFormNo53ExtraordinarySecuritiesReportHeading" xlink:label="CabinetOfficeOrdinanceOnDisclosureOfCorporateInformationEtcFormNo53ExtraordinarySecuritiesReportHeading"/>
    <link:loc xlink:type="locator" xlink:href="../jpcrp-esr_cor_2021-11-01.xsd#jpcrp-esr_cor_CoverPageHeading" xlink:label="CoverPageHeading"/>
    <link:presentationArc xlink:type="arc" xlink:arcrole="http://www.xbrl.org/2003/arcrole/parent-child" xlink:from="CabinetOfficeOrdinanceOnDisclosureOfCorporateInformationEtcFormNo53ExtraordinarySecuritiesReportHeading" xlink:to="CoverPageHeading" order="1.0"/>
    <link:loc xlink:type="locator" xlink:href="../jpcrp-esr_cor_2021-11-01.xsd#jpcrp-esr_cor_ReasonForFilingHeading" xlink:label="ReasonForFilingHeading"/>
    <link:presentationArc xlink:type="arc" xlink:arcrole="http://www.xbrl.org/2003/arcrole/parent-child" xlink:from="CabinetOfficeOrdinanceOnDisclosureOfCorporateInformationEtcFormNo53ExtraordinarySecuritiesReportHeading" xlink:to="ReasonForFilingHeading" order="2.0"/>
    <link:loc xlink:type="locator" xlink:href="../jpcrp-esr_cor_2021-11-01.xsd#jpcrp-esr_cor_ReasonForFilingTextBlock" xlink:label="ReasonForFilingTextBlock"/>
    <link:presentationArc xlink:type="arc" xlink:arcrole="http://www.xbrl.org/2003/arcrole/parent-child" xlink:from="ReasonForFilingHeading" xlink:to="ReasonForFilingTextBlock" order="1.0"/>
    <link:loc xlink:type="locator" xlink:href="../jpcrp-esr_cor_2021-11-01.xsd#jpcrp-esr_cor_BodyOfReportHeading" xlink:label="BodyOfReportHeading"/>
    <link:presentationArc xlink:type="arc" xlink:arcrole="http://www.xbrl.org/2003/arcrole/parent-child" xlink:from="CabinetOfficeOrdinanceOnDisclosureOfCorporateInformationEtcFormNo53ExtraordinarySecuritiesReportHeading" xlink:to="BodyOfReportHeading" order="3.0"/>
    <link:loc xlink:type="locator" xlink:href="../jpcrp-esr_cor_2021-11-01.xsd#jpcrp-esr_cor_PublicOfferingOrSecondaryDistributionOfSecuritiesOutsideJapanTextBlock" xlink:label="PublicOfferingOrSecondaryDistributionOfSecuritiesOutsideJapanTextBlock"/>
    <link:presentationArc xlink:type="arc" xlink:arcrole="http://www.xbrl.org/2003/arcrole/parent-child" xlink:from="BodyOfReportHeading" xlink:to="PublicOfferingOrSecondaryDistributionOfSecuritiesOutsideJapanTextBlock" order="1.0"/>
    <link:loc xlink:type="locator" xlink:href="../jpcrp-esr_cor_2021-11-01.xsd#jpcrp-esr_cor_PrivatePlacementOfSecuritiesTextBlock" xlink:label="PrivatePlacementOfSecuritiesTextBlock"/>
    <link:presentationArc xlink:type="arc" xlink:arcrole="http://www.xbrl.org/2003/arcrole/parent-child" xlink:from="BodyOfReportHeading" xlink:to="PrivatePlacementOfSecuritiesTextBlock" order="2.0"/>
    <link:loc xlink:type="locator" xlink:href="../jpcrp-esr_cor_2021-11-01.xsd#jpcrp-esr_cor_IssueOfStockOptionsNotSubjectToSecuritiesRegistrationTextBlock" xlink:label="IssueOfStockOptionsNotSubjectToSecuritiesRegistrationTextBlock"/>
    <link:presentationArc xlink:type="arc" xlink:arcrole="http://www.xbrl.org/2003/arcrole/parent-child" xlink:from="BodyOfReportHeading" xlink:to="IssueOfStockOptionsNotSubjectToSecuritiesRegistrationTextBlock" order="3.0"/>
    <link:loc xlink:type="locator" xlink:href="../jpcrp-esr_cor_2021-11-01.xsd#jpcrp-esr_cor_ChangesInParentCompaniesOrSpecifiedSubsidiariesTextBlock" xlink:label="ChangesInParentCompaniesOrSpecifiedSubsidiariesTextBlock"/>
    <link:presentationArc xlink:type="arc" xlink:arcrole="http://www.xbrl.org/2003/arcrole/parent-child" xlink:from="BodyOfReportHeading" xlink:to="ChangesInParentCompaniesOrSpecifiedSubsidiariesTextBlock" order="4.0"/>
    <link:loc xlink:type="locator" xlink:href="../jpcrp-esr_cor_2021-11-01.xsd#jpcrp-esr_cor_ChangesInMajorShareholderTextBlock" xlink:label="ChangesInMajorShareholderTextBlock"/>
    <link:presentationArc xlink:type="arc" xlink:arcrole="http://www.xbrl.org/2003/arcrole/parent-child" xlink:from="BodyOfReportHeading" xlink:to="ChangesInMajorShareholderTextBlock" order="5.0"/>
    <link:loc xlink:type="locator" xlink:href="../jpcrp-esr_cor_2021-11-01.xsd#jpcrp-esr_cor_NotificationOfRequestForSaleOfSharesFromSpecialControllingShareholdersOrDecisionOnWhetherToApproveRequestForSaleOfSharesOrNotTextBlock" xlink:label="NotificationOfRequestForSaleOfSharesFromSpecialControllingShareholdersOrDecisionOnWhetherToApproveRequestForSaleOfSharesOrNotTextBlock"/>
    <link:presentationArc xlink:type="arc" xlink:arcrole="http://www.xbrl.org/2003/arcrole/parent-child" xlink:from="BodyOfReportHeading" xlink:to="NotificationOfRequestForSaleOfSharesFromSpecialControllingShareholdersOrDecisionOnWhetherToApproveRequestForSaleOfSharesOrNotTextBlock" order="6.0"/>
    <link:loc xlink:type="locator" xlink:href="../jpcrp-esr_cor_2021-11-01.xsd#jpcrp-esr_cor_DecisionOnHoldingShareholdersMeetingToAcquireAllClassSharesSubjectToWhollyCallTextBlock" xlink:label="DecisionOnHoldingShareholdersMeetingToAcquireAllClassSharesSubjectToWhollyCallTextBlock"/>
    <link:presentationArc xlink:type="arc" xlink:arcrole="http://www.xbrl.org/2003/arcrole/parent-child" xlink:from="BodyOfReportHeading" xlink:to="DecisionOnHoldingShareholdersMeetingToAcquireAllClassSharesSubjectToWhollyCallTextBlock" order="7.0"/>
    <link:loc xlink:type="locator" xlink:href="../jpcrp-esr_cor_2021-11-01.xsd#jpcrp-esr_cor_DecisionOnHoldingShareholdersMeetingForPurposeOfReverseStockSplitTextBlock" xlink:label="DecisionOnHoldingShareholdersMeetingForPurposeOfReverseStockSplitTextBlock"/>
    <link:presentationArc xlink:type="arc" xlink:arcrole="http://www.xbrl.org/2003/arcrole/parent-child" xlink:from="BodyOfReportHeading" xlink:to="DecisionOnHoldingShareholdersMeetingForPurposeOfReverseStockSplitTextBlock" order="8.0"/>
    <link:loc xlink:type="locator" xlink:href="../jpcrp-esr_cor_2021-11-01.xsd#jpcrp-esr_cor_SignificantDisasterTextBlock" xlink:label="SignificantDisasterTextBlock"/>
    <link:presentationArc xlink:type="arc" xlink:arcrole="http://www.xbrl.org/2003/arcrole/parent-child" xlink:from="BodyOfReportHeading" xlink:to="SignificantDisasterTextBlock" order="9.0"/>
    <link:loc xlink:type="locator" xlink:href="../jpcrp-esr_cor_2021-11-01.xsd#jpcrp-esr_cor_CommencementOrResolutionOfLitigationTextBlock" xlink:label="CommencementOrResolutionOfLitigationTextBlock"/>
    <link:presentationArc xlink:type="arc" xlink:arcrole="http://www.xbrl.org/2003/arcrole/parent-child" xlink:from="BodyOfReportHeading" xlink:to="CommencementOrResolutionOfLitigationTextBlock" order="10.0"/>
    <link:loc xlink:type="locator" xlink:href="../jpcrp-esr_cor_2021-11-01.xsd#jpcrp-esr_cor_DecisionOnShareExchangeTextBlock" xlink:label="DecisionOnShareExchangeTextBlock"/>
    <link:presentationArc xlink:type="arc" xlink:arcrole="http://www.xbrl.org/2003/arcrole/parent-child" xlink:from="BodyOfReportHeading" xlink:to="DecisionOnShareExchangeTextBlock" order="11.0"/>
    <link:loc xlink:type="locator" xlink:href="../jpcrp-esr_cor_2021-11-01.xsd#jpcrp-esr_cor_DecisionOnShareTransferTextBlock" xlink:label="DecisionOnShareTransferTextBlock"/>
    <link:presentationArc xlink:type="arc" xlink:arcrole="http://www.xbrl.org/2003/arcrole/parent-child" xlink:from="BodyOfReportHeading" xlink:to="DecisionOnShareTransferTextBlock" order="12.0"/>
    <link:loc xlink:type="locator" xlink:href="../jpcrp-esr_cor_2021-11-01.xsd#jpcrp-esr_cor_DecisionOnAbsorptionTypeSplitTextBlock" xlink:label="DecisionOnAbsorptionTypeSplitTextBlock"/>
    <link:presentationArc xlink:type="arc" xlink:arcrole="http://www.xbrl.org/2003/arcrole/parent-child" xlink:from="BodyOfReportHeading" xlink:to="DecisionOnAbsorptionTypeSplitTextBlock" order="13.0"/>
    <link:loc xlink:type="locator" xlink:href="../jpcrp-esr_cor_2021-11-01.xsd#jpcrp-esr_cor_DecisionOnIncorporationTypeSplitTextBlock" xlink:label="DecisionOnIncorporationTypeSplitTextBlock"/>
    <link:presentationArc xlink:type="arc" xlink:arcrole="http://www.xbrl.org/2003/arcrole/parent-child" xlink:from="BodyOfReportHeading" xlink:to="DecisionOnIncorporationTypeSplitTextBlock" order="14.0"/>
    <link:loc xlink:type="locator" xlink:href="../jpcrp-esr_cor_2021-11-01.xsd#jpcrp-esr_cor_DecisionOnAbsorptionTypeMergerTextBlock" xlink:label="DecisionOnAbsorptionTypeMergerTextBlock"/>
    <link:presentationArc xlink:type="arc" xlink:arcrole="http://www.xbrl.org/2003/arcrole/parent-child" xlink:from="BodyOfReportHeading" xlink:to="DecisionOnAbsorptionTypeMergerTextBlock" order="15.0"/>
    <link:loc xlink:type="locator" xlink:href="../jpcrp-esr_cor_2021-11-01.xsd#jpcrp-esr_cor_DecisionOnConsolidationTypeMergerTextBlock" xlink:label="DecisionOnConsolidationTypeMergerTextBlock"/>
    <link:presentationArc xlink:type="arc" xlink:arcrole="http://www.xbrl.org/2003/arcrole/parent-child" xlink:from="BodyOfReportHeading" xlink:to="DecisionOnConsolidationTypeMergerTextBlock" order="16.0"/>
    <link:loc xlink:type="locator" xlink:href="../jpcrp-esr_cor_2021-11-01.xsd#jpcrp-esr_cor_DecisionOnTransferOrAcquisitionOfBusinessTextBlock" xlink:label="DecisionOnTransferOrAcquisitionOfBusinessTextBlock"/>
    <link:presentationArc xlink:type="arc" xlink:arcrole="http://www.xbrl.org/2003/arcrole/parent-child" xlink:from="BodyOfReportHeading" xlink:to="DecisionOnTransferOrAcquisitionOfBusinessTextBlock" order="17.0"/>
    <link:loc xlink:type="locator" xlink:href="../jpcrp-esr_cor_2021-11-01.xsd#jpcrp-esr_cor_DecisionOnAcquisitionOfSubsidiaryTextBlock" xlink:label="DecisionOnAcquisitionOfSubsidiaryTextBlock"/>
    <link:presentationArc xlink:type="arc" xlink:arcrole="http://www.xbrl.org/2003/arcrole/parent-child" xlink:from="BodyOfReportHeading" xlink:to="DecisionOnAcquisitionOfSubsidiaryTextBlock" order="18.0"/>
    <link:loc xlink:type="locator" xlink:href="../jpcrp-esr_cor_2021-11-01.xsd#jpcrp-esr_cor_ChangesInRepresentativeDirectorsTextBlock" xlink:label="ChangesInRepresentativeDirectorsTextBlock"/>
    <link:presentationArc xlink:type="arc" xlink:arcrole="http://www.xbrl.org/2003/arcrole/parent-child" xlink:from="BodyOfReportHeading" xlink:to="ChangesInRepresentativeDirectorsTextBlock" order="19.0"/>
    <link:loc xlink:type="locator" xlink:href="../jpcrp-esr_cor_2021-11-01.xsd#jpcrp-esr_cor_ResolutionOfShareholdersMeetingTextBlock" xlink:label="ResolutionOfShareholdersMeetingTextBlock"/>
    <link:presentationArc xlink:type="arc" xlink:arcrole="http://www.xbrl.org/2003/arcrole/parent-child" xlink:from="BodyOfReportHeading" xlink:to="ResolutionOfShareholdersMeetingTextBlock" order="20.0"/>
    <link:loc xlink:type="locator" xlink:href="../jpcrp-esr_cor_2021-11-01.xsd#jpcrp-esr_cor_AmendmentOrRejectionByShareholdersMeetingTextBlock" xlink:label="AmendmentOrRejectionByShareholdersMeetingTextBlock"/>
    <link:presentationArc xlink:type="arc" xlink:arcrole="http://www.xbrl.org/2003/arcrole/parent-child" xlink:from="BodyOfReportHeading" xlink:to="AmendmentOrRejectionByShareholdersMeetingTextBlock" order="21.0"/>
    <link:loc xlink:type="locator" xlink:href="../jpcrp-esr_cor_2021-11-01.xsd#jpcrp-esr_cor_ChangeInIndependentAuditorsTextBlock" xlink:label="ChangeInIndependentAuditorsTextBlock"/>
    <link:presentationArc xlink:type="arc" xlink:arcrole="http://www.xbrl.org/2003/arcrole/parent-child" xlink:from="BodyOfReportHeading" xlink:to="ChangeInIndependentAuditorsTextBlock" order="22.0"/>
    <link:loc xlink:type="locator" xlink:href="../jpcrp-esr_cor_2021-11-01.xsd#jpcrp-esr_cor_PetitionEtcForCommencementOfBankruptcyProceedingsTextBlock" xlink:label="PetitionEtcForCommencementOfBankruptcyProceedingsTextBlock"/>
    <link:presentationArc xlink:type="arc" xlink:arcrole="http://www.xbrl.org/2003/arcrole/parent-child" xlink:from="BodyOfReportHeading" xlink:to="PetitionEtcForCommencementOfBankruptcyProceedingsTextBlock" order="23.0"/>
    <link:loc xlink:type="locator" xlink:href="../jpcrp-esr_cor_2021-11-01.xsd#jpcrp-esr_cor_LikelihoodOfUncollectibleOrDelinquentAccountsTextBlock" xlink:label="LikelihoodOfUncollectibleOrDelinquentAccountsTextBlock"/>
    <link:presentationArc xlink:type="arc" xlink:arcrole="http://www.xbrl.org/2003/arcrole/parent-child" xlink:from="BodyOfReportHeading" xlink:to="LikelihoodOfUncollectibleOrDelinquentAccountsTextBlock" order="24.0"/>
    <link:loc xlink:type="locator" xlink:href="../jpcrp-esr_cor_2021-11-01.xsd#jpcrp-esr_cor_EventWithSignificantEffectsOnFinancialPositionBusinessPerformanceAndCashFlowsTextBlock" xlink:label="EventWithSignificantEffectsOnFinancialPositionBusinessPerformanceAndCashFlowsTextBlock"/>
    <link:presentationArc xlink:type="arc" xlink:arcrole="http://www.xbrl.org/2003/arcrole/parent-child" xlink:from="BodyOfReportHeading" xlink:to="EventWithSignificantEffectsOnFinancialPositionBusinessPerformanceAndCashFlowsTextBlock" order="25.0"/>
    <link:loc xlink:type="locator" xlink:href="../jpcrp-esr_cor_2021-11-01.xsd#jpcrp-esr_cor_SignificantDisasterAffectingConsolidatedSubsidiaryTextBlock" xlink:label="SignificantDisasterAffectingConsolidatedSubsidiaryTextBlock"/>
    <link:presentationArc xlink:type="arc" xlink:arcrole="http://www.xbrl.org/2003/arcrole/parent-child" xlink:from="BodyOfReportHeading" xlink:to="SignificantDisasterAffectingConsolidatedSubsidiaryTextBlock" order="26.0"/>
    <link:loc xlink:type="locator" xlink:href="../jpcrp-esr_cor_2021-11-01.xsd#jpcrp-esr_cor_CommencementOrResolutionOfLitigationAgainstConsolidatedSubsidiaryTextBlock" xlink:label="CommencementOrResolutionOfLitigationAgainstConsolidatedSubsidiaryTextBlock"/>
    <link:presentationArc xlink:type="arc" xlink:arcrole="http://www.xbrl.org/2003/arcrole/parent-child" xlink:from="BodyOfReportHeading" xlink:to="CommencementOrResolutionOfLitigationAgainstConsolidatedSubsidiaryTextBlock" order="27.0"/>
    <link:loc xlink:type="locator" xlink:href="../jpcrp-esr_cor_2021-11-01.xsd#jpcrp-esr_cor_DecisionOnShareExchangeOfConsolidatedSubsidiaryTextBlock" xlink:label="DecisionOnShareExchangeOfConsolidatedSubsidiaryTextBlock"/>
    <link:presentationArc xlink:type="arc" xlink:arcrole="http://www.xbrl.org/2003/arcrole/parent-child" xlink:from="BodyOfReportHeading" xlink:to="DecisionOnShareExchangeOfConsolidatedSubsidiaryTextBlock" order="28.0"/>
    <link:loc xlink:type="locator" xlink:href="../jpcrp-esr_cor_2021-11-01.xsd#jpcrp-esr_cor_DecisionOnShareTransferOfConsolidatedSubsidiaryTextBlock" xlink:label="DecisionOnShareTransferOfConsolidatedSubsidiaryTextBlock"/>
    <link:presentationArc xlink:type="arc" xlink:arcrole="http://www.xbrl.org/2003/arcrole/parent-child" xlink:from="BodyOfReportHeading" xlink:to="DecisionOnShareTransferOfConsolidatedSubsidiaryTextBlock" order="29.0"/>
    <link:loc xlink:type="locator" xlink:href="../jpcrp-esr_cor_2021-11-01.xsd#jpcrp-esr_cor_DecisionOnAbsorptionTypeSplitOfConsolidatedSubsidiaryTextBlock" xlink:label="DecisionOnAbsorptionTypeSplitOfConsolidatedSubsidiaryTextBlock"/>
    <link:presentationArc xlink:type="arc" xlink:arcrole="http://www.xbrl.org/2003/arcrole/parent-child" xlink:from="BodyOfReportHeading" xlink:to="DecisionOnAbsorptionTypeSplitOfConsolidatedSubsidiaryTextBlock" order="30.0"/>
    <link:loc xlink:type="locator" xlink:href="../jpcrp-esr_cor_2021-11-01.xsd#jpcrp-esr_cor_DecisionOnIncorporationTypeSplitOfConsolidatedSubsidiaryTextBlock" xlink:label="DecisionOnIncorporationTypeSplitOfConsolidatedSubsidiaryTextBlock"/>
    <link:presentationArc xlink:type="arc" xlink:arcrole="http://www.xbrl.org/2003/arcrole/parent-child" xlink:from="BodyOfReportHeading" xlink:to="DecisionOnIncorporationTypeSplitOfConsolidatedSubsidiaryTextBlock" order="31.0"/>
    <link:loc xlink:type="locator" xlink:href="../jpcrp-esr_cor_2021-11-01.xsd#jpcrp-esr_cor_DecisionOnAbsorptionTypeMergerOfConsolidatedSubsidiaryTextBlock" xlink:label="DecisionOnAbsorptionTypeMergerOfConsolidatedSubsidiaryTextBlock"/>
    <link:presentationArc xlink:type="arc" xlink:arcrole="http://www.xbrl.org/2003/arcrole/parent-child" xlink:from="BodyOfReportHeading" xlink:to="DecisionOnAbsorptionTypeMergerOfConsolidatedSubsidiaryTextBlock" order="32.0"/>
    <link:loc xlink:type="locator" xlink:href="../jpcrp-esr_cor_2021-11-01.xsd#jpcrp-esr_cor_DecisionOnConsolidationTypeMergerOfConsolidatedSubsidiaryTextBlock" xlink:label="DecisionOnConsolidationTypeMergerOfConsolidatedSubsidiaryTextBlock"/>
    <link:presentationArc xlink:type="arc" xlink:arcrole="http://www.xbrl.org/2003/arcrole/parent-child" xlink:from="BodyOfReportHeading" xlink:to="DecisionOnConsolidationTypeMergerOfConsolidatedSubsidiaryTextBlock" order="33.0"/>
    <link:loc xlink:type="locator" xlink:href="../jpcrp-esr_cor_2021-11-01.xsd#jpcrp-esr_cor_DecisionOnTransferOrAcquisitionOfBusinessOfConsolidatedSubsidiaryTextBlock" xlink:label="DecisionOnTransferOrAcquisitionOfBusinessOfConsolidatedSubsidiaryTextBlock"/>
    <link:presentationArc xlink:type="arc" xlink:arcrole="http://www.xbrl.org/2003/arcrole/parent-child" xlink:from="BodyOfReportHeading" xlink:to="DecisionOnTransferOrAcquisitionOfBusinessOfConsolidatedSubsidiaryTextBlock" order="34.0"/>
    <link:loc xlink:type="locator" xlink:href="../jpcrp-esr_cor_2021-11-01.xsd#jpcrp-esr_cor_DecisionOnAcquisitionOfSubsidiaryByConsolidatedSubsidiaryTextBlock" xlink:label="DecisionOnAcquisitionOfSubsidiaryByConsolidatedSubsidiaryTextBlock"/>
    <link:presentationArc xlink:type="arc" xlink:arcrole="http://www.xbrl.org/2003/arcrole/parent-child" xlink:from="BodyOfReportHeading" xlink:to="DecisionOnAcquisitionOfSubsidiaryByConsolidatedSubsidiaryTextBlock" order="35.0"/>
    <link:loc xlink:type="locator" xlink:href="../jpcrp-esr_cor_2021-11-01.xsd#jpcrp-esr_cor_PetitionForCommencementOfBankruptcyProceedingsAgainstConsolidatedSubsidiaryTextBlock" xlink:label="PetitionForCommencementOfBankruptcyProceedingsAgainstConsolidatedSubsidiaryTextBlock"/>
    <link:presentationArc xlink:type="arc" xlink:arcrole="http://www.xbrl.org/2003/arcrole/parent-child" xlink:from="BodyOfReportHeading" xlink:to="PetitionForCommencementOfBankruptcyProceedingsAgainstConsolidatedSubsidiaryTextBlock" order="36.0"/>
    <link:loc xlink:type="locator" xlink:href="../jpcrp-esr_cor_2021-11-01.xsd#jpcrp-esr_cor_LikelihoodOfUncollectibleOrDelinquentAccountsOfConsolidatedSubsidiaryTextBlock" xlink:label="LikelihoodOfUncollectibleOrDelinquentAccountsOfConsolidatedSubsidiaryTextBlock"/>
    <link:presentationArc xlink:type="arc" xlink:arcrole="http://www.xbrl.org/2003/arcrole/parent-child" xlink:from="BodyOfReportHeading" xlink:to="LikelihoodOfUncollectibleOrDelinquentAccountsOfConsolidatedSubsidiaryTextBlock" order="37.0"/>
    <link:loc xlink:type="locator" xlink:href="../jpcrp-esr_cor_2021-11-01.xsd#jpcrp-esr_cor_EventWithSignificantEffectsOnFinancialPositionBusinessPerformanceAndCashFlowsOfGroupTextBlock" xlink:label="EventWithSignificantEffectsOnFinancialPositionBusinessPerformanceAndCashFlowsOfGroupTextBlock"/>
    <link:presentationArc xlink:type="arc" xlink:arcrole="http://www.xbrl.org/2003/arcrole/parent-child" xlink:from="BodyOfReportHeading" xlink:to="EventWithSignificantEffectsOnFinancialPositionBusinessPerformanceAndCashFlowsOfGroupTextBlock" order="38.0"/>
    <link:loc xlink:type="locator" xlink:href="../jpcrp-esr_cor_2021-11-01.xsd#jpcrp-esr_cor_NewMattersOrChangesInPublicOfferingInformationThroughToLastDayBeforeIPOTextBlock" xlink:label="NewMattersOrChangesInPublicOfferingInformationThroughToLastDayBeforeIPOTextBlock"/>
    <link:presentationArc xlink:type="arc" xlink:arcrole="http://www.xbrl.org/2003/arcrole/parent-child" xlink:from="BodyOfReportHeading" xlink:to="NewMattersOrChangesInPublicOfferingInformationThroughToLastDayBeforeIPOTextBlock" order="39.0"/>
  </link:presentationLink>
</link:linkbase>
