<?xml version="1.0" encoding="UTF-8"?>
<!--  (c) Financial Services Agency, The Japanese Government.
      All Rights Reserved.
      For intellectual property policy and authorized uses of EDINET Taxonomy,
      refer to “EDINET Taxonomy Legal Statement” at http://www.fsa.go.jp/search/EDINET_Taxonomy_Legal_Statement.html
-->
<link:linkbase xmlns:link="http://www.xbrl.org/2003/linkbase" xmlns:xsi="http://www.w3.org/2001/XMLSchema-instance" xmlns:xlink="http://www.w3.org/1999/xlink" xmlns:xbrli="http://www.xbrl.org/2003/instance">
  <link:roleRef roleURI="http://disclosure.edinet-fsa.go.jp/role/jpcrp/rol_std_IndependentAuditorsReport" xlink:type="simple" xlink:href="../jpcrp_rt_2023-12-01.xsd#rol_std_IndependentAuditorsReport"/>
  <link:presentationLink xlink:type="extended" xlink:role="http://disclosure.edinet-fsa.go.jp/role/jpcrp/rol_std_IndependentAuditorsReport">
    <link:loc xlink:type="locator" xlink:href="../jpcrp_cor_2023-12-01.xsd#jpcrp_cor_IndependentAuditorsReportHeading" xlink:label="IndependentAuditorsReportHeading"/>
    <link:loc xlink:type="locator" xlink:href="../jpcrp_cor_2023-12-01.xsd#jpcrp_cor_IndependentAuditorsReportConsolidatedTextBlock" xlink:label="IndependentAuditorsReportConsolidatedTextBlock"/>
    <link:presentationArc xlink:type="arc" xlink:arcrole="http://www.xbrl.org/2003/arcrole/parent-child" xlink:from="IndependentAuditorsReportHeading" xlink:to="IndependentAuditorsReportConsolidatedTextBlock" order="1.0"/>
    <link:loc xlink:type="locator" xlink:href="../jpcrp_cor_2023-12-01.xsd#jpcrp_cor_AuditFirm1Consolidated" xlink:label="AuditFirm1Consolidated"/>
    <link:presentationArc xlink:type="arc" xlink:arcrole="http://www.xbrl.org/2003/arcrole/parent-child" xlink:from="IndependentAuditorsReportConsolidatedTextBlock" xlink:to="AuditFirm1Consolidated" order="1.0"/>
    <link:loc xlink:type="locator" xlink:href="../jpcrp_cor_2023-12-01.xsd#jpcrp_cor_CPA1AuditFirm1Consolidated" xlink:label="CPA1AuditFirm1Consolidated"/>
    <link:presentationArc xlink:type="arc" xlink:arcrole="http://www.xbrl.org/2003/arcrole/parent-child" xlink:from="AuditFirm1Consolidated" xlink:to="CPA1AuditFirm1Consolidated" order="1.0"/>
    <link:loc xlink:type="locator" xlink:href="../jpcrp_cor_2023-12-01.xsd#jpcrp_cor_CPA2AuditFirm1Consolidated" xlink:label="CPA2AuditFirm1Consolidated"/>
    <link:presentationArc xlink:type="arc" xlink:arcrole="http://www.xbrl.org/2003/arcrole/parent-child" xlink:from="AuditFirm1Consolidated" xlink:to="CPA2AuditFirm1Consolidated" order="2.0"/>
    <link:loc xlink:type="locator" xlink:href="../jpcrp_cor_2023-12-01.xsd#jpcrp_cor_CPA3AuditFirm1Consolidated" xlink:label="CPA3AuditFirm1Consolidated"/>
    <link:presentationArc xlink:type="arc" xlink:arcrole="http://www.xbrl.org/2003/arcrole/parent-child" xlink:from="AuditFirm1Consolidated" xlink:to="CPA3AuditFirm1Consolidated" order="3.0"/>
    <link:loc xlink:type="locator" xlink:href="../jpcrp_cor_2023-12-01.xsd#jpcrp_cor_CPA4AuditFirm1Consolidated" xlink:label="CPA4AuditFirm1Consolidated"/>
    <link:presentationArc xlink:type="arc" xlink:arcrole="http://www.xbrl.org/2003/arcrole/parent-child" xlink:from="AuditFirm1Consolidated" xlink:to="CPA4AuditFirm1Consolidated" order="4.0"/>
    <link:loc xlink:type="locator" xlink:href="../jpcrp_cor_2023-12-01.xsd#jpcrp_cor_CPA5AuditFirm1Consolidated" xlink:label="CPA5AuditFirm1Consolidated"/>
    <link:presentationArc xlink:type="arc" xlink:arcrole="http://www.xbrl.org/2003/arcrole/parent-child" xlink:from="AuditFirm1Consolidated" xlink:to="CPA5AuditFirm1Consolidated" order="5.0"/>
    <link:loc xlink:type="locator" xlink:href="../jpcrp_cor_2023-12-01.xsd#jpcrp_cor_AuditFirm2Consolidated" xlink:label="AuditFirm2Consolidated"/>
    <link:presentationArc xlink:type="arc" xlink:arcrole="http://www.xbrl.org/2003/arcrole/parent-child" xlink:from="IndependentAuditorsReportConsolidatedTextBlock" xlink:to="AuditFirm2Consolidated" order="2.0"/>
    <link:loc xlink:type="locator" xlink:href="../jpcrp_cor_2023-12-01.xsd#jpcrp_cor_CPA1AuditFirm2Consolidated" xlink:label="CPA1AuditFirm2Consolidated"/>
    <link:presentationArc xlink:type="arc" xlink:arcrole="http://www.xbrl.org/2003/arcrole/parent-child" xlink:from="AuditFirm2Consolidated" xlink:to="CPA1AuditFirm2Consolidated" order="1.0"/>
    <link:loc xlink:type="locator" xlink:href="../jpcrp_cor_2023-12-01.xsd#jpcrp_cor_CPA2AuditFirm2Consolidated" xlink:label="CPA2AuditFirm2Consolidated"/>
    <link:presentationArc xlink:type="arc" xlink:arcrole="http://www.xbrl.org/2003/arcrole/parent-child" xlink:from="AuditFirm2Consolidated" xlink:to="CPA2AuditFirm2Consolidated" order="2.0"/>
    <link:loc xlink:type="locator" xlink:href="../jpcrp_cor_2023-12-01.xsd#jpcrp_cor_KeyAuditMattersConsolidatedTextBlock" xlink:label="KeyAuditMattersConsolidatedTextBlock"/>
    <link:presentationArc xlink:type="arc" xlink:arcrole="http://www.xbrl.org/2003/arcrole/parent-child" xlink:from="IndependentAuditorsReportConsolidatedTextBlock" xlink:to="KeyAuditMattersConsolidatedTextBlock" order="3.0"/>
    <link:loc xlink:type="locator" xlink:href="../jpcrp_cor_2023-12-01.xsd#jpcrp_cor_OverviewKAMConsolidatedTextBlock" xlink:label="OverviewKAMConsolidatedTextBlock"/>
    <link:presentationArc xlink:type="arc" xlink:arcrole="http://www.xbrl.org/2003/arcrole/parent-child" xlink:from="KeyAuditMattersConsolidatedTextBlock" xlink:to="OverviewKAMConsolidatedTextBlock" order="1.0"/>
    <link:loc xlink:type="locator" xlink:href="../jpcrp_cor_2023-12-01.xsd#jpcrp_cor_OtherInformationConsolidatedTextBlock" xlink:label="OtherInformationConsolidatedTextBlock"/>
    <link:presentationArc xlink:type="arc" xlink:arcrole="http://www.xbrl.org/2003/arcrole/parent-child" xlink:from="IndependentAuditorsReportConsolidatedTextBlock" xlink:to="OtherInformationConsolidatedTextBlock" order="4.0"/>
    <link:loc xlink:type="locator" xlink:href="../jpcrp_cor_2023-12-01.xsd#jpcrp_cor_UncorrectedMaterialMisstatementOtherInformationConsolidatedTextBlock" xlink:label="UncorrectedMaterialMisstatementOtherInformationConsolidatedTextBlock"/>
    <link:presentationArc xlink:type="arc" xlink:arcrole="http://www.xbrl.org/2003/arcrole/parent-child" xlink:from="OtherInformationConsolidatedTextBlock" xlink:to="UncorrectedMaterialMisstatementOtherInformationConsolidatedTextBlock" order="1.0"/>
    <link:loc xlink:type="locator" xlink:href="../jpcrp_cor_2023-12-01.xsd#jpcrp_cor_FeeRelatedInformationConsolidatedTextBlock" xlink:label="FeeRelatedInformationConsolidatedTextBlock"/>
    <link:presentationArc xlink:type="arc" xlink:arcrole="http://www.xbrl.org/2003/arcrole/parent-child" xlink:from="IndependentAuditorsReportConsolidatedTextBlock" xlink:to="FeeRelatedInformationConsolidatedTextBlock" order="5.0"/>
    <link:loc xlink:type="locator" xlink:href="../jpcrp_cor_2023-12-01.xsd#jpcrp_cor_IndependentAuditorsReportNonConsolidatedTextBlock" xlink:label="IndependentAuditorsReportNonConsolidatedTextBlock"/>
    <link:presentationArc xlink:type="arc" xlink:arcrole="http://www.xbrl.org/2003/arcrole/parent-child" xlink:from="IndependentAuditorsReportHeading" xlink:to="IndependentAuditorsReportNonConsolidatedTextBlock" order="2.0"/>
    <link:loc xlink:type="locator" xlink:href="../jpcrp_cor_2023-12-01.xsd#jpcrp_cor_AuditFirm1NonConsolidated" xlink:label="AuditFirm1NonConsolidated"/>
    <link:presentationArc xlink:type="arc" xlink:arcrole="http://www.xbrl.org/2003/arcrole/parent-child" xlink:from="IndependentAuditorsReportNonConsolidatedTextBlock" xlink:to="AuditFirm1NonConsolidated" order="1.0"/>
    <link:loc xlink:type="locator" xlink:href="../jpcrp_cor_2023-12-01.xsd#jpcrp_cor_CPA1AuditFirm1NonConsolidated" xlink:label="CPA1AuditFirm1NonConsolidated"/>
    <link:presentationArc xlink:type="arc" xlink:arcrole="http://www.xbrl.org/2003/arcrole/parent-child" xlink:from="AuditFirm1NonConsolidated" xlink:to="CPA1AuditFirm1NonConsolidated" order="1.0"/>
    <link:loc xlink:type="locator" xlink:href="../jpcrp_cor_2023-12-01.xsd#jpcrp_cor_CPA2AuditFirm1NonConsolidated" xlink:label="CPA2AuditFirm1NonConsolidated"/>
    <link:presentationArc xlink:type="arc" xlink:arcrole="http://www.xbrl.org/2003/arcrole/parent-child" xlink:from="AuditFirm1NonConsolidated" xlink:to="CPA2AuditFirm1NonConsolidated" order="2.0"/>
    <link:loc xlink:type="locator" xlink:href="../jpcrp_cor_2023-12-01.xsd#jpcrp_cor_CPA3AuditFirm1NonConsolidated" xlink:label="CPA3AuditFirm1NonConsolidated"/>
    <link:presentationArc xlink:type="arc" xlink:arcrole="http://www.xbrl.org/2003/arcrole/parent-child" xlink:from="AuditFirm1NonConsolidated" xlink:to="CPA3AuditFirm1NonConsolidated" order="3.0"/>
    <link:loc xlink:type="locator" xlink:href="../jpcrp_cor_2023-12-01.xsd#jpcrp_cor_CPA4AuditFirm1NonConsolidated" xlink:label="CPA4AuditFirm1NonConsolidated"/>
    <link:presentationArc xlink:type="arc" xlink:arcrole="http://www.xbrl.org/2003/arcrole/parent-child" xlink:from="AuditFirm1NonConsolidated" xlink:to="CPA4AuditFirm1NonConsolidated" order="4.0"/>
    <link:loc xlink:type="locator" xlink:href="../jpcrp_cor_2023-12-01.xsd#jpcrp_cor_CPA5AuditFirm1NonConsolidated" xlink:label="CPA5AuditFirm1NonConsolidated"/>
    <link:presentationArc xlink:type="arc" xlink:arcrole="http://www.xbrl.org/2003/arcrole/parent-child" xlink:from="AuditFirm1NonConsolidated" xlink:to="CPA5AuditFirm1NonConsolidated" order="5.0"/>
    <link:loc xlink:type="locator" xlink:href="../jpcrp_cor_2023-12-01.xsd#jpcrp_cor_AuditFirm2NonConsolidated" xlink:label="AuditFirm2NonConsolidated"/>
    <link:presentationArc xlink:type="arc" xlink:arcrole="http://www.xbrl.org/2003/arcrole/parent-child" xlink:from="IndependentAuditorsReportNonConsolidatedTextBlock" xlink:to="AuditFirm2NonConsolidated" order="2.0"/>
    <link:loc xlink:type="locator" xlink:href="../jpcrp_cor_2023-12-01.xsd#jpcrp_cor_CPA1AuditFirm2NonConsolidated" xlink:label="CPA1AuditFirm2NonConsolidated"/>
    <link:presentationArc xlink:type="arc" xlink:arcrole="http://www.xbrl.org/2003/arcrole/parent-child" xlink:from="AuditFirm2NonConsolidated" xlink:to="CPA1AuditFirm2NonConsolidated" order="1.0"/>
    <link:loc xlink:type="locator" xlink:href="../jpcrp_cor_2023-12-01.xsd#jpcrp_cor_CPA2AuditFirm2NonConsolidated" xlink:label="CPA2AuditFirm2NonConsolidated"/>
    <link:presentationArc xlink:type="arc" xlink:arcrole="http://www.xbrl.org/2003/arcrole/parent-child" xlink:from="AuditFirm2NonConsolidated" xlink:to="CPA2AuditFirm2NonConsolidated" order="2.0"/>
    <link:loc xlink:type="locator" xlink:href="../jpcrp_cor_2023-12-01.xsd#jpcrp_cor_KeyAuditMattersNonConsolidatedTextBlock" xlink:label="KeyAuditMattersNonConsolidatedTextBlock"/>
    <link:presentationArc xlink:type="arc" xlink:arcrole="http://www.xbrl.org/2003/arcrole/parent-child" xlink:from="IndependentAuditorsReportNonConsolidatedTextBlock" xlink:to="KeyAuditMattersNonConsolidatedTextBlock" order="3.0"/>
    <link:loc xlink:type="locator" xlink:href="../jpcrp_cor_2023-12-01.xsd#jpcrp_cor_OverviewKAMNonConsolidatedTextBlock" xlink:label="OverviewKAMNonConsolidatedTextBlock"/>
    <link:presentationArc xlink:type="arc" xlink:arcrole="http://www.xbrl.org/2003/arcrole/parent-child" xlink:from="KeyAuditMattersNonConsolidatedTextBlock" xlink:to="OverviewKAMNonConsolidatedTextBlock" order="1.0"/>
    <link:loc xlink:type="locator" xlink:href="../jpcrp_cor_2023-12-01.xsd#jpcrp_cor_OtherInformationNonConsolidatedTextBlock" xlink:label="OtherInformationNonConsolidatedTextBlock"/>
    <link:presentationArc xlink:type="arc" xlink:arcrole="http://www.xbrl.org/2003/arcrole/parent-child" xlink:from="IndependentAuditorsReportNonConsolidatedTextBlock" xlink:to="OtherInformationNonConsolidatedTextBlock" order="4.0"/>
    <link:loc xlink:type="locator" xlink:href="../jpcrp_cor_2023-12-01.xsd#jpcrp_cor_UncorrectedMaterialMisstatementOtherInformationNonConsolidatedTextBlock" xlink:label="UncorrectedMaterialMisstatementOtherInformationNonConsolidatedTextBlock"/>
    <link:presentationArc xlink:type="arc" xlink:arcrole="http://www.xbrl.org/2003/arcrole/parent-child" xlink:from="OtherInformationNonConsolidatedTextBlock" xlink:to="UncorrectedMaterialMisstatementOtherInformationNonConsolidatedTextBlock" order="1.0"/>
    <link:loc xlink:type="locator" xlink:href="../jpcrp_cor_2023-12-01.xsd#jpcrp_cor_FeeRelatedInformationNonConsolidatedTextBlock" xlink:label="FeeRelatedInformationNonConsolidatedTextBlock"/>
    <link:presentationArc xlink:type="arc" xlink:arcrole="http://www.xbrl.org/2003/arcrole/parent-child" xlink:from="IndependentAuditorsReportNonConsolidatedTextBlock" xlink:to="FeeRelatedInformationNonConsolidatedTextBlock" order="5.0"/>
    <link:loc xlink:type="locator" xlink:href="../jpcrp_cor_2023-12-01.xsd#jpcrp_cor_IndependentAuditorsReportQuarterlyOrSemiAnnualPeriodOfNextFiscalYearConsolidatedTextBlock" xlink:label="IndependentAuditorsReportQuarterlyOrSemiAnnualPeriodOfNextFiscalYearConsolidatedTextBlock"/>
    <link:presentationArc xlink:type="arc" xlink:arcrole="http://www.xbrl.org/2003/arcrole/parent-child" xlink:from="IndependentAuditorsReportHeading" xlink:to="IndependentAuditorsReportQuarterlyOrSemiAnnualPeriodOfNextFiscalYearConsolidatedTextBlock" order="3.0"/>
    <link:loc xlink:type="locator" xlink:href="../jpcrp_cor_2023-12-01.xsd#jpcrp_cor_AuditFirm1QuarterlyOrSemiAnnualPeriodOfNextFiscalYearConsolidated" xlink:label="AuditFirm1QuarterlyOrSemiAnnualPeriodOfNextFiscalYearConsolidated"/>
    <link:presentationArc xlink:type="arc" xlink:arcrole="http://www.xbrl.org/2003/arcrole/parent-child" xlink:from="IndependentAuditorsReportQuarterlyOrSemiAnnualPeriodOfNextFiscalYearConsolidatedTextBlock" xlink:to="AuditFirm1QuarterlyOrSemiAnnualPeriodOfNextFiscalYearConsolidated" order="1.0"/>
    <link:loc xlink:type="locator" xlink:href="../jpcrp_cor_2023-12-01.xsd#jpcrp_cor_CPA1AuditFirm1QuarterlyOrSemiAnnualPeriodOfNextFiscalYearConsolidated" xlink:label="CPA1AuditFirm1QuarterlyOrSemiAnnualPeriodOfNextFiscalYearConsolidated"/>
    <link:presentationArc xlink:type="arc" xlink:arcrole="http://www.xbrl.org/2003/arcrole/parent-child" xlink:from="AuditFirm1QuarterlyOrSemiAnnualPeriodOfNextFiscalYearConsolidated" xlink:to="CPA1AuditFirm1QuarterlyOrSemiAnnualPeriodOfNextFiscalYearConsolidated" order="1.0"/>
    <link:loc xlink:type="locator" xlink:href="../jpcrp_cor_2023-12-01.xsd#jpcrp_cor_CPA2AuditFirm1QuarterlyOrSemiAnnualPeriodOfNextFiscalYearConsolidated" xlink:label="CPA2AuditFirm1QuarterlyOrSemiAnnualPeriodOfNextFiscalYearConsolidated"/>
    <link:presentationArc xlink:type="arc" xlink:arcrole="http://www.xbrl.org/2003/arcrole/parent-child" xlink:from="AuditFirm1QuarterlyOrSemiAnnualPeriodOfNextFiscalYearConsolidated" xlink:to="CPA2AuditFirm1QuarterlyOrSemiAnnualPeriodOfNextFiscalYearConsolidated" order="2.0"/>
    <link:loc xlink:type="locator" xlink:href="../jpcrp_cor_2023-12-01.xsd#jpcrp_cor_CPA3AuditFirm1QuarterlyOrSemiAnnualPeriodOfNextFiscalYearConsolidated" xlink:label="CPA3AuditFirm1QuarterlyOrSemiAnnualPeriodOfNextFiscalYearConsolidated"/>
    <link:presentationArc xlink:type="arc" xlink:arcrole="http://www.xbrl.org/2003/arcrole/parent-child" xlink:from="AuditFirm1QuarterlyOrSemiAnnualPeriodOfNextFiscalYearConsolidated" xlink:to="CPA3AuditFirm1QuarterlyOrSemiAnnualPeriodOfNextFiscalYearConsolidated" order="3.0"/>
    <link:loc xlink:type="locator" xlink:href="../jpcrp_cor_2023-12-01.xsd#jpcrp_cor_CPA4AuditFirm1QuarterlyOrSemiAnnualPeriodOfNextFiscalYearConsolidated" xlink:label="CPA4AuditFirm1QuarterlyOrSemiAnnualPeriodOfNextFiscalYearConsolidated"/>
    <link:presentationArc xlink:type="arc" xlink:arcrole="http://www.xbrl.org/2003/arcrole/parent-child" xlink:from="AuditFirm1QuarterlyOrSemiAnnualPeriodOfNextFiscalYearConsolidated" xlink:to="CPA4AuditFirm1QuarterlyOrSemiAnnualPeriodOfNextFiscalYearConsolidated" order="4.0"/>
    <link:loc xlink:type="locator" xlink:href="../jpcrp_cor_2023-12-01.xsd#jpcrp_cor_CPA5AuditFirm1QuarterlyOrSemiAnnualPeriodOfNextFiscalYearConsolidated" xlink:label="CPA5AuditFirm1QuarterlyOrSemiAnnualPeriodOfNextFiscalYearConsolidated"/>
    <link:presentationArc xlink:type="arc" xlink:arcrole="http://www.xbrl.org/2003/arcrole/parent-child" xlink:from="AuditFirm1QuarterlyOrSemiAnnualPeriodOfNextFiscalYearConsolidated" xlink:to="CPA5AuditFirm1QuarterlyOrSemiAnnualPeriodOfNextFiscalYearConsolidated" order="5.0"/>
    <link:loc xlink:type="locator" xlink:href="../jpcrp_cor_2023-12-01.xsd#jpcrp_cor_AuditFirm2QuarterlyOrSemiAnnualPeriodOfNextFiscalYearConsolidated" xlink:label="AuditFirm2QuarterlyOrSemiAnnualPeriodOfNextFiscalYearConsolidated"/>
    <link:presentationArc xlink:type="arc" xlink:arcrole="http://www.xbrl.org/2003/arcrole/parent-child" xlink:from="IndependentAuditorsReportQuarterlyOrSemiAnnualPeriodOfNextFiscalYearConsolidatedTextBlock" xlink:to="AuditFirm2QuarterlyOrSemiAnnualPeriodOfNextFiscalYearConsolidated" order="2.0"/>
    <link:loc xlink:type="locator" xlink:href="../jpcrp_cor_2023-12-01.xsd#jpcrp_cor_CPA1AuditFirm2QuarterlyOrSemiAnnualPeriodOfNextFiscalYearConsolidated" xlink:label="CPA1AuditFirm2QuarterlyOrSemiAnnualPeriodOfNextFiscalYearConsolidated"/>
    <link:presentationArc xlink:type="arc" xlink:arcrole="http://www.xbrl.org/2003/arcrole/parent-child" xlink:from="AuditFirm2QuarterlyOrSemiAnnualPeriodOfNextFiscalYearConsolidated" xlink:to="CPA1AuditFirm2QuarterlyOrSemiAnnualPeriodOfNextFiscalYearConsolidated" order="1.0"/>
    <link:loc xlink:type="locator" xlink:href="../jpcrp_cor_2023-12-01.xsd#jpcrp_cor_CPA2AuditFirm2QuarterlyOrSemiAnnualPeriodOfNextFiscalYearConsolidated" xlink:label="CPA2AuditFirm2QuarterlyOrSemiAnnualPeriodOfNextFiscalYearConsolidated"/>
    <link:presentationArc xlink:type="arc" xlink:arcrole="http://www.xbrl.org/2003/arcrole/parent-child" xlink:from="AuditFirm2QuarterlyOrSemiAnnualPeriodOfNextFiscalYearConsolidated" xlink:to="CPA2AuditFirm2QuarterlyOrSemiAnnualPeriodOfNextFiscalYearConsolidated" order="2.0"/>
    <link:loc xlink:type="locator" xlink:href="../jpcrp_cor_2023-12-01.xsd#jpcrp_cor_IndependentAuditorsReportQuarterlyOrSemiAnnualPeriodOfNextFiscalYearNonConsolidatedTextBlock" xlink:label="IndependentAuditorsReportQuarterlyOrSemiAnnualPeriodOfNextFiscalYearNonConsolidatedTextBlock"/>
    <link:presentationArc xlink:type="arc" xlink:arcrole="http://www.xbrl.org/2003/arcrole/parent-child" xlink:from="IndependentAuditorsReportHeading" xlink:to="IndependentAuditorsReportQuarterlyOrSemiAnnualPeriodOfNextFiscalYearNonConsolidatedTextBlock" order="4.0"/>
    <link:loc xlink:type="locator" xlink:href="../jpcrp_cor_2023-12-01.xsd#jpcrp_cor_AuditFirm1QuarterlyOrSemiAnnualPeriodOfNextFiscalYearNonConsolidated" xlink:label="AuditFirm1QuarterlyOrSemiAnnualPeriodOfNextFiscalYearNonConsolidated"/>
    <link:presentationArc xlink:type="arc" xlink:arcrole="http://www.xbrl.org/2003/arcrole/parent-child" xlink:from="IndependentAuditorsReportQuarterlyOrSemiAnnualPeriodOfNextFiscalYearNonConsolidatedTextBlock" xlink:to="AuditFirm1QuarterlyOrSemiAnnualPeriodOfNextFiscalYearNonConsolidated" order="1.0"/>
    <link:loc xlink:type="locator" xlink:href="../jpcrp_cor_2023-12-01.xsd#jpcrp_cor_CPA1AuditFirm1QuarterlyOrSemiAnnualPeriodOfNextFiscalYearNonConsolidated" xlink:label="CPA1AuditFirm1QuarterlyOrSemiAnnualPeriodOfNextFiscalYearNonConsolidated"/>
    <link:presentationArc xlink:type="arc" xlink:arcrole="http://www.xbrl.org/2003/arcrole/parent-child" xlink:from="AuditFirm1QuarterlyOrSemiAnnualPeriodOfNextFiscalYearNonConsolidated" xlink:to="CPA1AuditFirm1QuarterlyOrSemiAnnualPeriodOfNextFiscalYearNonConsolidated" order="1.0"/>
    <link:loc xlink:type="locator" xlink:href="../jpcrp_cor_2023-12-01.xsd#jpcrp_cor_CPA2AuditFirm1QuarterlyOrSemiAnnualPeriodOfNextFiscalYearNonConsolidated" xlink:label="CPA2AuditFirm1QuarterlyOrSemiAnnualPeriodOfNextFiscalYearNonConsolidated"/>
    <link:presentationArc xlink:type="arc" xlink:arcrole="http://www.xbrl.org/2003/arcrole/parent-child" xlink:from="AuditFirm1QuarterlyOrSemiAnnualPeriodOfNextFiscalYearNonConsolidated" xlink:to="CPA2AuditFirm1QuarterlyOrSemiAnnualPeriodOfNextFiscalYearNonConsolidated" order="2.0"/>
    <link:loc xlink:type="locator" xlink:href="../jpcrp_cor_2023-12-01.xsd#jpcrp_cor_CPA3AuditFirm1QuarterlyOrSemiAnnualPeriodOfNextFiscalYearNonConsolidated" xlink:label="CPA3AuditFirm1QuarterlyOrSemiAnnualPeriodOfNextFiscalYearNonConsolidated"/>
    <link:presentationArc xlink:type="arc" xlink:arcrole="http://www.xbrl.org/2003/arcrole/parent-child" xlink:from="AuditFirm1QuarterlyOrSemiAnnualPeriodOfNextFiscalYearNonConsolidated" xlink:to="CPA3AuditFirm1QuarterlyOrSemiAnnualPeriodOfNextFiscalYearNonConsolidated" order="3.0"/>
    <link:loc xlink:type="locator" xlink:href="../jpcrp_cor_2023-12-01.xsd#jpcrp_cor_CPA4AuditFirm1QuarterlyOrSemiAnnualPeriodOfNextFiscalYearNonConsolidated" xlink:label="CPA4AuditFirm1QuarterlyOrSemiAnnualPeriodOfNextFiscalYearNonConsolidated"/>
    <link:presentationArc xlink:type="arc" xlink:arcrole="http://www.xbrl.org/2003/arcrole/parent-child" xlink:from="AuditFirm1QuarterlyOrSemiAnnualPeriodOfNextFiscalYearNonConsolidated" xlink:to="CPA4AuditFirm1QuarterlyOrSemiAnnualPeriodOfNextFiscalYearNonConsolidated" order="4.0"/>
    <link:loc xlink:type="locator" xlink:href="../jpcrp_cor_2023-12-01.xsd#jpcrp_cor_CPA5AuditFirm1QuarterlyOrSemiAnnualPeriodOfNextFiscalYearNonConsolidated" xlink:label="CPA5AuditFirm1QuarterlyOrSemiAnnualPeriodOfNextFiscalYearNonConsolidated"/>
    <link:presentationArc xlink:type="arc" xlink:arcrole="http://www.xbrl.org/2003/arcrole/parent-child" xlink:from="AuditFirm1QuarterlyOrSemiAnnualPeriodOfNextFiscalYearNonConsolidated" xlink:to="CPA5AuditFirm1QuarterlyOrSemiAnnualPeriodOfNextFiscalYearNonConsolidated" order="5.0"/>
    <link:loc xlink:type="locator" xlink:href="../jpcrp_cor_2023-12-01.xsd#jpcrp_cor_AuditFirm2QuarterlyOrSemiAnnualPeriodOfNextFiscalYearNonConsolidated" xlink:label="AuditFirm2QuarterlyOrSemiAnnualPeriodOfNextFiscalYearNonConsolidated"/>
    <link:presentationArc xlink:type="arc" xlink:arcrole="http://www.xbrl.org/2003/arcrole/parent-child" xlink:from="IndependentAuditorsReportQuarterlyOrSemiAnnualPeriodOfNextFiscalYearNonConsolidatedTextBlock" xlink:to="AuditFirm2QuarterlyOrSemiAnnualPeriodOfNextFiscalYearNonConsolidated" order="2.0"/>
    <link:loc xlink:type="locator" xlink:href="../jpcrp_cor_2023-12-01.xsd#jpcrp_cor_CPA1AuditFirm2QuarterlyOrSemiAnnualPeriodOfNextFiscalYearNonConsolidated" xlink:label="CPA1AuditFirm2QuarterlyOrSemiAnnualPeriodOfNextFiscalYearNonConsolidated"/>
    <link:presentationArc xlink:type="arc" xlink:arcrole="http://www.xbrl.org/2003/arcrole/parent-child" xlink:from="AuditFirm2QuarterlyOrSemiAnnualPeriodOfNextFiscalYearNonConsolidated" xlink:to="CPA1AuditFirm2QuarterlyOrSemiAnnualPeriodOfNextFiscalYearNonConsolidated" order="1.0"/>
    <link:loc xlink:type="locator" xlink:href="../jpcrp_cor_2023-12-01.xsd#jpcrp_cor_CPA2AuditFirm2QuarterlyOrSemiAnnualPeriodOfNextFiscalYearNonConsolidated" xlink:label="CPA2AuditFirm2QuarterlyOrSemiAnnualPeriodOfNextFiscalYearNonConsolidated"/>
    <link:presentationArc xlink:type="arc" xlink:arcrole="http://www.xbrl.org/2003/arcrole/parent-child" xlink:from="AuditFirm2QuarterlyOrSemiAnnualPeriodOfNextFiscalYearNonConsolidated" xlink:to="CPA2AuditFirm2QuarterlyOrSemiAnnualPeriodOfNextFiscalYearNonConsolidated" order="2.0"/>
    <link:loc xlink:type="locator" xlink:href="../jpcrp_cor_2023-12-01.xsd#jpcrp_cor_IndependentAuditorsReportConsolidatedPriorYearTextBlock" xlink:label="IndependentAuditorsReportConsolidatedPriorYearTextBlock"/>
    <link:presentationArc xlink:type="arc" xlink:arcrole="http://www.xbrl.org/2003/arcrole/parent-child" xlink:from="IndependentAuditorsReportHeading" xlink:to="IndependentAuditorsReportConsolidatedPriorYearTextBlock" order="5.0"/>
    <link:loc xlink:type="locator" xlink:href="../jpcrp_cor_2023-12-01.xsd#jpcrp_cor_AuditFirm1ConsolidatedPriorYear" xlink:label="AuditFirm1ConsolidatedPriorYear"/>
    <link:presentationArc xlink:type="arc" xlink:arcrole="http://www.xbrl.org/2003/arcrole/parent-child" xlink:from="IndependentAuditorsReportConsolidatedPriorYearTextBlock" xlink:to="AuditFirm1ConsolidatedPriorYear" order="1.0"/>
    <link:loc xlink:type="locator" xlink:href="../jpcrp_cor_2023-12-01.xsd#jpcrp_cor_CPA1AuditFirm1ConsolidatedPriorYear" xlink:label="CPA1AuditFirm1ConsolidatedPriorYear"/>
    <link:presentationArc xlink:type="arc" xlink:arcrole="http://www.xbrl.org/2003/arcrole/parent-child" xlink:from="AuditFirm1ConsolidatedPriorYear" xlink:to="CPA1AuditFirm1ConsolidatedPriorYear" order="1.0"/>
    <link:loc xlink:type="locator" xlink:href="../jpcrp_cor_2023-12-01.xsd#jpcrp_cor_CPA2AuditFirm1ConsolidatedPriorYear" xlink:label="CPA2AuditFirm1ConsolidatedPriorYear"/>
    <link:presentationArc xlink:type="arc" xlink:arcrole="http://www.xbrl.org/2003/arcrole/parent-child" xlink:from="AuditFirm1ConsolidatedPriorYear" xlink:to="CPA2AuditFirm1ConsolidatedPriorYear" order="2.0"/>
    <link:loc xlink:type="locator" xlink:href="../jpcrp_cor_2023-12-01.xsd#jpcrp_cor_CPA3AuditFirm1ConsolidatedPriorYear" xlink:label="CPA3AuditFirm1ConsolidatedPriorYear"/>
    <link:presentationArc xlink:type="arc" xlink:arcrole="http://www.xbrl.org/2003/arcrole/parent-child" xlink:from="AuditFirm1ConsolidatedPriorYear" xlink:to="CPA3AuditFirm1ConsolidatedPriorYear" order="3.0"/>
    <link:loc xlink:type="locator" xlink:href="../jpcrp_cor_2023-12-01.xsd#jpcrp_cor_CPA4AuditFirm1ConsolidatedPriorYear" xlink:label="CPA4AuditFirm1ConsolidatedPriorYear"/>
    <link:presentationArc xlink:type="arc" xlink:arcrole="http://www.xbrl.org/2003/arcrole/parent-child" xlink:from="AuditFirm1ConsolidatedPriorYear" xlink:to="CPA4AuditFirm1ConsolidatedPriorYear" order="4.0"/>
    <link:loc xlink:type="locator" xlink:href="../jpcrp_cor_2023-12-01.xsd#jpcrp_cor_CPA5AuditFirm1ConsolidatedPriorYear" xlink:label="CPA5AuditFirm1ConsolidatedPriorYear"/>
    <link:presentationArc xlink:type="arc" xlink:arcrole="http://www.xbrl.org/2003/arcrole/parent-child" xlink:from="AuditFirm1ConsolidatedPriorYear" xlink:to="CPA5AuditFirm1ConsolidatedPriorYear" order="5.0"/>
    <link:loc xlink:type="locator" xlink:href="../jpcrp_cor_2023-12-01.xsd#jpcrp_cor_AuditFirm2ConsolidatedPriorYear" xlink:label="AuditFirm2ConsolidatedPriorYear"/>
    <link:presentationArc xlink:type="arc" xlink:arcrole="http://www.xbrl.org/2003/arcrole/parent-child" xlink:from="IndependentAuditorsReportConsolidatedPriorYearTextBlock" xlink:to="AuditFirm2ConsolidatedPriorYear" order="2.0"/>
    <link:loc xlink:type="locator" xlink:href="../jpcrp_cor_2023-12-01.xsd#jpcrp_cor_CPA1AuditFirm2ConsolidatedPriorYear" xlink:label="CPA1AuditFirm2ConsolidatedPriorYear"/>
    <link:presentationArc xlink:type="arc" xlink:arcrole="http://www.xbrl.org/2003/arcrole/parent-child" xlink:from="AuditFirm2ConsolidatedPriorYear" xlink:to="CPA1AuditFirm2ConsolidatedPriorYear" order="1.0"/>
    <link:loc xlink:type="locator" xlink:href="../jpcrp_cor_2023-12-01.xsd#jpcrp_cor_CPA2AuditFirm2ConsolidatedPriorYear" xlink:label="CPA2AuditFirm2ConsolidatedPriorYear"/>
    <link:presentationArc xlink:type="arc" xlink:arcrole="http://www.xbrl.org/2003/arcrole/parent-child" xlink:from="AuditFirm2ConsolidatedPriorYear" xlink:to="CPA2AuditFirm2ConsolidatedPriorYear" order="2.0"/>
    <link:loc xlink:type="locator" xlink:href="../jpcrp_cor_2023-12-01.xsd#jpcrp_cor_KeyAuditMattersConsolidatedPriorYearTextBlock" xlink:label="KeyAuditMattersConsolidatedPriorYearTextBlock"/>
    <link:presentationArc xlink:type="arc" xlink:arcrole="http://www.xbrl.org/2003/arcrole/parent-child" xlink:from="IndependentAuditorsReportConsolidatedPriorYearTextBlock" xlink:to="KeyAuditMattersConsolidatedPriorYearTextBlock" order="3.0"/>
    <link:loc xlink:type="locator" xlink:href="../jpcrp_cor_2023-12-01.xsd#jpcrp_cor_OverviewKAMConsolidatedPriorYearTextBlock" xlink:label="OverviewKAMConsolidatedPriorYearTextBlock"/>
    <link:presentationArc xlink:type="arc" xlink:arcrole="http://www.xbrl.org/2003/arcrole/parent-child" xlink:from="KeyAuditMattersConsolidatedPriorYearTextBlock" xlink:to="OverviewKAMConsolidatedPriorYearTextBlock" order="1.0"/>
    <link:loc xlink:type="locator" xlink:href="../jpcrp_cor_2023-12-01.xsd#jpcrp_cor_OtherInformationConsolidatedPriorYearTextBlock" xlink:label="OtherInformationConsolidatedPriorYearTextBlock"/>
    <link:presentationArc xlink:type="arc" xlink:arcrole="http://www.xbrl.org/2003/arcrole/parent-child" xlink:from="IndependentAuditorsReportConsolidatedPriorYearTextBlock" xlink:to="OtherInformationConsolidatedPriorYearTextBlock" order="4.0"/>
    <link:loc xlink:type="locator" xlink:href="../jpcrp_cor_2023-12-01.xsd#jpcrp_cor_UncorrectedMaterialMisstatementOtherInformationConsolidatedPriorYearTextBlock" xlink:label="UncorrectedMaterialMisstatementOtherInformationConsolidatedPriorYearTextBlock"/>
    <link:presentationArc xlink:type="arc" xlink:arcrole="http://www.xbrl.org/2003/arcrole/parent-child" xlink:from="OtherInformationConsolidatedPriorYearTextBlock" xlink:to="UncorrectedMaterialMisstatementOtherInformationConsolidatedPriorYearTextBlock" order="1.0"/>
    <link:loc xlink:type="locator" xlink:href="../jpcrp_cor_2023-12-01.xsd#jpcrp_cor_FeeRelatedInformationConsolidatedPriorYearTextBlock" xlink:label="FeeRelatedInformationConsolidatedPriorYearTextBlock"/>
    <link:presentationArc xlink:type="arc" xlink:arcrole="http://www.xbrl.org/2003/arcrole/parent-child" xlink:from="IndependentAuditorsReportConsolidatedPriorYearTextBlock" xlink:to="FeeRelatedInformationConsolidatedPriorYearTextBlock" order="5.0"/>
    <link:loc xlink:type="locator" xlink:href="../jpcrp_cor_2023-12-01.xsd#jpcrp_cor_IndependentAuditorsReportNonConsolidatedPriorYearTextBlock" xlink:label="IndependentAuditorsReportNonConsolidatedPriorYearTextBlock"/>
    <link:presentationArc xlink:type="arc" xlink:arcrole="http://www.xbrl.org/2003/arcrole/parent-child" xlink:from="IndependentAuditorsReportHeading" xlink:to="IndependentAuditorsReportNonConsolidatedPriorYearTextBlock" order="6.0"/>
    <link:loc xlink:type="locator" xlink:href="../jpcrp_cor_2023-12-01.xsd#jpcrp_cor_AuditFirm1NonConsolidatedPriorYear" xlink:label="AuditFirm1NonConsolidatedPriorYear"/>
    <link:presentationArc xlink:type="arc" xlink:arcrole="http://www.xbrl.org/2003/arcrole/parent-child" xlink:from="IndependentAuditorsReportNonConsolidatedPriorYearTextBlock" xlink:to="AuditFirm1NonConsolidatedPriorYear" order="1.0"/>
    <link:loc xlink:type="locator" xlink:href="../jpcrp_cor_2023-12-01.xsd#jpcrp_cor_CPA1AuditFirm1NonConsolidatedPriorYear" xlink:label="CPA1AuditFirm1NonConsolidatedPriorYear"/>
    <link:presentationArc xlink:type="arc" xlink:arcrole="http://www.xbrl.org/2003/arcrole/parent-child" xlink:from="AuditFirm1NonConsolidatedPriorYear" xlink:to="CPA1AuditFirm1NonConsolidatedPriorYear" order="1.0"/>
    <link:loc xlink:type="locator" xlink:href="../jpcrp_cor_2023-12-01.xsd#jpcrp_cor_CPA2AuditFirm1NonConsolidatedPriorYear" xlink:label="CPA2AuditFirm1NonConsolidatedPriorYear"/>
    <link:presentationArc xlink:type="arc" xlink:arcrole="http://www.xbrl.org/2003/arcrole/parent-child" xlink:from="AuditFirm1NonConsolidatedPriorYear" xlink:to="CPA2AuditFirm1NonConsolidatedPriorYear" order="2.0"/>
    <link:loc xlink:type="locator" xlink:href="../jpcrp_cor_2023-12-01.xsd#jpcrp_cor_CPA3AuditFirm1NonConsolidatedPriorYear" xlink:label="CPA3AuditFirm1NonConsolidatedPriorYear"/>
    <link:presentationArc xlink:type="arc" xlink:arcrole="http://www.xbrl.org/2003/arcrole/parent-child" xlink:from="AuditFirm1NonConsolidatedPriorYear" xlink:to="CPA3AuditFirm1NonConsolidatedPriorYear" order="3.0"/>
    <link:loc xlink:type="locator" xlink:href="../jpcrp_cor_2023-12-01.xsd#jpcrp_cor_CPA4AuditFirm1NonConsolidatedPriorYear" xlink:label="CPA4AuditFirm1NonConsolidatedPriorYear"/>
    <link:presentationArc xlink:type="arc" xlink:arcrole="http://www.xbrl.org/2003/arcrole/parent-child" xlink:from="AuditFirm1NonConsolidatedPriorYear" xlink:to="CPA4AuditFirm1NonConsolidatedPriorYear" order="4.0"/>
    <link:loc xlink:type="locator" xlink:href="../jpcrp_cor_2023-12-01.xsd#jpcrp_cor_CPA5AuditFirm1NonConsolidatedPriorYear" xlink:label="CPA5AuditFirm1NonConsolidatedPriorYear"/>
    <link:presentationArc xlink:type="arc" xlink:arcrole="http://www.xbrl.org/2003/arcrole/parent-child" xlink:from="AuditFirm1NonConsolidatedPriorYear" xlink:to="CPA5AuditFirm1NonConsolidatedPriorYear" order="5.0"/>
    <link:loc xlink:type="locator" xlink:href="../jpcrp_cor_2023-12-01.xsd#jpcrp_cor_AuditFirm2NonConsolidatedPriorYear" xlink:label="AuditFirm2NonConsolidatedPriorYear"/>
    <link:presentationArc xlink:type="arc" xlink:arcrole="http://www.xbrl.org/2003/arcrole/parent-child" xlink:from="IndependentAuditorsReportNonConsolidatedPriorYearTextBlock" xlink:to="AuditFirm2NonConsolidatedPriorYear" order="2.0"/>
    <link:loc xlink:type="locator" xlink:href="../jpcrp_cor_2023-12-01.xsd#jpcrp_cor_CPA1AuditFirm2NonConsolidatedPriorYear" xlink:label="CPA1AuditFirm2NonConsolidatedPriorYear"/>
    <link:presentationArc xlink:type="arc" xlink:arcrole="http://www.xbrl.org/2003/arcrole/parent-child" xlink:from="AuditFirm2NonConsolidatedPriorYear" xlink:to="CPA1AuditFirm2NonConsolidatedPriorYear" order="1.0"/>
    <link:loc xlink:type="locator" xlink:href="../jpcrp_cor_2023-12-01.xsd#jpcrp_cor_CPA2AuditFirm2NonConsolidatedPriorYear" xlink:label="CPA2AuditFirm2NonConsolidatedPriorYear"/>
    <link:presentationArc xlink:type="arc" xlink:arcrole="http://www.xbrl.org/2003/arcrole/parent-child" xlink:from="AuditFirm2NonConsolidatedPriorYear" xlink:to="CPA2AuditFirm2NonConsolidatedPriorYear" order="2.0"/>
    <link:loc xlink:type="locator" xlink:href="../jpcrp_cor_2023-12-01.xsd#jpcrp_cor_KeyAuditMattersNonConsolidatedPriorYearTextBlock" xlink:label="KeyAuditMattersNonConsolidatedPriorYearTextBlock"/>
    <link:presentationArc xlink:type="arc" xlink:arcrole="http://www.xbrl.org/2003/arcrole/parent-child" xlink:from="IndependentAuditorsReportNonConsolidatedPriorYearTextBlock" xlink:to="KeyAuditMattersNonConsolidatedPriorYearTextBlock" order="3.0"/>
    <link:loc xlink:type="locator" xlink:href="../jpcrp_cor_2023-12-01.xsd#jpcrp_cor_OverviewKAMNonConsolidatedPriorYearTextBlock" xlink:label="OverviewKAMNonConsolidatedPriorYearTextBlock"/>
    <link:presentationArc xlink:type="arc" xlink:arcrole="http://www.xbrl.org/2003/arcrole/parent-child" xlink:from="KeyAuditMattersNonConsolidatedPriorYearTextBlock" xlink:to="OverviewKAMNonConsolidatedPriorYearTextBlock" order="1.0"/>
    <link:loc xlink:type="locator" xlink:href="../jpcrp_cor_2023-12-01.xsd#jpcrp_cor_OtherInformationNonConsolidatedPriorYearTextBlock" xlink:label="OtherInformationNonConsolidatedPriorYearTextBlock"/>
    <link:presentationArc xlink:type="arc" xlink:arcrole="http://www.xbrl.org/2003/arcrole/parent-child" xlink:from="IndependentAuditorsReportNonConsolidatedPriorYearTextBlock" xlink:to="OtherInformationNonConsolidatedPriorYearTextBlock" order="4.0"/>
    <link:loc xlink:type="locator" xlink:href="../jpcrp_cor_2023-12-01.xsd#jpcrp_cor_UncorrectedMaterialMisstatementOtherInformationNonConsolidatedPriorYearTextBlock" xlink:label="UncorrectedMaterialMisstatementOtherInformationNonConsolidatedPriorYearTextBlock"/>
    <link:presentationArc xlink:type="arc" xlink:arcrole="http://www.xbrl.org/2003/arcrole/parent-child" xlink:from="OtherInformationNonConsolidatedPriorYearTextBlock" xlink:to="UncorrectedMaterialMisstatementOtherInformationNonConsolidatedPriorYearTextBlock" order="1.0"/>
    <link:loc xlink:type="locator" xlink:href="../jpcrp_cor_2023-12-01.xsd#jpcrp_cor_FeeRelatedInformationNonConsolidatedPriorYearTextBlock" xlink:label="FeeRelatedInformationNonConsolidatedPriorYearTextBlock"/>
    <link:presentationArc xlink:type="arc" xlink:arcrole="http://www.xbrl.org/2003/arcrole/parent-child" xlink:from="IndependentAuditorsReportNonConsolidatedPriorYearTextBlock" xlink:to="FeeRelatedInformationNonConsolidatedPriorYearTextBlock" order="5.0"/>
  </link:presentationLink>
</link:linkbase>
