<?xml version="1.0" encoding="UTF-8"?>
<!--  (c) Financial Services Agency, The Japanese Government.
      All Rights Reserved.
      For intellectual property policy and authorized uses of EDINET Taxonomy,
      refer to “EDINET Taxonomy Legal Statement” at http://www.fsa.go.jp/search/EDINET_Taxonomy_Legal_Statement.html
-->
<link:linkbase xmlns:link="http://www.xbrl.org/2003/linkbase" xmlns:xsi="http://www.w3.org/2001/XMLSchema-instance" xmlns:xlink="http://www.w3.org/1999/xlink" xmlns:xbrli="http://www.xbrl.org/2003/instance">
  <link:roleRef roleURI="http://disclosure.edinet-fsa.go.jp/role/jpcrp/rol_std_CabinetOfficeOrdinanceOnDisclosureOfCorporateInformationEtcFormNo22SecuritiesRegistrationStatement" xlink:type="simple" xlink:href="../jpcrp_rt_2023-12-01.xsd#rol_std_CabinetOfficeOrdinanceOnDisclosureOfCorporateInformationEtcFormNo22SecuritiesRegistrationStatement"/>
  <link:presentationLink xlink:type="extended" xlink:role="http://disclosure.edinet-fsa.go.jp/role/jpcrp/rol_std_CabinetOfficeOrdinanceOnDisclosureOfCorporateInformationEtcFormNo22SecuritiesRegistrationStatement">
    <link:loc xlink:type="locator" xlink:href="../jpcrp_cor_2023-12-01.xsd#jpcrp_cor_CabinetOfficeOrdinanceOnDisclosureOfCorporateInformationEtcFormNo22SecuritiesRegistrationStatementHeading" xlink:label="CabinetOfficeOrdinanceOnDisclosureOfCorporateInformationEtcFormNo22SecuritiesRegistrationStatementHeading"/>
    <link:loc xlink:type="locator" xlink:href="../jpcrp_cor_2023-12-01.xsd#jpcrp_cor_CoverPageHeading" xlink:label="CoverPageHeading"/>
    <link:presentationArc xlink:type="arc" xlink:arcrole="http://www.xbrl.org/2003/arcrole/parent-child" xlink:from="CabinetOfficeOrdinanceOnDisclosureOfCorporateInformationEtcFormNo22SecuritiesRegistrationStatementHeading" xlink:to="CoverPageHeading" order="1.0"/>
    <link:loc xlink:type="locator" xlink:href="../jpcrp_cor_2023-12-01.xsd#jpcrp_cor_SecurityInformationHeading" xlink:label="SecurityInformationHeading"/>
    <link:presentationArc xlink:type="arc" xlink:arcrole="http://www.xbrl.org/2003/arcrole/parent-child" xlink:from="CabinetOfficeOrdinanceOnDisclosureOfCorporateInformationEtcFormNo22SecuritiesRegistrationStatementHeading" xlink:to="SecurityInformationHeading" order="2.0"/>
    <link:loc xlink:type="locator" xlink:href="../jpcrp_cor_2023-12-01.xsd#jpcrp_cor_ParticularsOfPublicOfferingHeading" xlink:label="ParticularsOfPublicOfferingHeading"/>
    <link:presentationArc xlink:type="arc" xlink:arcrole="http://www.xbrl.org/2003/arcrole/parent-child" xlink:from="SecurityInformationHeading" xlink:to="ParticularsOfPublicOfferingHeading" order="1.0"/>
    <link:loc xlink:type="locator" xlink:href="../jpcrp_cor_2023-12-01.xsd#jpcrp_cor_NewIssuanceOfSharesHeading" xlink:label="NewIssuanceOfSharesHeading"/>
    <link:presentationArc xlink:type="arc" xlink:arcrole="http://www.xbrl.org/2003/arcrole/parent-child" xlink:from="ParticularsOfPublicOfferingHeading" xlink:to="NewIssuanceOfSharesHeading" order="1.0"/>
    <link:loc xlink:type="locator" xlink:href="../jpcrp_cor_2023-12-01.xsd#jpcrp_cor_NewIssuanceOfSharesTextBlock" xlink:label="NewIssuanceOfSharesTextBlock"/>
    <link:presentationArc xlink:type="arc" xlink:arcrole="http://www.xbrl.org/2003/arcrole/parent-child" xlink:from="NewIssuanceOfSharesHeading" xlink:to="NewIssuanceOfSharesTextBlock" order="1.0"/>
    <link:loc xlink:type="locator" xlink:href="../jpcrp_cor_2023-12-01.xsd#jpcrp_cor_MethodAndTermsOfShareOfferingHeading" xlink:label="MethodAndTermsOfShareOfferingHeading"/>
    <link:presentationArc xlink:type="arc" xlink:arcrole="http://www.xbrl.org/2003/arcrole/parent-child" xlink:from="ParticularsOfPublicOfferingHeading" xlink:to="MethodAndTermsOfShareOfferingHeading" order="2.0"/>
    <link:loc xlink:type="locator" xlink:href="../jpcrp_cor_2023-12-01.xsd#jpcrp_cor_MethodAndTermsOfShareOfferingTextBlock" xlink:label="MethodAndTermsOfShareOfferingTextBlock"/>
    <link:presentationArc xlink:type="arc" xlink:arcrole="http://www.xbrl.org/2003/arcrole/parent-child" xlink:from="MethodAndTermsOfShareOfferingHeading" xlink:to="MethodAndTermsOfShareOfferingTextBlock" order="1.0"/>
    <link:loc xlink:type="locator" xlink:href="../jpcrp_cor_2023-12-01.xsd#jpcrp_cor_MethodOfPublicOfferingHeading" xlink:label="MethodOfPublicOfferingHeading"/>
    <link:presentationArc xlink:type="arc" xlink:arcrole="http://www.xbrl.org/2003/arcrole/parent-child" xlink:from="MethodAndTermsOfShareOfferingHeading" xlink:to="MethodOfPublicOfferingHeading" order="2.0"/>
    <link:loc xlink:type="locator" xlink:href="../jpcrp_cor_2023-12-01.xsd#jpcrp_cor_MethodOfPublicOfferingTextBlock" xlink:label="MethodOfPublicOfferingTextBlock"/>
    <link:presentationArc xlink:type="arc" xlink:arcrole="http://www.xbrl.org/2003/arcrole/parent-child" xlink:from="MethodOfPublicOfferingHeading" xlink:to="MethodOfPublicOfferingTextBlock" order="1.0"/>
    <link:loc xlink:type="locator" xlink:href="../jpcrp_cor_2023-12-01.xsd#jpcrp_cor_TermsOfPublicOfferingNewIssuanceOfSharesHeading" xlink:label="TermsOfPublicOfferingNewIssuanceOfSharesHeading"/>
    <link:presentationArc xlink:type="arc" xlink:arcrole="http://www.xbrl.org/2003/arcrole/parent-child" xlink:from="MethodAndTermsOfShareOfferingHeading" xlink:to="TermsOfPublicOfferingNewIssuanceOfSharesHeading" order="3.0"/>
    <link:loc xlink:type="locator" xlink:href="../jpcrp_cor_2023-12-01.xsd#jpcrp_cor_TermsOfPublicOfferingNewIssuanceOfSharesTextBlock" xlink:label="TermsOfPublicOfferingNewIssuanceOfSharesTextBlock"/>
    <link:presentationArc xlink:type="arc" xlink:arcrole="http://www.xbrl.org/2003/arcrole/parent-child" xlink:from="TermsOfPublicOfferingNewIssuanceOfSharesHeading" xlink:to="TermsOfPublicOfferingNewIssuanceOfSharesTextBlock" order="1.0"/>
    <link:loc xlink:type="locator" xlink:href="../jpcrp_cor_2023-12-01.xsd#jpcrp_cor_PlaceForApplicationHeading" xlink:label="PlaceForApplicationHeading"/>
    <link:presentationArc xlink:type="arc" xlink:arcrole="http://www.xbrl.org/2003/arcrole/parent-child" xlink:from="MethodAndTermsOfShareOfferingHeading" xlink:to="PlaceForApplicationHeading" order="4.0"/>
    <link:loc xlink:type="locator" xlink:href="../jpcrp_cor_2023-12-01.xsd#jpcrp_cor_PlaceForApplicationTextBlock" xlink:label="PlaceForApplicationTextBlock"/>
    <link:presentationArc xlink:type="arc" xlink:arcrole="http://www.xbrl.org/2003/arcrole/parent-child" xlink:from="PlaceForApplicationHeading" xlink:to="PlaceForApplicationTextBlock" order="1.0"/>
    <link:loc xlink:type="locator" xlink:href="../jpcrp_cor_2023-12-01.xsd#jpcrp_cor_PlaceForPaymentHeading" xlink:label="PlaceForPaymentHeading"/>
    <link:presentationArc xlink:type="arc" xlink:arcrole="http://www.xbrl.org/2003/arcrole/parent-child" xlink:from="MethodAndTermsOfShareOfferingHeading" xlink:to="PlaceForPaymentHeading" order="5.0"/>
    <link:loc xlink:type="locator" xlink:href="../jpcrp_cor_2023-12-01.xsd#jpcrp_cor_PlaceForPaymentTextBlock" xlink:label="PlaceForPaymentTextBlock"/>
    <link:presentationArc xlink:type="arc" xlink:arcrole="http://www.xbrl.org/2003/arcrole/parent-child" xlink:from="PlaceForPaymentHeading" xlink:to="PlaceForPaymentTextBlock" order="1.0"/>
    <link:loc xlink:type="locator" xlink:href="../jpcrp_cor_2023-12-01.xsd#jpcrp_cor_UnderwritingOfSharesHeading" xlink:label="UnderwritingOfSharesHeading"/>
    <link:presentationArc xlink:type="arc" xlink:arcrole="http://www.xbrl.org/2003/arcrole/parent-child" xlink:from="ParticularsOfPublicOfferingHeading" xlink:to="UnderwritingOfSharesHeading" order="3.0"/>
    <link:loc xlink:type="locator" xlink:href="../jpcrp_cor_2023-12-01.xsd#jpcrp_cor_UnderwritingOfSharesTextBlock" xlink:label="UnderwritingOfSharesTextBlock"/>
    <link:presentationArc xlink:type="arc" xlink:arcrole="http://www.xbrl.org/2003/arcrole/parent-child" xlink:from="UnderwritingOfSharesHeading" xlink:to="UnderwritingOfSharesTextBlock" order="1.0"/>
    <link:loc xlink:type="locator" xlink:href="../jpcrp_cor_2023-12-01.xsd#jpcrp_cor_NewIssuanceOfNewShareSubscriptionRightsHeading" xlink:label="NewIssuanceOfNewShareSubscriptionRightsHeading"/>
    <link:presentationArc xlink:type="arc" xlink:arcrole="http://www.xbrl.org/2003/arcrole/parent-child" xlink:from="ParticularsOfPublicOfferingHeading" xlink:to="NewIssuanceOfNewShareSubscriptionRightsHeading" order="4.0"/>
    <link:loc xlink:type="locator" xlink:href="../jpcrp_cor_2023-12-01.xsd#jpcrp_cor_TermsOfPublicOfferingNewIssuanceOfNewShareSubscriptionRightsHeading" xlink:label="TermsOfPublicOfferingNewIssuanceOfNewShareSubscriptionRightsHeading"/>
    <link:presentationArc xlink:type="arc" xlink:arcrole="http://www.xbrl.org/2003/arcrole/parent-child" xlink:from="NewIssuanceOfNewShareSubscriptionRightsHeading" xlink:to="TermsOfPublicOfferingNewIssuanceOfNewShareSubscriptionRightsHeading" order="1.0"/>
    <link:loc xlink:type="locator" xlink:href="../jpcrp_cor_2023-12-01.xsd#jpcrp_cor_TermsOfPublicOfferingNewIssuanceOfNewShareSubscriptionRightsTextBlock" xlink:label="TermsOfPublicOfferingNewIssuanceOfNewShareSubscriptionRightsTextBlock"/>
    <link:presentationArc xlink:type="arc" xlink:arcrole="http://www.xbrl.org/2003/arcrole/parent-child" xlink:from="TermsOfPublicOfferingNewIssuanceOfNewShareSubscriptionRightsHeading" xlink:to="TermsOfPublicOfferingNewIssuanceOfNewShareSubscriptionRightsTextBlock" order="1.0"/>
    <link:loc xlink:type="locator" xlink:href="../jpcrp_cor_2023-12-01.xsd#jpcrp_cor_ParticularsOfNewShareSubscriptionRightsHeading" xlink:label="ParticularsOfNewShareSubscriptionRightsHeading"/>
    <link:presentationArc xlink:type="arc" xlink:arcrole="http://www.xbrl.org/2003/arcrole/parent-child" xlink:from="NewIssuanceOfNewShareSubscriptionRightsHeading" xlink:to="ParticularsOfNewShareSubscriptionRightsHeading" order="2.0"/>
    <link:loc xlink:type="locator" xlink:href="../jpcrp_cor_2023-12-01.xsd#jpcrp_cor_ParticularsOfNewShareSubscriptionRightsTextBlock" xlink:label="ParticularsOfNewShareSubscriptionRightsTextBlock"/>
    <link:presentationArc xlink:type="arc" xlink:arcrole="http://www.xbrl.org/2003/arcrole/parent-child" xlink:from="ParticularsOfNewShareSubscriptionRightsHeading" xlink:to="ParticularsOfNewShareSubscriptionRightsTextBlock" order="1.0"/>
    <link:loc xlink:type="locator" xlink:href="../jpcrp_cor_2023-12-01.xsd#jpcrp_cor_UnderwritingOfNewShareSubscriptionRightsHeading" xlink:label="UnderwritingOfNewShareSubscriptionRightsHeading"/>
    <link:presentationArc xlink:type="arc" xlink:arcrole="http://www.xbrl.org/2003/arcrole/parent-child" xlink:from="NewIssuanceOfNewShareSubscriptionRightsHeading" xlink:to="UnderwritingOfNewShareSubscriptionRightsHeading" order="3.0"/>
    <link:loc xlink:type="locator" xlink:href="../jpcrp_cor_2023-12-01.xsd#jpcrp_cor_UnderwritingOfNewShareSubscriptionRightsTextBlock" xlink:label="UnderwritingOfNewShareSubscriptionRightsTextBlock"/>
    <link:presentationArc xlink:type="arc" xlink:arcrole="http://www.xbrl.org/2003/arcrole/parent-child" xlink:from="UnderwritingOfNewShareSubscriptionRightsHeading" xlink:to="UnderwritingOfNewShareSubscriptionRightsTextBlock" order="1.0"/>
    <link:loc xlink:type="locator" xlink:href="../jpcrp_cor_2023-12-01.xsd#jpcrp_cor_NewIssuanceOfCorporateBondsOtherThanShortTermBondsHeading" xlink:label="NewIssuanceOfCorporateBondsOtherThanShortTermBondsHeading"/>
    <link:presentationArc xlink:type="arc" xlink:arcrole="http://www.xbrl.org/2003/arcrole/parent-child" xlink:from="ParticularsOfPublicOfferingHeading" xlink:to="NewIssuanceOfCorporateBondsOtherThanShortTermBondsHeading" order="5.0"/>
    <link:loc xlink:type="locator" xlink:href="../jpcrp_cor_2023-12-01.xsd#jpcrp_cor_NewIssuanceOfCorporateBondsOtherThanShortTermBondsTextBlock" xlink:label="NewIssuanceOfCorporateBondsOtherThanShortTermBondsTextBlock"/>
    <link:presentationArc xlink:type="arc" xlink:arcrole="http://www.xbrl.org/2003/arcrole/parent-child" xlink:from="NewIssuanceOfCorporateBondsOtherThanShortTermBondsHeading" xlink:to="NewIssuanceOfCorporateBondsOtherThanShortTermBondsTextBlock" order="1.0"/>
    <link:loc xlink:type="locator" xlink:href="../jpcrp_cor_2023-12-01.xsd#jpcrp_cor_UnderwritingOfBondsAndAppointmentOfBondAdministratorHeading" xlink:label="UnderwritingOfBondsAndAppointmentOfBondAdministratorHeading"/>
    <link:presentationArc xlink:type="arc" xlink:arcrole="http://www.xbrl.org/2003/arcrole/parent-child" xlink:from="ParticularsOfPublicOfferingHeading" xlink:to="UnderwritingOfBondsAndAppointmentOfBondAdministratorHeading" order="6.0"/>
    <link:loc xlink:type="locator" xlink:href="../jpcrp_cor_2023-12-01.xsd#jpcrp_cor_UnderwritingOfBondsHeading" xlink:label="UnderwritingOfBondsHeading"/>
    <link:presentationArc xlink:type="arc" xlink:arcrole="http://www.xbrl.org/2003/arcrole/parent-child" xlink:from="UnderwritingOfBondsAndAppointmentOfBondAdministratorHeading" xlink:to="UnderwritingOfBondsHeading" order="1.0"/>
    <link:loc xlink:type="locator" xlink:href="../jpcrp_cor_2023-12-01.xsd#jpcrp_cor_UnderwritingOfBondsTextBlock" xlink:label="UnderwritingOfBondsTextBlock"/>
    <link:presentationArc xlink:type="arc" xlink:arcrole="http://www.xbrl.org/2003/arcrole/parent-child" xlink:from="UnderwritingOfBondsHeading" xlink:to="UnderwritingOfBondsTextBlock" order="1.0"/>
    <link:loc xlink:type="locator" xlink:href="../jpcrp_cor_2023-12-01.xsd#jpcrp_cor_AppointmentOfBondAdministratorHeading" xlink:label="AppointmentOfBondAdministratorHeading"/>
    <link:presentationArc xlink:type="arc" xlink:arcrole="http://www.xbrl.org/2003/arcrole/parent-child" xlink:from="UnderwritingOfBondsAndAppointmentOfBondAdministratorHeading" xlink:to="AppointmentOfBondAdministratorHeading" order="2.0"/>
    <link:loc xlink:type="locator" xlink:href="../jpcrp_cor_2023-12-01.xsd#jpcrp_cor_AppointmentOfBondAdministratorTextBlock" xlink:label="AppointmentOfBondAdministratorTextBlock"/>
    <link:presentationArc xlink:type="arc" xlink:arcrole="http://www.xbrl.org/2003/arcrole/parent-child" xlink:from="AppointmentOfBondAdministratorHeading" xlink:to="AppointmentOfBondAdministratorTextBlock" order="1.0"/>
    <link:loc xlink:type="locator" xlink:href="../jpcrp_cor_2023-12-01.xsd#jpcrp_cor_NewIssuanceOfCommercialPapersAndShortTermCorporateBondsHeading" xlink:label="NewIssuanceOfCommercialPapersAndShortTermCorporateBondsHeading"/>
    <link:presentationArc xlink:type="arc" xlink:arcrole="http://www.xbrl.org/2003/arcrole/parent-child" xlink:from="ParticularsOfPublicOfferingHeading" xlink:to="NewIssuanceOfCommercialPapersAndShortTermCorporateBondsHeading" order="7.0"/>
    <link:loc xlink:type="locator" xlink:href="../jpcrp_cor_2023-12-01.xsd#jpcrp_cor_NewIssuanceOfCommercialPapersAndShortTermCorporateBondsTextBlock" xlink:label="NewIssuanceOfCommercialPapersAndShortTermCorporateBondsTextBlock"/>
    <link:presentationArc xlink:type="arc" xlink:arcrole="http://www.xbrl.org/2003/arcrole/parent-child" xlink:from="NewIssuanceOfCommercialPapersAndShortTermCorporateBondsHeading" xlink:to="NewIssuanceOfCommercialPapersAndShortTermCorporateBondsTextBlock" order="1.0"/>
    <link:loc xlink:type="locator" xlink:href="../jpcrp_cor_2023-12-01.xsd#jpcrp_cor_NewIssuanceOfCoveredWarrantsHeading" xlink:label="NewIssuanceOfCoveredWarrantsHeading"/>
    <link:presentationArc xlink:type="arc" xlink:arcrole="http://www.xbrl.org/2003/arcrole/parent-child" xlink:from="ParticularsOfPublicOfferingHeading" xlink:to="NewIssuanceOfCoveredWarrantsHeading" order="8.0"/>
    <link:loc xlink:type="locator" xlink:href="../jpcrp_cor_2023-12-01.xsd#jpcrp_cor_NewIssuanceOfCoveredWarrantsTextBlock" xlink:label="NewIssuanceOfCoveredWarrantsTextBlock"/>
    <link:presentationArc xlink:type="arc" xlink:arcrole="http://www.xbrl.org/2003/arcrole/parent-child" xlink:from="NewIssuanceOfCoveredWarrantsHeading" xlink:to="NewIssuanceOfCoveredWarrantsTextBlock" order="1.0"/>
    <link:loc xlink:type="locator" xlink:href="../jpcrp_cor_2023-12-01.xsd#jpcrp_cor_NewIssuanceOfDepositaryReceiptsAndBeneficiaryCertificatesOfSecuritiesInTrustHeading" xlink:label="NewIssuanceOfDepositaryReceiptsAndBeneficiaryCertificatesOfSecuritiesInTrustHeading"/>
    <link:presentationArc xlink:type="arc" xlink:arcrole="http://www.xbrl.org/2003/arcrole/parent-child" xlink:from="ParticularsOfPublicOfferingHeading" xlink:to="NewIssuanceOfDepositaryReceiptsAndBeneficiaryCertificatesOfSecuritiesInTrustHeading" order="9.0"/>
    <link:loc xlink:type="locator" xlink:href="../jpcrp_cor_2023-12-01.xsd#jpcrp_cor_NewIssuanceOfDepositaryReceiptsAndBeneficiaryCertificatesOfSecuritiesInTrustTextBlock" xlink:label="NewIssuanceOfDepositaryReceiptsAndBeneficiaryCertificatesOfSecuritiesInTrustTextBlock"/>
    <link:presentationArc xlink:type="arc" xlink:arcrole="http://www.xbrl.org/2003/arcrole/parent-child" xlink:from="NewIssuanceOfDepositaryReceiptsAndBeneficiaryCertificatesOfSecuritiesInTrustHeading" xlink:to="NewIssuanceOfDepositaryReceiptsAndBeneficiaryCertificatesOfSecuritiesInTrustTextBlock" order="1.0"/>
    <link:loc xlink:type="locator" xlink:href="../jpcrp_cor_2023-12-01.xsd#jpcrp_cor_UseOfNetProceedsFromNewIssuanceHeading" xlink:label="UseOfNetProceedsFromNewIssuanceHeading"/>
    <link:presentationArc xlink:type="arc" xlink:arcrole="http://www.xbrl.org/2003/arcrole/parent-child" xlink:from="ParticularsOfPublicOfferingHeading" xlink:to="UseOfNetProceedsFromNewIssuanceHeading" order="10.0"/>
    <link:loc xlink:type="locator" xlink:href="../jpcrp_cor_2023-12-01.xsd#jpcrp_cor_AmountOfNetProceedsFromNewIssuanceHeading" xlink:label="AmountOfNetProceedsFromNewIssuanceHeading"/>
    <link:presentationArc xlink:type="arc" xlink:arcrole="http://www.xbrl.org/2003/arcrole/parent-child" xlink:from="UseOfNetProceedsFromNewIssuanceHeading" xlink:to="AmountOfNetProceedsFromNewIssuanceHeading" order="1.0"/>
    <link:loc xlink:type="locator" xlink:href="../jpcrp_cor_2023-12-01.xsd#jpcrp_cor_AmountOfNetProceedsFromNewIssuanceTextBlock" xlink:label="AmountOfNetProceedsFromNewIssuanceTextBlock"/>
    <link:presentationArc xlink:type="arc" xlink:arcrole="http://www.xbrl.org/2003/arcrole/parent-child" xlink:from="AmountOfNetProceedsFromNewIssuanceHeading" xlink:to="AmountOfNetProceedsFromNewIssuanceTextBlock" order="1.0"/>
    <link:loc xlink:type="locator" xlink:href="../jpcrp_cor_2023-12-01.xsd#jpcrp_cor_UseOfNetProceedsHeading" xlink:label="UseOfNetProceedsHeading"/>
    <link:presentationArc xlink:type="arc" xlink:arcrole="http://www.xbrl.org/2003/arcrole/parent-child" xlink:from="UseOfNetProceedsFromNewIssuanceHeading" xlink:to="UseOfNetProceedsHeading" order="2.0"/>
    <link:loc xlink:type="locator" xlink:href="../jpcrp_cor_2023-12-01.xsd#jpcrp_cor_UseOfNetProceedsTextBlock" xlink:label="UseOfNetProceedsTextBlock"/>
    <link:presentationArc xlink:type="arc" xlink:arcrole="http://www.xbrl.org/2003/arcrole/parent-child" xlink:from="UseOfNetProceedsHeading" xlink:to="UseOfNetProceedsTextBlock" order="1.0"/>
    <link:loc xlink:type="locator" xlink:href="../jpcrp_cor_2023-12-01.xsd#jpcrp_cor_ParticularsOfSecondaryDistributionHeading" xlink:label="ParticularsOfSecondaryDistributionHeading"/>
    <link:presentationArc xlink:type="arc" xlink:arcrole="http://www.xbrl.org/2003/arcrole/parent-child" xlink:from="SecurityInformationHeading" xlink:to="ParticularsOfSecondaryDistributionHeading" order="2.0"/>
    <link:loc xlink:type="locator" xlink:href="../jpcrp_cor_2023-12-01.xsd#jpcrp_cor_ParticularsOfSecondaryDistributionTextBlock" xlink:label="ParticularsOfSecondaryDistributionTextBlock"/>
    <link:presentationArc xlink:type="arc" xlink:arcrole="http://www.xbrl.org/2003/arcrole/parent-child" xlink:from="ParticularsOfSecondaryDistributionHeading" xlink:to="ParticularsOfSecondaryDistributionTextBlock" order="1.0"/>
    <link:loc xlink:type="locator" xlink:href="../jpcrp_cor_2023-12-01.xsd#jpcrp_cor_SecondaryDistributionOfSecuritiesHeading" xlink:label="SecondaryDistributionOfSecuritiesHeading"/>
    <link:presentationArc xlink:type="arc" xlink:arcrole="http://www.xbrl.org/2003/arcrole/parent-child" xlink:from="ParticularsOfSecondaryDistributionHeading" xlink:to="SecondaryDistributionOfSecuritiesHeading" order="2.0"/>
    <link:loc xlink:type="locator" xlink:href="../jpcrp_cor_2023-12-01.xsd#jpcrp_cor_SecondaryDistributionOfSharesHeading" xlink:label="SecondaryDistributionOfSharesHeading"/>
    <link:presentationArc xlink:type="arc" xlink:arcrole="http://www.xbrl.org/2003/arcrole/parent-child" xlink:from="SecondaryDistributionOfSecuritiesHeading" xlink:to="SecondaryDistributionOfSharesHeading" order="1.0"/>
    <link:loc xlink:type="locator" xlink:href="../jpcrp_cor_2023-12-01.xsd#jpcrp_cor_SecondaryDistributionOfSharesTextBlock" xlink:label="SecondaryDistributionOfSharesTextBlock"/>
    <link:presentationArc xlink:type="arc" xlink:arcrole="http://www.xbrl.org/2003/arcrole/parent-child" xlink:from="SecondaryDistributionOfSharesHeading" xlink:to="SecondaryDistributionOfSharesTextBlock" order="1.0"/>
    <link:loc xlink:type="locator" xlink:href="../jpcrp_cor_2023-12-01.xsd#jpcrp_cor_SecondaryDistributionOfNewShareSubscriptionRightsHeading" xlink:label="SecondaryDistributionOfNewShareSubscriptionRightsHeading"/>
    <link:presentationArc xlink:type="arc" xlink:arcrole="http://www.xbrl.org/2003/arcrole/parent-child" xlink:from="SecondaryDistributionOfSecuritiesHeading" xlink:to="SecondaryDistributionOfNewShareSubscriptionRightsHeading" order="2.0"/>
    <link:loc xlink:type="locator" xlink:href="../jpcrp_cor_2023-12-01.xsd#jpcrp_cor_SecondaryDistributionOfNewShareSubscriptionRightsTextBlock" xlink:label="SecondaryDistributionOfNewShareSubscriptionRightsTextBlock"/>
    <link:presentationArc xlink:type="arc" xlink:arcrole="http://www.xbrl.org/2003/arcrole/parent-child" xlink:from="SecondaryDistributionOfNewShareSubscriptionRightsHeading" xlink:to="SecondaryDistributionOfNewShareSubscriptionRightsTextBlock" order="1.0"/>
    <link:loc xlink:type="locator" xlink:href="../jpcrp_cor_2023-12-01.xsd#jpcrp_cor_SecondaryDistributionOfCorporateBondsOtherThanShortTermBondsHeading" xlink:label="SecondaryDistributionOfCorporateBondsOtherThanShortTermBondsHeading"/>
    <link:presentationArc xlink:type="arc" xlink:arcrole="http://www.xbrl.org/2003/arcrole/parent-child" xlink:from="SecondaryDistributionOfSecuritiesHeading" xlink:to="SecondaryDistributionOfCorporateBondsOtherThanShortTermBondsHeading" order="3.0"/>
    <link:loc xlink:type="locator" xlink:href="../jpcrp_cor_2023-12-01.xsd#jpcrp_cor_SecondaryDistributionOfCorporateBondsOtherThanShortTermBondsTextBlock" xlink:label="SecondaryDistributionOfCorporateBondsOtherThanShortTermBondsTextBlock"/>
    <link:presentationArc xlink:type="arc" xlink:arcrole="http://www.xbrl.org/2003/arcrole/parent-child" xlink:from="SecondaryDistributionOfCorporateBondsOtherThanShortTermBondsHeading" xlink:to="SecondaryDistributionOfCorporateBondsOtherThanShortTermBondsTextBlock" order="1.0"/>
    <link:loc xlink:type="locator" xlink:href="../jpcrp_cor_2023-12-01.xsd#jpcrp_cor_SecondaryDistributionOfCommercialPapersAndShortTermCorporateBondsHeading" xlink:label="SecondaryDistributionOfCommercialPapersAndShortTermCorporateBondsHeading"/>
    <link:presentationArc xlink:type="arc" xlink:arcrole="http://www.xbrl.org/2003/arcrole/parent-child" xlink:from="SecondaryDistributionOfSecuritiesHeading" xlink:to="SecondaryDistributionOfCommercialPapersAndShortTermCorporateBondsHeading" order="4.0"/>
    <link:loc xlink:type="locator" xlink:href="../jpcrp_cor_2023-12-01.xsd#jpcrp_cor_SecondaryDistributionOfCommercialPapersAndShortTermCorporateBondsTextBlock" xlink:label="SecondaryDistributionOfCommercialPapersAndShortTermCorporateBondsTextBlock"/>
    <link:presentationArc xlink:type="arc" xlink:arcrole="http://www.xbrl.org/2003/arcrole/parent-child" xlink:from="SecondaryDistributionOfCommercialPapersAndShortTermCorporateBondsHeading" xlink:to="SecondaryDistributionOfCommercialPapersAndShortTermCorporateBondsTextBlock" order="1.0"/>
    <link:loc xlink:type="locator" xlink:href="../jpcrp_cor_2023-12-01.xsd#jpcrp_cor_SecondaryDistributionOfCoveredWarrantsHeading" xlink:label="SecondaryDistributionOfCoveredWarrantsHeading"/>
    <link:presentationArc xlink:type="arc" xlink:arcrole="http://www.xbrl.org/2003/arcrole/parent-child" xlink:from="SecondaryDistributionOfSecuritiesHeading" xlink:to="SecondaryDistributionOfCoveredWarrantsHeading" order="5.0"/>
    <link:loc xlink:type="locator" xlink:href="../jpcrp_cor_2023-12-01.xsd#jpcrp_cor_SecondaryDistributionOfCoveredWarrantsTextBlock" xlink:label="SecondaryDistributionOfCoveredWarrantsTextBlock"/>
    <link:presentationArc xlink:type="arc" xlink:arcrole="http://www.xbrl.org/2003/arcrole/parent-child" xlink:from="SecondaryDistributionOfCoveredWarrantsHeading" xlink:to="SecondaryDistributionOfCoveredWarrantsTextBlock" order="1.0"/>
    <link:loc xlink:type="locator" xlink:href="../jpcrp_cor_2023-12-01.xsd#jpcrp_cor_SecondaryDistributionOfDepositaryReceiptsAndBeneficiaryCertificatesOfSecuritiesInTrustHeading" xlink:label="SecondaryDistributionOfDepositaryReceiptsAndBeneficiaryCertificatesOfSecuritiesInTrustHeading"/>
    <link:presentationArc xlink:type="arc" xlink:arcrole="http://www.xbrl.org/2003/arcrole/parent-child" xlink:from="SecondaryDistributionOfSecuritiesHeading" xlink:to="SecondaryDistributionOfDepositaryReceiptsAndBeneficiaryCertificatesOfSecuritiesInTrustHeading" order="6.0"/>
    <link:loc xlink:type="locator" xlink:href="../jpcrp_cor_2023-12-01.xsd#jpcrp_cor_SecondaryDistributionOfDepositaryReceiptsAndBeneficiaryCertificatesOfSecuritiesInTrustTextBlock" xlink:label="SecondaryDistributionOfDepositaryReceiptsAndBeneficiaryCertificatesOfSecuritiesInTrustTextBlock"/>
    <link:presentationArc xlink:type="arc" xlink:arcrole="http://www.xbrl.org/2003/arcrole/parent-child" xlink:from="SecondaryDistributionOfDepositaryReceiptsAndBeneficiaryCertificatesOfSecuritiesInTrustHeading" xlink:to="SecondaryDistributionOfDepositaryReceiptsAndBeneficiaryCertificatesOfSecuritiesInTrustTextBlock" order="1.0"/>
    <link:loc xlink:type="locator" xlink:href="../jpcrp_cor_2023-12-01.xsd#jpcrp_cor_TermsOfSecondaryDistributionHeading" xlink:label="TermsOfSecondaryDistributionHeading"/>
    <link:presentationArc xlink:type="arc" xlink:arcrole="http://www.xbrl.org/2003/arcrole/parent-child" xlink:from="ParticularsOfSecondaryDistributionHeading" xlink:to="TermsOfSecondaryDistributionHeading" order="3.0"/>
    <link:loc xlink:type="locator" xlink:href="../jpcrp_cor_2023-12-01.xsd#jpcrp_cor_TermsOfSecondaryDistributionTextBlock" xlink:label="TermsOfSecondaryDistributionTextBlock"/>
    <link:presentationArc xlink:type="arc" xlink:arcrole="http://www.xbrl.org/2003/arcrole/parent-child" xlink:from="TermsOfSecondaryDistributionHeading" xlink:to="TermsOfSecondaryDistributionTextBlock" order="1.0"/>
    <link:loc xlink:type="locator" xlink:href="../jpcrp_cor_2023-12-01.xsd#jpcrp_cor_SpecialDisclosureAboutPublicOfferingOrSecondaryDistributionHeading" xlink:label="SpecialDisclosureAboutPublicOfferingOrSecondaryDistributionHeading"/>
    <link:presentationArc xlink:type="arc" xlink:arcrole="http://www.xbrl.org/2003/arcrole/parent-child" xlink:from="SecurityInformationHeading" xlink:to="SpecialDisclosureAboutPublicOfferingOrSecondaryDistributionHeading" order="3.0"/>
    <link:loc xlink:type="locator" xlink:href="../jpcrp_cor_2023-12-01.xsd#jpcrp_cor_SpecialDisclosureAboutPublicOfferingOrSecondaryDistributionTextBlock" xlink:label="SpecialDisclosureAboutPublicOfferingOrSecondaryDistributionTextBlock"/>
    <link:presentationArc xlink:type="arc" xlink:arcrole="http://www.xbrl.org/2003/arcrole/parent-child" xlink:from="SpecialDisclosureAboutPublicOfferingOrSecondaryDistributionHeading" xlink:to="SpecialDisclosureAboutPublicOfferingOrSecondaryDistributionTextBlock" order="1.0"/>
    <link:loc xlink:type="locator" xlink:href="../jpcrp_cor_2023-12-01.xsd#jpcrp_cor_InformationSpecificToThirdPartyAllotmentHeading" xlink:label="InformationSpecificToThirdPartyAllotmentHeading"/>
    <link:presentationArc xlink:type="arc" xlink:arcrole="http://www.xbrl.org/2003/arcrole/parent-child" xlink:from="SecurityInformationHeading" xlink:to="InformationSpecificToThirdPartyAllotmentHeading" order="4.0"/>
    <link:loc xlink:type="locator" xlink:href="../jpcrp_cor_2023-12-01.xsd#jpcrp_cor_InformationSpecificToThirdPartyAllotmentTextBlock" xlink:label="InformationSpecificToThirdPartyAllotmentTextBlock"/>
    <link:presentationArc xlink:type="arc" xlink:arcrole="http://www.xbrl.org/2003/arcrole/parent-child" xlink:from="InformationSpecificToThirdPartyAllotmentHeading" xlink:to="InformationSpecificToThirdPartyAllotmentTextBlock" order="1.0"/>
    <link:loc xlink:type="locator" xlink:href="../jpcrp_cor_2023-12-01.xsd#jpcrp_cor_InformationAboutPartiesToBeAllottedToHeading" xlink:label="InformationAboutPartiesToBeAllottedToHeading"/>
    <link:presentationArc xlink:type="arc" xlink:arcrole="http://www.xbrl.org/2003/arcrole/parent-child" xlink:from="InformationSpecificToThirdPartyAllotmentHeading" xlink:to="InformationAboutPartiesToBeAllottedToHeading" order="2.0"/>
    <link:loc xlink:type="locator" xlink:href="../jpcrp_cor_2023-12-01.xsd#jpcrp_cor_InformationAboutPartiesToBeAllottedToTextBlock" xlink:label="InformationAboutPartiesToBeAllottedToTextBlock"/>
    <link:presentationArc xlink:type="arc" xlink:arcrole="http://www.xbrl.org/2003/arcrole/parent-child" xlink:from="InformationAboutPartiesToBeAllottedToHeading" xlink:to="InformationAboutPartiesToBeAllottedToTextBlock" order="1.0"/>
    <link:loc xlink:type="locator" xlink:href="../jpcrp_cor_2023-12-01.xsd#jpcrp_cor_RestrictionOnTransferOfSharesEtcHeading" xlink:label="RestrictionOnTransferOfSharesEtcHeading"/>
    <link:presentationArc xlink:type="arc" xlink:arcrole="http://www.xbrl.org/2003/arcrole/parent-child" xlink:from="InformationSpecificToThirdPartyAllotmentHeading" xlink:to="RestrictionOnTransferOfSharesEtcHeading" order="3.0"/>
    <link:loc xlink:type="locator" xlink:href="../jpcrp_cor_2023-12-01.xsd#jpcrp_cor_RestrictionOnTransferOfSharesEtcTextBlock" xlink:label="RestrictionOnTransferOfSharesEtcTextBlock"/>
    <link:presentationArc xlink:type="arc" xlink:arcrole="http://www.xbrl.org/2003/arcrole/parent-child" xlink:from="RestrictionOnTransferOfSharesEtcHeading" xlink:to="RestrictionOnTransferOfSharesEtcTextBlock" order="1.0"/>
    <link:loc xlink:type="locator" xlink:href="../jpcrp_cor_2023-12-01.xsd#jpcrp_cor_InformationAboutTermsOfIssuanceHeading" xlink:label="InformationAboutTermsOfIssuanceHeading"/>
    <link:presentationArc xlink:type="arc" xlink:arcrole="http://www.xbrl.org/2003/arcrole/parent-child" xlink:from="InformationSpecificToThirdPartyAllotmentHeading" xlink:to="InformationAboutTermsOfIssuanceHeading" order="4.0"/>
    <link:loc xlink:type="locator" xlink:href="../jpcrp_cor_2023-12-01.xsd#jpcrp_cor_InformationAboutTermsOfIssuanceTextBlock" xlink:label="InformationAboutTermsOfIssuanceTextBlock"/>
    <link:presentationArc xlink:type="arc" xlink:arcrole="http://www.xbrl.org/2003/arcrole/parent-child" xlink:from="InformationAboutTermsOfIssuanceHeading" xlink:to="InformationAboutTermsOfIssuanceTextBlock" order="1.0"/>
    <link:loc xlink:type="locator" xlink:href="../jpcrp_cor_2023-12-01.xsd#jpcrp_cor_InformationAboutLargeVolumeThirdPartyAllotmentHeading" xlink:label="InformationAboutLargeVolumeThirdPartyAllotmentHeading"/>
    <link:presentationArc xlink:type="arc" xlink:arcrole="http://www.xbrl.org/2003/arcrole/parent-child" xlink:from="InformationSpecificToThirdPartyAllotmentHeading" xlink:to="InformationAboutLargeVolumeThirdPartyAllotmentHeading" order="5.0"/>
    <link:loc xlink:type="locator" xlink:href="../jpcrp_cor_2023-12-01.xsd#jpcrp_cor_InformationAboutLargeVolumeThirdPartyAllotmentTextBlock" xlink:label="InformationAboutLargeVolumeThirdPartyAllotmentTextBlock"/>
    <link:presentationArc xlink:type="arc" xlink:arcrole="http://www.xbrl.org/2003/arcrole/parent-child" xlink:from="InformationAboutLargeVolumeThirdPartyAllotmentHeading" xlink:to="InformationAboutLargeVolumeThirdPartyAllotmentTextBlock" order="1.0"/>
    <link:loc xlink:type="locator" xlink:href="../jpcrp_cor_2023-12-01.xsd#jpcrp_cor_MajorShareholdersAfterThirdPartyAllotmentHeading" xlink:label="MajorShareholdersAfterThirdPartyAllotmentHeading"/>
    <link:presentationArc xlink:type="arc" xlink:arcrole="http://www.xbrl.org/2003/arcrole/parent-child" xlink:from="InformationSpecificToThirdPartyAllotmentHeading" xlink:to="MajorShareholdersAfterThirdPartyAllotmentHeading" order="6.0"/>
    <link:loc xlink:type="locator" xlink:href="../jpcrp_cor_2023-12-01.xsd#jpcrp_cor_MajorShareholdersAfterThirdPartyAllotmentTextBlock" xlink:label="MajorShareholdersAfterThirdPartyAllotmentTextBlock"/>
    <link:presentationArc xlink:type="arc" xlink:arcrole="http://www.xbrl.org/2003/arcrole/parent-child" xlink:from="MajorShareholdersAfterThirdPartyAllotmentHeading" xlink:to="MajorShareholdersAfterThirdPartyAllotmentTextBlock" order="1.0"/>
    <link:loc xlink:type="locator" xlink:href="../jpcrp_cor_2023-12-01.xsd#jpcrp_cor_NecessityOfLargeVolumeThirdPartyAllotmentHeading" xlink:label="NecessityOfLargeVolumeThirdPartyAllotmentHeading"/>
    <link:presentationArc xlink:type="arc" xlink:arcrole="http://www.xbrl.org/2003/arcrole/parent-child" xlink:from="InformationSpecificToThirdPartyAllotmentHeading" xlink:to="NecessityOfLargeVolumeThirdPartyAllotmentHeading" order="7.0"/>
    <link:loc xlink:type="locator" xlink:href="../jpcrp_cor_2023-12-01.xsd#jpcrp_cor_NecessityOfLargeVolumeThirdPartyAllotmentTextBlock" xlink:label="NecessityOfLargeVolumeThirdPartyAllotmentTextBlock"/>
    <link:presentationArc xlink:type="arc" xlink:arcrole="http://www.xbrl.org/2003/arcrole/parent-child" xlink:from="NecessityOfLargeVolumeThirdPartyAllotmentHeading" xlink:to="NecessityOfLargeVolumeThirdPartyAllotmentTextBlock" order="1.0"/>
    <link:loc xlink:type="locator" xlink:href="../jpcrp_cor_2023-12-01.xsd#jpcrp_cor_ParticularsOfReverseSplitEtcIfApplicableHeading" xlink:label="ParticularsOfReverseSplitEtcIfApplicableHeading"/>
    <link:presentationArc xlink:type="arc" xlink:arcrole="http://www.xbrl.org/2003/arcrole/parent-child" xlink:from="InformationSpecificToThirdPartyAllotmentHeading" xlink:to="ParticularsOfReverseSplitEtcIfApplicableHeading" order="8.0"/>
    <link:loc xlink:type="locator" xlink:href="../jpcrp_cor_2023-12-01.xsd#jpcrp_cor_ParticularsOfReverseSplitEtcIfApplicableTextBlock" xlink:label="ParticularsOfReverseSplitEtcIfApplicableTextBlock"/>
    <link:presentationArc xlink:type="arc" xlink:arcrole="http://www.xbrl.org/2003/arcrole/parent-child" xlink:from="ParticularsOfReverseSplitEtcIfApplicableHeading" xlink:to="ParticularsOfReverseSplitEtcIfApplicableTextBlock" order="1.0"/>
    <link:loc xlink:type="locator" xlink:href="../jpcrp_cor_2023-12-01.xsd#jpcrp_cor_OtherRelevantInformationHeading" xlink:label="OtherRelevantInformationHeading"/>
    <link:presentationArc xlink:type="arc" xlink:arcrole="http://www.xbrl.org/2003/arcrole/parent-child" xlink:from="InformationSpecificToThirdPartyAllotmentHeading" xlink:to="OtherRelevantInformationHeading" order="9.0"/>
    <link:loc xlink:type="locator" xlink:href="../jpcrp_cor_2023-12-01.xsd#jpcrp_cor_OtherRelevantInformationTextBlock" xlink:label="OtherRelevantInformationTextBlock"/>
    <link:presentationArc xlink:type="arc" xlink:arcrole="http://www.xbrl.org/2003/arcrole/parent-child" xlink:from="OtherRelevantInformationHeading" xlink:to="OtherRelevantInformationTextBlock" order="1.0"/>
    <link:loc xlink:type="locator" xlink:href="../jpcrp_cor_2023-12-01.xsd#jpcrp_cor_OtherInformationSecurityInformationHeading" xlink:label="OtherInformationSecurityInformationHeading"/>
    <link:presentationArc xlink:type="arc" xlink:arcrole="http://www.xbrl.org/2003/arcrole/parent-child" xlink:from="SecurityInformationHeading" xlink:to="OtherInformationSecurityInformationHeading" order="5.0"/>
    <link:loc xlink:type="locator" xlink:href="../jpcrp_cor_2023-12-01.xsd#jpcrp_cor_OtherInformationSecurityInformationTextBlock" xlink:label="OtherInformationSecurityInformationTextBlock"/>
    <link:presentationArc xlink:type="arc" xlink:arcrole="http://www.xbrl.org/2003/arcrole/parent-child" xlink:from="OtherInformationSecurityInformationHeading" xlink:to="OtherInformationSecurityInformationTextBlock" order="1.0"/>
    <link:loc xlink:type="locator" xlink:href="../jpcrp_cor_2023-12-01.xsd#jpcrp_cor_InformationAboutTenderOfferOrShareSwapHeading" xlink:label="InformationAboutTenderOfferOrShareSwapHeading"/>
    <link:presentationArc xlink:type="arc" xlink:arcrole="http://www.xbrl.org/2003/arcrole/parent-child" xlink:from="CabinetOfficeOrdinanceOnDisclosureOfCorporateInformationEtcFormNo22SecuritiesRegistrationStatementHeading" xlink:to="InformationAboutTenderOfferOrShareSwapHeading" order="3.0"/>
    <link:loc xlink:type="locator" xlink:href="../jpcrp_cor_2023-12-01.xsd#jpcrp_cor_InformationAboutTenderOfferOrShareSwapTextBlock" xlink:label="InformationAboutTenderOfferOrShareSwapTextBlock"/>
    <link:presentationArc xlink:type="arc" xlink:arcrole="http://www.xbrl.org/2003/arcrole/parent-child" xlink:from="InformationAboutTenderOfferOrShareSwapHeading" xlink:to="InformationAboutTenderOfferOrShareSwapTextBlock" order="1.0"/>
    <link:loc xlink:type="locator" xlink:href="../jpcrp_cor_2023-12-01.xsd#jpcrp_cor_OverviewOfTenderOfferOrShareSwapHeading" xlink:label="OverviewOfTenderOfferOrShareSwapHeading"/>
    <link:presentationArc xlink:type="arc" xlink:arcrole="http://www.xbrl.org/2003/arcrole/parent-child" xlink:from="InformationAboutTenderOfferOrShareSwapHeading" xlink:to="OverviewOfTenderOfferOrShareSwapHeading" order="2.0"/>
    <link:loc xlink:type="locator" xlink:href="../jpcrp_cor_2023-12-01.xsd#jpcrp_cor_OverviewOfTenderOfferOrShareSwapTextBlock" xlink:label="OverviewOfTenderOfferOrShareSwapTextBlock"/>
    <link:presentationArc xlink:type="arc" xlink:arcrole="http://www.xbrl.org/2003/arcrole/parent-child" xlink:from="OverviewOfTenderOfferOrShareSwapHeading" xlink:to="OverviewOfTenderOfferOrShareSwapTextBlock" order="1.0"/>
    <link:loc xlink:type="locator" xlink:href="../jpcrp_cor_2023-12-01.xsd#jpcrp_cor_PurposeAndReasonForTenderOfferOrShareSwapHeading" xlink:label="PurposeAndReasonForTenderOfferOrShareSwapHeading"/>
    <link:presentationArc xlink:type="arc" xlink:arcrole="http://www.xbrl.org/2003/arcrole/parent-child" xlink:from="OverviewOfTenderOfferOrShareSwapHeading" xlink:to="PurposeAndReasonForTenderOfferOrShareSwapHeading" order="2.0"/>
    <link:loc xlink:type="locator" xlink:href="../jpcrp_cor_2023-12-01.xsd#jpcrp_cor_PurposeAndReasonForTenderOfferOrShareSwapTextBlock" xlink:label="PurposeAndReasonForTenderOfferOrShareSwapTextBlock"/>
    <link:presentationArc xlink:type="arc" xlink:arcrole="http://www.xbrl.org/2003/arcrole/parent-child" xlink:from="PurposeAndReasonForTenderOfferOrShareSwapHeading" xlink:to="PurposeAndReasonForTenderOfferOrShareSwapTextBlock" order="1.0"/>
    <link:loc xlink:type="locator" xlink:href="../jpcrp_cor_2023-12-01.xsd#jpcrp_cor_OverviewOfCompanyCarryingOutTenderOfferOrShareSwapHeading" xlink:label="OverviewOfCompanyCarryingOutTenderOfferOrShareSwapHeading"/>
    <link:presentationArc xlink:type="arc" xlink:arcrole="http://www.xbrl.org/2003/arcrole/parent-child" xlink:from="OverviewOfTenderOfferOrShareSwapHeading" xlink:to="OverviewOfCompanyCarryingOutTenderOfferOrShareSwapHeading" order="3.0"/>
    <link:loc xlink:type="locator" xlink:href="../jpcrp_cor_2023-12-01.xsd#jpcrp_cor_OverviewOfCompanyCarryingOutTenderOfferOrShareSwapTextBlock" xlink:label="OverviewOfCompanyCarryingOutTenderOfferOrShareSwapTextBlock"/>
    <link:presentationArc xlink:type="arc" xlink:arcrole="http://www.xbrl.org/2003/arcrole/parent-child" xlink:from="OverviewOfCompanyCarryingOutTenderOfferOrShareSwapHeading" xlink:to="OverviewOfCompanyCarryingOutTenderOfferOrShareSwapTextBlock" order="1.0"/>
    <link:loc xlink:type="locator" xlink:href="../jpcrp_cor_2023-12-01.xsd#jpcrp_cor_ContractAndPlanOfTenderOfferOrShareSwapHeading" xlink:label="ContractAndPlanOfTenderOfferOrShareSwapHeading"/>
    <link:presentationArc xlink:type="arc" xlink:arcrole="http://www.xbrl.org/2003/arcrole/parent-child" xlink:from="OverviewOfTenderOfferOrShareSwapHeading" xlink:to="ContractAndPlanOfTenderOfferOrShareSwapHeading" order="4.0"/>
    <link:loc xlink:type="locator" xlink:href="../jpcrp_cor_2023-12-01.xsd#jpcrp_cor_ContractAndPlanOfTenderOfferOrShareSwapTextBlock" xlink:label="ContractAndPlanOfTenderOfferOrShareSwapTextBlock"/>
    <link:presentationArc xlink:type="arc" xlink:arcrole="http://www.xbrl.org/2003/arcrole/parent-child" xlink:from="ContractAndPlanOfTenderOfferOrShareSwapHeading" xlink:to="ContractAndPlanOfTenderOfferOrShareSwapTextBlock" order="1.0"/>
    <link:loc xlink:type="locator" xlink:href="../jpcrp_cor_2023-12-01.xsd#jpcrp_cor_ParticularsOfAllotmentAndBasisForCalculationThereofPertainingToTenderOfferOrShareSwapHeading" xlink:label="ParticularsOfAllotmentAndBasisForCalculationThereofPertainingToTenderOfferOrShareSwapHeading"/>
    <link:presentationArc xlink:type="arc" xlink:arcrole="http://www.xbrl.org/2003/arcrole/parent-child" xlink:from="OverviewOfTenderOfferOrShareSwapHeading" xlink:to="ParticularsOfAllotmentAndBasisForCalculationThereofPertainingToTenderOfferOrShareSwapHeading" order="5.0"/>
    <link:loc xlink:type="locator" xlink:href="../jpcrp_cor_2023-12-01.xsd#jpcrp_cor_ParticularsOfAllotmentAndBasisForCalculationThereofPertainingToTenderOfferOrShareSwapTextBlock" xlink:label="ParticularsOfAllotmentAndBasisForCalculationThereofPertainingToTenderOfferOrShareSwapTextBlock"/>
    <link:presentationArc xlink:type="arc" xlink:arcrole="http://www.xbrl.org/2003/arcrole/parent-child" xlink:from="ParticularsOfAllotmentAndBasisForCalculationThereofPertainingToTenderOfferOrShareSwapHeading" xlink:to="ParticularsOfAllotmentAndBasisForCalculationThereofPertainingToTenderOfferOrShareSwapTextBlock" order="1.0"/>
    <link:loc xlink:type="locator" xlink:href="../jpcrp_cor_2023-12-01.xsd#jpcrp_cor_DifferencesBetweenSecuritiesOfTargetCompanyAndSecuritiesIssuedOrDeliveredByTenderOfferOrShareSwapHeading" xlink:label="DifferencesBetweenSecuritiesOfTargetCompanyAndSecuritiesIssuedOrDeliveredByTenderOfferOrShareSwapHeading"/>
    <link:presentationArc xlink:type="arc" xlink:arcrole="http://www.xbrl.org/2003/arcrole/parent-child" xlink:from="OverviewOfTenderOfferOrShareSwapHeading" xlink:to="DifferencesBetweenSecuritiesOfTargetCompanyAndSecuritiesIssuedOrDeliveredByTenderOfferOrShareSwapHeading" order="6.0"/>
    <link:loc xlink:type="locator" xlink:href="../jpcrp_cor_2023-12-01.xsd#jpcrp_cor_DifferencesBetweenSecuritiesOfTargetCompanyAndSecuritiesIssuedOrDeliveredByTenderOfferOrShareSwapTextBlock" xlink:label="DifferencesBetweenSecuritiesOfTargetCompanyAndSecuritiesIssuedOrDeliveredByTenderOfferOrShareSwapTextBlock"/>
    <link:presentationArc xlink:type="arc" xlink:arcrole="http://www.xbrl.org/2003/arcrole/parent-child" xlink:from="DifferencesBetweenSecuritiesOfTargetCompanyAndSecuritiesIssuedOrDeliveredByTenderOfferOrShareSwapHeading" xlink:to="DifferencesBetweenSecuritiesOfTargetCompanyAndSecuritiesIssuedOrDeliveredByTenderOfferOrShareSwapTextBlock" order="1.0"/>
    <link:loc xlink:type="locator" xlink:href="../jpcrp_cor_2023-12-01.xsd#jpcrp_cor_InformationAboutTermsOfIssuanceDeliveryRelatedToTenderOfferWherebySecuritiesAreDeliveredInExchangeHeading" xlink:label="InformationAboutTermsOfIssuanceDeliveryRelatedToTenderOfferWherebySecuritiesAreDeliveredInExchangeHeading"/>
    <link:presentationArc xlink:type="arc" xlink:arcrole="http://www.xbrl.org/2003/arcrole/parent-child" xlink:from="OverviewOfTenderOfferOrShareSwapHeading" xlink:to="InformationAboutTermsOfIssuanceDeliveryRelatedToTenderOfferWherebySecuritiesAreDeliveredInExchangeHeading" order="7.0"/>
    <link:loc xlink:type="locator" xlink:href="../jpcrp_cor_2023-12-01.xsd#jpcrp_cor_InformationAboutTermsOfIssuanceDeliveryRelatedToTenderOfferWherebySecuritiesAreDeliveredInExchangeTextBlock" xlink:label="InformationAboutTermsOfIssuanceDeliveryRelatedToTenderOfferWherebySecuritiesAreDeliveredInExchangeTextBlock"/>
    <link:presentationArc xlink:type="arc" xlink:arcrole="http://www.xbrl.org/2003/arcrole/parent-child" xlink:from="InformationAboutTermsOfIssuanceDeliveryRelatedToTenderOfferWherebySecuritiesAreDeliveredInExchangeHeading" xlink:to="InformationAboutTermsOfIssuanceDeliveryRelatedToTenderOfferWherebySecuritiesAreDeliveredInExchangeTextBlock" order="1.0"/>
    <link:loc xlink:type="locator" xlink:href="../jpcrp_cor_2023-12-01.xsd#jpcrp_cor_ProceduresForTenderOfferOrShareSwapHeading" xlink:label="ProceduresForTenderOfferOrShareSwapHeading"/>
    <link:presentationArc xlink:type="arc" xlink:arcrole="http://www.xbrl.org/2003/arcrole/parent-child" xlink:from="OverviewOfTenderOfferOrShareSwapHeading" xlink:to="ProceduresForTenderOfferOrShareSwapHeading" order="8.0"/>
    <link:loc xlink:type="locator" xlink:href="../jpcrp_cor_2023-12-01.xsd#jpcrp_cor_ProceduresForTenderOfferOrShareSwapTextBlock" xlink:label="ProceduresForTenderOfferOrShareSwapTextBlock"/>
    <link:presentationArc xlink:type="arc" xlink:arcrole="http://www.xbrl.org/2003/arcrole/parent-child" xlink:from="ProceduresForTenderOfferOrShareSwapHeading" xlink:to="ProceduresForTenderOfferOrShareSwapTextBlock" order="1.0"/>
    <link:loc xlink:type="locator" xlink:href="../jpcrp_cor_2023-12-01.xsd#jpcrp_cor_CombinedFinancialInformationHeading" xlink:label="CombinedFinancialInformationHeading"/>
    <link:presentationArc xlink:type="arc" xlink:arcrole="http://www.xbrl.org/2003/arcrole/parent-child" xlink:from="InformationAboutTenderOfferOrShareSwapHeading" xlink:to="CombinedFinancialInformationHeading" order="3.0"/>
    <link:loc xlink:type="locator" xlink:href="../jpcrp_cor_2023-12-01.xsd#jpcrp_cor_CombinedFinancialInformationTextBlock" xlink:label="CombinedFinancialInformationTextBlock"/>
    <link:presentationArc xlink:type="arc" xlink:arcrole="http://www.xbrl.org/2003/arcrole/parent-child" xlink:from="CombinedFinancialInformationHeading" xlink:to="CombinedFinancialInformationTextBlock" order="1.0"/>
    <link:loc xlink:type="locator" xlink:href="../jpcrp_cor_2023-12-01.xsd#jpcrp_cor_MaterialContractsBetweenIssuerIncludingItsRelatedPartiesAndTargetCompanyOfTenderOfferOrShareSwapHeading" xlink:label="MaterialContractsBetweenIssuerIncludingItsRelatedPartiesAndTargetCompanyOfTenderOfferOrShareSwapHeading"/>
    <link:presentationArc xlink:type="arc" xlink:arcrole="http://www.xbrl.org/2003/arcrole/parent-child" xlink:from="InformationAboutTenderOfferOrShareSwapHeading" xlink:to="MaterialContractsBetweenIssuerIncludingItsRelatedPartiesAndTargetCompanyOfTenderOfferOrShareSwapHeading" order="4.0"/>
    <link:loc xlink:type="locator" xlink:href="../jpcrp_cor_2023-12-01.xsd#jpcrp_cor_MaterialContractsBetweenIssuerIncludingItsRelatedPartiesAndTargetCompanyOfTenderOfferOrShareSwapTextBlock" xlink:label="MaterialContractsBetweenIssuerIncludingItsRelatedPartiesAndTargetCompanyOfTenderOfferOrShareSwapTextBlock"/>
    <link:presentationArc xlink:type="arc" xlink:arcrole="http://www.xbrl.org/2003/arcrole/parent-child" xlink:from="MaterialContractsBetweenIssuerIncludingItsRelatedPartiesAndTargetCompanyOfTenderOfferOrShareSwapHeading" xlink:to="MaterialContractsBetweenIssuerIncludingItsRelatedPartiesAndTargetCompanyOfTenderOfferOrShareSwapTextBlock" order="1.0"/>
    <link:loc xlink:type="locator" xlink:href="../jpcrp_cor_2023-12-01.xsd#jpcrp_cor_AdditionalSupplementaryInformationHeading" xlink:label="AdditionalSupplementaryInformationHeading"/>
    <link:presentationArc xlink:type="arc" xlink:arcrole="http://www.xbrl.org/2003/arcrole/parent-child" xlink:from="CabinetOfficeOrdinanceOnDisclosureOfCorporateInformationEtcFormNo22SecuritiesRegistrationStatementHeading" xlink:to="AdditionalSupplementaryInformationHeading" order="4.0"/>
    <link:loc xlink:type="locator" xlink:href="../jpcrp_cor_2023-12-01.xsd#jpcrp_cor_AdditionalSupplementaryInformationTextBlock" xlink:label="AdditionalSupplementaryInformationTextBlock"/>
    <link:presentationArc xlink:type="arc" xlink:arcrole="http://www.xbrl.org/2003/arcrole/parent-child" xlink:from="AdditionalSupplementaryInformationHeading" xlink:to="AdditionalSupplementaryInformationTextBlock" order="1.0"/>
    <link:loc xlink:type="locator" xlink:href="../jpcrp_cor_2023-12-01.xsd#jpcrp_cor_AttachedInformationHeading" xlink:label="AttachedInformationHeading"/>
    <link:presentationArc xlink:type="arc" xlink:arcrole="http://www.xbrl.org/2003/arcrole/parent-child" xlink:from="CabinetOfficeOrdinanceOnDisclosureOfCorporateInformationEtcFormNo22SecuritiesRegistrationStatementHeading" xlink:to="AttachedInformationHeading" order="5.0"/>
    <link:loc xlink:type="locator" xlink:href="../jpcrp_cor_2023-12-01.xsd#jpcrp_cor_AttachedInformationTextBlock" xlink:label="AttachedInformationTextBlock"/>
    <link:presentationArc xlink:type="arc" xlink:arcrole="http://www.xbrl.org/2003/arcrole/parent-child" xlink:from="AttachedInformationHeading" xlink:to="AttachedInformationTextBlock" order="1.0"/>
    <link:loc xlink:type="locator" xlink:href="../jpcrp_cor_2023-12-01.xsd#jpcrp_cor_InformationAboutCompanyWhichProvidesGuaranteeToReportingCompanyHeading" xlink:label="InformationAboutCompanyWhichProvidesGuaranteeToReportingCompanyHeading"/>
    <link:presentationArc xlink:type="arc" xlink:arcrole="http://www.xbrl.org/2003/arcrole/parent-child" xlink:from="CabinetOfficeOrdinanceOnDisclosureOfCorporateInformationEtcFormNo22SecuritiesRegistrationStatementHeading" xlink:to="InformationAboutCompanyWhichProvidesGuaranteeToReportingCompanyHeading" order="6.0"/>
    <link:loc xlink:type="locator" xlink:href="../jpcrp_cor_2023-12-01.xsd#jpcrp_cor_InformationAboutCompanyWhichProvidesGuaranteeToReportingCompanyTextBlock" xlink:label="InformationAboutCompanyWhichProvidesGuaranteeToReportingCompanyTextBlock"/>
    <link:presentationArc xlink:type="arc" xlink:arcrole="http://www.xbrl.org/2003/arcrole/parent-child" xlink:from="InformationAboutCompanyWhichProvidesGuaranteeToReportingCompanyHeading" xlink:to="InformationAboutCompanyWhichProvidesGuaranteeToReportingCompanyTextBlock" order="1.0"/>
    <link:loc xlink:type="locator" xlink:href="../jpcrp_cor_2023-12-01.xsd#jpcrp_cor_SpecialInformationHeading" xlink:label="SpecialInformationHeading"/>
    <link:presentationArc xlink:type="arc" xlink:arcrole="http://www.xbrl.org/2003/arcrole/parent-child" xlink:from="CabinetOfficeOrdinanceOnDisclosureOfCorporateInformationEtcFormNo22SecuritiesRegistrationStatementHeading" xlink:to="SpecialInformationHeading" order="7.0"/>
    <link:loc xlink:type="locator" xlink:href="../jpcrp_cor_2023-12-01.xsd#jpcrp_cor_SpecialInformationTextBlock" xlink:label="SpecialInformationTextBlock"/>
    <link:presentationArc xlink:type="arc" xlink:arcrole="http://www.xbrl.org/2003/arcrole/parent-child" xlink:from="SpecialInformationHeading" xlink:to="SpecialInformationTextBlock" order="1.0"/>
    <link:loc xlink:type="locator" xlink:href="../jpcrp_cor_2023-12-01.xsd#jpcrp_cor_RecentFinancialStatementsOrFinancialDocumentsOfGuaranteeCompanyOrTrackedSubsidiaryHeading" xlink:label="RecentFinancialStatementsOrFinancialDocumentsOfGuaranteeCompanyOrTrackedSubsidiaryHeading"/>
    <link:presentationArc xlink:type="arc" xlink:arcrole="http://www.xbrl.org/2003/arcrole/parent-child" xlink:from="SpecialInformationHeading" xlink:to="RecentFinancialStatementsOrFinancialDocumentsOfGuaranteeCompanyOrTrackedSubsidiaryHeading" order="2.0"/>
    <link:loc xlink:type="locator" xlink:href="../jpcrp_cor_2023-12-01.xsd#jpcrp_cor_RecentFinancialStatementsOrFinancialDocumentsOfGuaranteeCompanyOrTrackedSubsidiaryTextBlock" xlink:label="RecentFinancialStatementsOrFinancialDocumentsOfGuaranteeCompanyOrTrackedSubsidiaryTextBlock"/>
    <link:presentationArc xlink:type="arc" xlink:arcrole="http://www.xbrl.org/2003/arcrole/parent-child" xlink:from="RecentFinancialStatementsOrFinancialDocumentsOfGuaranteeCompanyOrTrackedSubsidiaryHeading" xlink:to="RecentFinancialStatementsOrFinancialDocumentsOfGuaranteeCompanyOrTrackedSubsidiaryTextBlock" order="1.0"/>
    <link:loc xlink:type="locator" xlink:href="../jpcrp_cor_2023-12-01.xsd#jpcrp_cor_BalanceSheetRecentFinancialStatementsOrFinancialDocumentsOfGuaranteeCompanyOrTrackedSubsidiaryHeading" xlink:label="BalanceSheetRecentFinancialStatementsOrFinancialDocumentsOfGuaranteeCompanyOrTrackedSubsidiaryHeading"/>
    <link:presentationArc xlink:type="arc" xlink:arcrole="http://www.xbrl.org/2003/arcrole/parent-child" xlink:from="RecentFinancialStatementsOrFinancialDocumentsOfGuaranteeCompanyOrTrackedSubsidiaryHeading" xlink:to="BalanceSheetRecentFinancialStatementsOrFinancialDocumentsOfGuaranteeCompanyOrTrackedSubsidiaryHeading" order="2.0"/>
    <link:loc xlink:type="locator" xlink:href="../jpcrp_cor_2023-12-01.xsd#jpcrp_cor_BalanceSheetRecentFinancialStatementsOrFinancialDocumentsOfGuaranteeCompanyOrTrackedSubsidiaryTextBlock" xlink:label="BalanceSheetRecentFinancialStatementsOrFinancialDocumentsOfGuaranteeCompanyOrTrackedSubsidiaryTextBlock"/>
    <link:presentationArc xlink:type="arc" xlink:arcrole="http://www.xbrl.org/2003/arcrole/parent-child" xlink:from="BalanceSheetRecentFinancialStatementsOrFinancialDocumentsOfGuaranteeCompanyOrTrackedSubsidiaryHeading" xlink:to="BalanceSheetRecentFinancialStatementsOrFinancialDocumentsOfGuaranteeCompanyOrTrackedSubsidiaryTextBlock" order="1.0"/>
    <link:loc xlink:type="locator" xlink:href="../jpcrp_cor_2023-12-01.xsd#jpcrp_cor_StatementOfIncomeRecentFinancialStatementsOrFinancialDocumentsOfGuaranteeCompanyOrTrackedSubsidiaryHeading" xlink:label="StatementOfIncomeRecentFinancialStatementsOrFinancialDocumentsOfGuaranteeCompanyOrTrackedSubsidiaryHeading"/>
    <link:presentationArc xlink:type="arc" xlink:arcrole="http://www.xbrl.org/2003/arcrole/parent-child" xlink:from="RecentFinancialStatementsOrFinancialDocumentsOfGuaranteeCompanyOrTrackedSubsidiaryHeading" xlink:to="StatementOfIncomeRecentFinancialStatementsOrFinancialDocumentsOfGuaranteeCompanyOrTrackedSubsidiaryHeading" order="3.0"/>
    <link:loc xlink:type="locator" xlink:href="../jpcrp_cor_2023-12-01.xsd#jpcrp_cor_StatementOfIncomeRecentFinancialStatementsOrFinancialDocumentsOfGuaranteeCompanyOrTrackedSubsidiaryTextBlock" xlink:label="StatementOfIncomeRecentFinancialStatementsOrFinancialDocumentsOfGuaranteeCompanyOrTrackedSubsidiaryTextBlock"/>
    <link:presentationArc xlink:type="arc" xlink:arcrole="http://www.xbrl.org/2003/arcrole/parent-child" xlink:from="StatementOfIncomeRecentFinancialStatementsOrFinancialDocumentsOfGuaranteeCompanyOrTrackedSubsidiaryHeading" xlink:to="StatementOfIncomeRecentFinancialStatementsOrFinancialDocumentsOfGuaranteeCompanyOrTrackedSubsidiaryTextBlock" order="1.0"/>
    <link:loc xlink:type="locator" xlink:href="../jpcrp_cor_2023-12-01.xsd#jpcrp_cor_StatementOfChangesInEquityRecentFinancialStatementsOrFinancialDocumentsOfGuaranteeCompanyOrTrackedSubsidiaryHeading" xlink:label="StatementOfChangesInEquityRecentFinancialStatementsOrFinancialDocumentsOfGuaranteeCompanyOrTrackedSubsidiaryHeading"/>
    <link:presentationArc xlink:type="arc" xlink:arcrole="http://www.xbrl.org/2003/arcrole/parent-child" xlink:from="RecentFinancialStatementsOrFinancialDocumentsOfGuaranteeCompanyOrTrackedSubsidiaryHeading" xlink:to="StatementOfChangesInEquityRecentFinancialStatementsOrFinancialDocumentsOfGuaranteeCompanyOrTrackedSubsidiaryHeading" order="4.0"/>
    <link:loc xlink:type="locator" xlink:href="../jpcrp_cor_2023-12-01.xsd#jpcrp_cor_StatementOfChangesInEquityRecentFinancialStatementsOrFinancialDocumentsOfGuaranteeCompanyOrTrackedSubsidiaryTextBlock" xlink:label="StatementOfChangesInEquityRecentFinancialStatementsOrFinancialDocumentsOfGuaranteeCompanyOrTrackedSubsidiaryTextBlock"/>
    <link:presentationArc xlink:type="arc" xlink:arcrole="http://www.xbrl.org/2003/arcrole/parent-child" xlink:from="StatementOfChangesInEquityRecentFinancialStatementsOrFinancialDocumentsOfGuaranteeCompanyOrTrackedSubsidiaryHeading" xlink:to="StatementOfChangesInEquityRecentFinancialStatementsOrFinancialDocumentsOfGuaranteeCompanyOrTrackedSubsidiaryTextBlock" order="1.0"/>
    <link:loc xlink:type="locator" xlink:href="../jpcrp_cor_2023-12-01.xsd#jpcrp_cor_StatementOfCashFlowsRecentFinancialStatementsOrFinancialDocumentsOfGuaranteeCompanyOrTrackedSubsidiaryHeading" xlink:label="StatementOfCashFlowsRecentFinancialStatementsOrFinancialDocumentsOfGuaranteeCompanyOrTrackedSubsidiaryHeading"/>
    <link:presentationArc xlink:type="arc" xlink:arcrole="http://www.xbrl.org/2003/arcrole/parent-child" xlink:from="RecentFinancialStatementsOrFinancialDocumentsOfGuaranteeCompanyOrTrackedSubsidiaryHeading" xlink:to="StatementOfCashFlowsRecentFinancialStatementsOrFinancialDocumentsOfGuaranteeCompanyOrTrackedSubsidiaryHeading" order="5.0"/>
    <link:loc xlink:type="locator" xlink:href="../jpcrp_cor_2023-12-01.xsd#jpcrp_cor_StatementOfCashFlowsRecentFinancialStatementsOrFinancialDocumentsOfGuaranteeCompanyOrTrackedSubsidiaryTextBlock" xlink:label="StatementOfCashFlowsRecentFinancialStatementsOrFinancialDocumentsOfGuaranteeCompanyOrTrackedSubsidiaryTextBlock"/>
    <link:presentationArc xlink:type="arc" xlink:arcrole="http://www.xbrl.org/2003/arcrole/parent-child" xlink:from="StatementOfCashFlowsRecentFinancialStatementsOrFinancialDocumentsOfGuaranteeCompanyOrTrackedSubsidiaryHeading" xlink:to="StatementOfCashFlowsRecentFinancialStatementsOrFinancialDocumentsOfGuaranteeCompanyOrTrackedSubsidiaryTextBlock" order="1.0"/>
    <link:loc xlink:type="locator" xlink:href="../jpcrp_cor_2023-12-01.xsd#jpcrp_cor_NotesRecentFinancialStatementsOrFinancialDocumentsOfGuaranteeCompanyOrTrackedSubsidiaryHeading" xlink:label="NotesRecentFinancialStatementsOrFinancialDocumentsOfGuaranteeCompanyOrTrackedSubsidiaryHeading"/>
    <link:presentationArc xlink:type="arc" xlink:arcrole="http://www.xbrl.org/2003/arcrole/parent-child" xlink:from="RecentFinancialStatementsOrFinancialDocumentsOfGuaranteeCompanyOrTrackedSubsidiaryHeading" xlink:to="NotesRecentFinancialStatementsOrFinancialDocumentsOfGuaranteeCompanyOrTrackedSubsidiaryHeading" order="6.0"/>
    <link:loc xlink:type="locator" xlink:href="../jpcrp_cor_2023-12-01.xsd#jpcrp_cor_NotesRecentFinancialStatementsOrFinancialDocumentsOfGuaranteeCompanyOrTrackedSubsidiaryTextBlock" xlink:label="NotesRecentFinancialStatementsOrFinancialDocumentsOfGuaranteeCompanyOrTrackedSubsidiaryTextBlock"/>
    <link:presentationArc xlink:type="arc" xlink:arcrole="http://www.xbrl.org/2003/arcrole/parent-child" xlink:from="NotesRecentFinancialStatementsOrFinancialDocumentsOfGuaranteeCompanyOrTrackedSubsidiaryHeading" xlink:to="NotesRecentFinancialStatementsOrFinancialDocumentsOfGuaranteeCompanyOrTrackedSubsidiaryTextBlock" order="1.0"/>
    <link:loc xlink:type="locator" xlink:href="../jpcrp_cor_2023-12-01.xsd#jpcrp_cor_IndependentAuditorsReportHeading" xlink:label="IndependentAuditorsReportHeading"/>
    <link:presentationArc xlink:type="arc" xlink:arcrole="http://www.xbrl.org/2003/arcrole/parent-child" xlink:from="CabinetOfficeOrdinanceOnDisclosureOfCorporateInformationEtcFormNo22SecuritiesRegistrationStatementHeading" xlink:to="IndependentAuditorsReportHeading" order="8.0"/>
    <link:loc xlink:type="locator" xlink:href="../jpcrp_cor_2023-12-01.xsd#jpcrp_cor_IndependentAuditorsReportConsolidatedTextBlock" xlink:label="IndependentAuditorsReportConsolidatedTextBlock"/>
    <link:presentationArc xlink:type="arc" xlink:arcrole="http://www.xbrl.org/2003/arcrole/parent-child" xlink:from="IndependentAuditorsReportHeading" xlink:to="IndependentAuditorsReportConsolidatedTextBlock" order="1.0"/>
    <link:loc xlink:type="locator" xlink:href="../jpcrp_cor_2023-12-01.xsd#jpcrp_cor_IndependentAuditorsReportNonConsolidatedTextBlock" xlink:label="IndependentAuditorsReportNonConsolidatedTextBlock"/>
    <link:presentationArc xlink:type="arc" xlink:arcrole="http://www.xbrl.org/2003/arcrole/parent-child" xlink:from="IndependentAuditorsReportHeading" xlink:to="IndependentAuditorsReportNonConsolidatedTextBlock" order="2.0"/>
    <link:loc xlink:type="locator" xlink:href="../jpcrp_cor_2023-12-01.xsd#jpcrp_cor_IndependentAuditorsReportQuarterlyOrSemiAnnualPeriodOfNextFiscalYearConsolidatedTextBlock" xlink:label="IndependentAuditorsReportQuarterlyOrSemiAnnualPeriodOfNextFiscalYearConsolidatedTextBlock"/>
    <link:presentationArc xlink:type="arc" xlink:arcrole="http://www.xbrl.org/2003/arcrole/parent-child" xlink:from="IndependentAuditorsReportHeading" xlink:to="IndependentAuditorsReportQuarterlyOrSemiAnnualPeriodOfNextFiscalYearConsolidatedTextBlock" order="3.0"/>
    <link:loc xlink:type="locator" xlink:href="../jpcrp_cor_2023-12-01.xsd#jpcrp_cor_IndependentAuditorsReportQuarterlyOrSemiAnnualPeriodOfNextFiscalYearNonConsolidatedTextBlock" xlink:label="IndependentAuditorsReportQuarterlyOrSemiAnnualPeriodOfNextFiscalYearNonConsolidatedTextBlock"/>
    <link:presentationArc xlink:type="arc" xlink:arcrole="http://www.xbrl.org/2003/arcrole/parent-child" xlink:from="IndependentAuditorsReportHeading" xlink:to="IndependentAuditorsReportQuarterlyOrSemiAnnualPeriodOfNextFiscalYearNonConsolidatedTextBlock" order="4.0"/>
    <link:loc xlink:type="locator" xlink:href="../jpcrp_cor_2023-12-01.xsd#jpcrp_cor_IndependentAuditorsReportConsolidatedPriorYearTextBlock" xlink:label="IndependentAuditorsReportConsolidatedPriorYearTextBlock"/>
    <link:presentationArc xlink:type="arc" xlink:arcrole="http://www.xbrl.org/2003/arcrole/parent-child" xlink:from="IndependentAuditorsReportHeading" xlink:to="IndependentAuditorsReportConsolidatedPriorYearTextBlock" order="5.0"/>
    <link:loc xlink:type="locator" xlink:href="../jpcrp_cor_2023-12-01.xsd#jpcrp_cor_IndependentAuditorsReportNonConsolidatedPriorYearTextBlock" xlink:label="IndependentAuditorsReportNonConsolidatedPriorYearTextBlock"/>
    <link:presentationArc xlink:type="arc" xlink:arcrole="http://www.xbrl.org/2003/arcrole/parent-child" xlink:from="IndependentAuditorsReportHeading" xlink:to="IndependentAuditorsReportNonConsolidatedPriorYearTextBlock" order="6.0"/>
  </link:presentationLink>
</link:linkbase>
