<?xml version="1.0" encoding="UTF-8"?>
<!--  (c) Financial Services Agency, The Japanese Government.
      All Rights Reserved.
      For intellectual property policy and authorized uses of EDINET Taxonomy,
      refer to “EDINET Taxonomy Legal Statement” at http://www.fsa.go.jp/search/EDINET_Taxonomy_Legal_Statement.html
-->
<link:linkbase xmlns:link="http://www.xbrl.org/2003/linkbase" xmlns:xsi="http://www.w3.org/2001/XMLSchema-instance" xmlns:xlink="http://www.w3.org/1999/xlink" xmlns:xbrli="http://www.xbrl.org/2003/instance">
  <link:roleRef roleURI="http://disclosure.edinet-fsa.go.jp/role/jpcrp/rol_std_BusinessResultsOfGroup" xlink:type="simple" xlink:href="../jpcrp_rt_2023-12-01.xsd#rol_std_BusinessResultsOfGroup"/>
  <link:presentationLink xlink:type="extended" xlink:role="http://disclosure.edinet-fsa.go.jp/role/jpcrp/rol_std_BusinessResultsOfGroup">
    <link:loc xlink:type="locator" xlink:href="../jpcrp_cor_2023-12-01.xsd#jpcrp_cor_BusinessResultsOfGroupHeading" xlink:label="BusinessResultsOfGroupHeading"/>
    <link:loc xlink:type="locator" xlink:href="../jpcrp_cor_2023-12-01.xsd#jpcrp_cor_BusinessResultsOfGroupTable" xlink:label="BusinessResultsOfGroupTable"/>
    <link:presentationArc xlink:type="arc" xlink:arcrole="http://www.xbrl.org/2003/arcrole/parent-child" xlink:from="BusinessResultsOfGroupHeading" xlink:to="BusinessResultsOfGroupTable" order="1.0"/>
    <link:loc xlink:type="locator" xlink:href="../../../jppfs/2023-12-01/jppfs_cor_2023-12-01.xsd#jppfs_cor_ConsolidatedOrNonConsolidatedAxis" xlink:label="ConsolidatedOrNonConsolidatedAxis"/>
    <link:presentationArc xlink:type="arc" xlink:arcrole="http://www.xbrl.org/2003/arcrole/parent-child" xlink:from="BusinessResultsOfGroupTable" xlink:to="ConsolidatedOrNonConsolidatedAxis" order="1.0"/>
    <link:loc xlink:type="locator" xlink:href="../../../jppfs/2023-12-01/jppfs_cor_2023-12-01.xsd#jppfs_cor_ConsolidatedMember" xlink:label="ConsolidatedMember"/>
    <link:presentationArc xlink:type="arc" xlink:arcrole="http://www.xbrl.org/2003/arcrole/parent-child" xlink:from="ConsolidatedOrNonConsolidatedAxis" xlink:to="ConsolidatedMember" order="1.0"/>
    <link:loc xlink:type="locator" xlink:href="../jpcrp_cor_2023-12-01.xsd#jpcrp_cor_BusinessResultsOfGroupLineItems" xlink:label="BusinessResultsOfGroupLineItems"/>
    <link:presentationArc xlink:type="arc" xlink:arcrole="http://www.xbrl.org/2003/arcrole/parent-child" xlink:from="BusinessResultsOfGroupHeading" xlink:to="BusinessResultsOfGroupLineItems" order="2.0"/>
    <link:loc xlink:type="locator" xlink:href="../jpcrp_cor_2023-12-01.xsd#jpcrp_cor_NetSalesSummaryOfBusinessResults" xlink:label="NetSalesSummaryOfBusinessResults"/>
    <link:presentationArc xlink:type="arc" xlink:arcrole="http://www.xbrl.org/2003/arcrole/parent-child" xlink:from="BusinessResultsOfGroupLineItems" xlink:to="NetSalesSummaryOfBusinessResults" order="1.0"/>
    <link:loc xlink:type="locator" xlink:href="../jpcrp_cor_2023-12-01.xsd#jpcrp_cor_RevenueKeyFinancialData" xlink:label="RevenueKeyFinancialData"/>
    <link:presentationArc xlink:type="arc" xlink:arcrole="http://www.xbrl.org/2003/arcrole/parent-child" xlink:from="BusinessResultsOfGroupLineItems" xlink:to="RevenueKeyFinancialData" order="2.0"/>
    <link:loc xlink:type="locator" xlink:href="../jpcrp_cor_2023-12-01.xsd#jpcrp_cor_OperatingRevenue1SummaryOfBusinessResults" xlink:label="OperatingRevenue1SummaryOfBusinessResults"/>
    <link:presentationArc xlink:type="arc" xlink:arcrole="http://www.xbrl.org/2003/arcrole/parent-child" xlink:from="BusinessResultsOfGroupLineItems" xlink:to="OperatingRevenue1SummaryOfBusinessResults" order="3.0"/>
    <link:loc xlink:type="locator" xlink:href="../jpcrp_cor_2023-12-01.xsd#jpcrp_cor_OperatingRevenue2SummaryOfBusinessResults" xlink:label="OperatingRevenue2SummaryOfBusinessResults"/>
    <link:presentationArc xlink:type="arc" xlink:arcrole="http://www.xbrl.org/2003/arcrole/parent-child" xlink:from="BusinessResultsOfGroupLineItems" xlink:to="OperatingRevenue2SummaryOfBusinessResults" order="4.0"/>
    <link:loc xlink:type="locator" xlink:href="../jpcrp_cor_2023-12-01.xsd#jpcrp_cor_GrossOperatingRevenueSummaryOfBusinessResults" xlink:label="GrossOperatingRevenueSummaryOfBusinessResults"/>
    <link:presentationArc xlink:type="arc" xlink:arcrole="http://www.xbrl.org/2003/arcrole/parent-child" xlink:from="BusinessResultsOfGroupLineItems" xlink:to="GrossOperatingRevenueSummaryOfBusinessResults" order="5.0"/>
    <link:loc xlink:type="locator" xlink:href="../jpcrp_cor_2023-12-01.xsd#jpcrp_cor_OrdinaryIncomeSummaryOfBusinessResults" xlink:label="OrdinaryIncomeSummaryOfBusinessResults"/>
    <link:presentationArc xlink:type="arc" xlink:arcrole="http://www.xbrl.org/2003/arcrole/parent-child" xlink:from="BusinessResultsOfGroupLineItems" xlink:to="OrdinaryIncomeSummaryOfBusinessResults" order="6.0"/>
    <link:loc xlink:type="locator" xlink:href="../jpcrp_cor_2023-12-01.xsd#jpcrp_cor_NetPremiumsWrittenSummaryOfBusinessResultsINS" xlink:label="NetPremiumsWrittenSummaryOfBusinessResultsINS"/>
    <link:presentationArc xlink:type="arc" xlink:arcrole="http://www.xbrl.org/2003/arcrole/parent-child" xlink:from="BusinessResultsOfGroupLineItems" xlink:to="NetPremiumsWrittenSummaryOfBusinessResultsINS" order="7.0"/>
    <link:loc xlink:type="locator" xlink:href="../jpcrp_cor_2023-12-01.xsd#jpcrp_cor_OrdinaryIncomeLossSummaryOfBusinessResults" xlink:label="OrdinaryIncomeLossSummaryOfBusinessResults"/>
    <link:presentationArc xlink:type="arc" xlink:arcrole="http://www.xbrl.org/2003/arcrole/parent-child" xlink:from="BusinessResultsOfGroupLineItems" xlink:to="OrdinaryIncomeLossSummaryOfBusinessResults" order="8.0"/>
    <link:loc xlink:type="locator" xlink:href="../jpcrp_cor_2023-12-01.xsd#jpcrp_cor_ProfitLossAttributableToOwnersOfParentSummaryOfBusinessResults" xlink:label="ProfitLossAttributableToOwnersOfParentSummaryOfBusinessResults"/>
    <link:presentationArc xlink:type="arc" xlink:arcrole="http://www.xbrl.org/2003/arcrole/parent-child" xlink:from="BusinessResultsOfGroupLineItems" xlink:to="ProfitLossAttributableToOwnersOfParentSummaryOfBusinessResults" order="9.0"/>
    <link:loc xlink:type="locator" xlink:href="../jpcrp_cor_2023-12-01.xsd#jpcrp_cor_ComprehensiveIncomeSummaryOfBusinessResults" xlink:label="ComprehensiveIncomeSummaryOfBusinessResults"/>
    <link:presentationArc xlink:type="arc" xlink:arcrole="http://www.xbrl.org/2003/arcrole/parent-child" xlink:from="BusinessResultsOfGroupLineItems" xlink:to="ComprehensiveIncomeSummaryOfBusinessResults" order="10.0"/>
    <link:loc xlink:type="locator" xlink:href="../jpcrp_cor_2023-12-01.xsd#jpcrp_cor_NetAssetsSummaryOfBusinessResults" xlink:label="NetAssetsSummaryOfBusinessResults"/>
    <link:presentationArc xlink:type="arc" xlink:arcrole="http://www.xbrl.org/2003/arcrole/parent-child" xlink:from="BusinessResultsOfGroupLineItems" xlink:to="NetAssetsSummaryOfBusinessResults" order="11.0"/>
    <link:loc xlink:type="locator" xlink:href="../jpcrp_cor_2023-12-01.xsd#jpcrp_cor_TotalAssetsSummaryOfBusinessResults" xlink:label="TotalAssetsSummaryOfBusinessResults"/>
    <link:presentationArc xlink:type="arc" xlink:arcrole="http://www.xbrl.org/2003/arcrole/parent-child" xlink:from="BusinessResultsOfGroupLineItems" xlink:to="TotalAssetsSummaryOfBusinessResults" order="12.0"/>
    <link:loc xlink:type="locator" xlink:href="../jpcrp_cor_2023-12-01.xsd#jpcrp_cor_NetAssetsPerShareSummaryOfBusinessResults" xlink:label="NetAssetsPerShareSummaryOfBusinessResults"/>
    <link:presentationArc xlink:type="arc" xlink:arcrole="http://www.xbrl.org/2003/arcrole/parent-child" xlink:from="BusinessResultsOfGroupLineItems" xlink:to="NetAssetsPerShareSummaryOfBusinessResults" order="13.0"/>
    <link:loc xlink:type="locator" xlink:href="../jpcrp_cor_2023-12-01.xsd#jpcrp_cor_BasicEarningsLossPerShareSummaryOfBusinessResults" xlink:label="BasicEarningsLossPerShareSummaryOfBusinessResults"/>
    <link:presentationArc xlink:type="arc" xlink:arcrole="http://www.xbrl.org/2003/arcrole/parent-child" xlink:from="BusinessResultsOfGroupLineItems" xlink:to="BasicEarningsLossPerShareSummaryOfBusinessResults" order="14.0"/>
    <link:loc xlink:type="locator" xlink:href="../jpcrp_cor_2023-12-01.xsd#jpcrp_cor_DilutedEarningsPerShareSummaryOfBusinessResults" xlink:label="DilutedEarningsPerShareSummaryOfBusinessResults"/>
    <link:presentationArc xlink:type="arc" xlink:arcrole="http://www.xbrl.org/2003/arcrole/parent-child" xlink:from="BusinessResultsOfGroupLineItems" xlink:to="DilutedEarningsPerShareSummaryOfBusinessResults" order="15.0"/>
    <link:loc xlink:type="locator" xlink:href="../jpcrp_cor_2023-12-01.xsd#jpcrp_cor_EquityToAssetRatioSummaryOfBusinessResults" xlink:label="EquityToAssetRatioSummaryOfBusinessResults"/>
    <link:presentationArc xlink:type="arc" xlink:arcrole="http://www.xbrl.org/2003/arcrole/parent-child" xlink:from="BusinessResultsOfGroupLineItems" xlink:to="EquityToAssetRatioSummaryOfBusinessResults" order="16.0"/>
    <link:loc xlink:type="locator" xlink:href="../jpcrp_cor_2023-12-01.xsd#jpcrp_cor_CapitalAdequacyRatioInternationalStandardSummaryOfBusinessResults" xlink:label="CapitalAdequacyRatioInternationalStandardSummaryOfBusinessResults"/>
    <link:presentationArc xlink:type="arc" xlink:arcrole="http://www.xbrl.org/2003/arcrole/parent-child" xlink:from="BusinessResultsOfGroupLineItems" xlink:to="CapitalAdequacyRatioInternationalStandardSummaryOfBusinessResults" order="17.0"/>
    <link:loc xlink:type="locator" xlink:href="../jpcrp_cor_2023-12-01.xsd#jpcrp_cor_CapitalAdequacyRatioDomesticStandardSummaryOfBusinessResults" xlink:label="CapitalAdequacyRatioDomesticStandardSummaryOfBusinessResults"/>
    <link:presentationArc xlink:type="arc" xlink:arcrole="http://www.xbrl.org/2003/arcrole/parent-child" xlink:from="BusinessResultsOfGroupLineItems" xlink:to="CapitalAdequacyRatioDomesticStandardSummaryOfBusinessResults" order="18.0"/>
    <link:loc xlink:type="locator" xlink:href="../jpcrp_cor_2023-12-01.xsd#jpcrp_cor_CapitalAdequacyRatioBISStandardSummaryOfBusinessResults" xlink:label="CapitalAdequacyRatioBISStandardSummaryOfBusinessResults"/>
    <link:presentationArc xlink:type="arc" xlink:arcrole="http://www.xbrl.org/2003/arcrole/parent-child" xlink:from="BusinessResultsOfGroupLineItems" xlink:to="CapitalAdequacyRatioBISStandardSummaryOfBusinessResults" order="19.0"/>
    <link:loc xlink:type="locator" xlink:href="../jpcrp_cor_2023-12-01.xsd#jpcrp_cor_CapitalAdequacyRatioDomesticStandard2SummaryOfBusinessResults" xlink:label="CapitalAdequacyRatioDomesticStandard2SummaryOfBusinessResults"/>
    <link:presentationArc xlink:type="arc" xlink:arcrole="http://www.xbrl.org/2003/arcrole/parent-child" xlink:from="BusinessResultsOfGroupLineItems" xlink:to="CapitalAdequacyRatioDomesticStandard2SummaryOfBusinessResults" order="20.0"/>
    <link:loc xlink:type="locator" xlink:href="../jpcrp_cor_2023-12-01.xsd#jpcrp_cor_RateOfReturnOnEquitySummaryOfBusinessResults" xlink:label="RateOfReturnOnEquitySummaryOfBusinessResults"/>
    <link:presentationArc xlink:type="arc" xlink:arcrole="http://www.xbrl.org/2003/arcrole/parent-child" xlink:from="BusinessResultsOfGroupLineItems" xlink:to="RateOfReturnOnEquitySummaryOfBusinessResults" order="21.0"/>
    <link:loc xlink:type="locator" xlink:href="../jpcrp_cor_2023-12-01.xsd#jpcrp_cor_PriceEarningsRatioSummaryOfBusinessResults" xlink:label="PriceEarningsRatioSummaryOfBusinessResults"/>
    <link:presentationArc xlink:type="arc" xlink:arcrole="http://www.xbrl.org/2003/arcrole/parent-child" xlink:from="BusinessResultsOfGroupLineItems" xlink:to="PriceEarningsRatioSummaryOfBusinessResults" order="22.0"/>
    <link:loc xlink:type="locator" xlink:href="../jpcrp_cor_2023-12-01.xsd#jpcrp_cor_NetCashProvidedByUsedInOperatingActivitiesSummaryOfBusinessResults" xlink:label="NetCashProvidedByUsedInOperatingActivitiesSummaryOfBusinessResults"/>
    <link:presentationArc xlink:type="arc" xlink:arcrole="http://www.xbrl.org/2003/arcrole/parent-child" xlink:from="BusinessResultsOfGroupLineItems" xlink:to="NetCashProvidedByUsedInOperatingActivitiesSummaryOfBusinessResults" order="23.0"/>
    <link:loc xlink:type="locator" xlink:href="../jpcrp_cor_2023-12-01.xsd#jpcrp_cor_NetCashProvidedByUsedInInvestingActivitiesSummaryOfBusinessResults" xlink:label="NetCashProvidedByUsedInInvestingActivitiesSummaryOfBusinessResults"/>
    <link:presentationArc xlink:type="arc" xlink:arcrole="http://www.xbrl.org/2003/arcrole/parent-child" xlink:from="BusinessResultsOfGroupLineItems" xlink:to="NetCashProvidedByUsedInInvestingActivitiesSummaryOfBusinessResults" order="24.0"/>
    <link:loc xlink:type="locator" xlink:href="../jpcrp_cor_2023-12-01.xsd#jpcrp_cor_NetCashProvidedByUsedInFinancingActivitiesSummaryOfBusinessResults" xlink:label="NetCashProvidedByUsedInFinancingActivitiesSummaryOfBusinessResults"/>
    <link:presentationArc xlink:type="arc" xlink:arcrole="http://www.xbrl.org/2003/arcrole/parent-child" xlink:from="BusinessResultsOfGroupLineItems" xlink:to="NetCashProvidedByUsedInFinancingActivitiesSummaryOfBusinessResults" order="25.0"/>
    <link:loc xlink:type="locator" xlink:href="../jpcrp_cor_2023-12-01.xsd#jpcrp_cor_CashAndCashEquivalentsSummaryOfBusinessResults" xlink:label="CashAndCashEquivalentsSummaryOfBusinessResults"/>
    <link:presentationArc xlink:type="arc" xlink:arcrole="http://www.xbrl.org/2003/arcrole/parent-child" xlink:from="BusinessResultsOfGroupLineItems" xlink:to="CashAndCashEquivalentsSummaryOfBusinessResults" order="26.0"/>
    <link:loc xlink:type="locator" xlink:href="../jpcrp_cor_2023-12-01.xsd#jpcrp_cor_NumberOfEmployees" xlink:label="NumberOfEmployees"/>
    <link:presentationArc xlink:type="arc" xlink:arcrole="http://www.xbrl.org/2003/arcrole/parent-child" xlink:from="BusinessResultsOfGroupLineItems" xlink:to="NumberOfEmployees" order="27.0"/>
    <link:loc xlink:type="locator" xlink:href="../jpcrp_cor_2023-12-01.xsd#jpcrp_cor_AverageNumberOfTemporaryWorkers" xlink:label="AverageNumberOfTemporaryWorkers"/>
    <link:presentationArc xlink:type="arc" xlink:arcrole="http://www.xbrl.org/2003/arcrole/parent-child" xlink:from="BusinessResultsOfGroupLineItems" xlink:to="AverageNumberOfTemporaryWorkers" order="28.0"/>
    <link:loc xlink:type="locator" xlink:href="../jpcrp_cor_2023-12-01.xsd#jpcrp_cor_RevenueIFRSSummaryOfBusinessResults" xlink:label="RevenueIFRSSummaryOfBusinessResults"/>
    <link:presentationArc xlink:type="arc" xlink:arcrole="http://www.xbrl.org/2003/arcrole/parent-child" xlink:from="BusinessResultsOfGroupLineItems" xlink:to="RevenueIFRSSummaryOfBusinessResults" order="29.0"/>
    <link:loc xlink:type="locator" xlink:href="../jpcrp_cor_2023-12-01.xsd#jpcrp_cor_ProfitLossBeforeTaxIFRSSummaryOfBusinessResults" xlink:label="ProfitLossBeforeTaxIFRSSummaryOfBusinessResults"/>
    <link:presentationArc xlink:type="arc" xlink:arcrole="http://www.xbrl.org/2003/arcrole/parent-child" xlink:from="BusinessResultsOfGroupLineItems" xlink:to="ProfitLossBeforeTaxIFRSSummaryOfBusinessResults" order="30.0"/>
    <link:loc xlink:type="locator" xlink:href="../jpcrp_cor_2023-12-01.xsd#jpcrp_cor_ProfitLossFromContinuingOperationsIFRSSummaryOfBusinessResults" xlink:label="ProfitLossFromContinuingOperationsIFRSSummaryOfBusinessResults"/>
    <link:presentationArc xlink:type="arc" xlink:arcrole="http://www.xbrl.org/2003/arcrole/parent-child" xlink:from="BusinessResultsOfGroupLineItems" xlink:to="ProfitLossFromContinuingOperationsIFRSSummaryOfBusinessResults" order="31.0"/>
    <link:loc xlink:type="locator" xlink:href="../jpcrp_cor_2023-12-01.xsd#jpcrp_cor_ProfitLossIFRSSummaryOfBusinessResults" xlink:label="ProfitLossIFRSSummaryOfBusinessResults"/>
    <link:presentationArc xlink:type="arc" xlink:arcrole="http://www.xbrl.org/2003/arcrole/parent-child" xlink:from="BusinessResultsOfGroupLineItems" xlink:to="ProfitLossIFRSSummaryOfBusinessResults" order="32.0"/>
    <link:loc xlink:type="locator" xlink:href="../jpcrp_cor_2023-12-01.xsd#jpcrp_cor_ProfitLossAttributableToOwnersOfParentIFRSSummaryOfBusinessResults" xlink:label="ProfitLossAttributableToOwnersOfParentIFRSSummaryOfBusinessResults"/>
    <link:presentationArc xlink:type="arc" xlink:arcrole="http://www.xbrl.org/2003/arcrole/parent-child" xlink:from="BusinessResultsOfGroupLineItems" xlink:to="ProfitLossAttributableToOwnersOfParentIFRSSummaryOfBusinessResults" order="33.0"/>
    <link:loc xlink:type="locator" xlink:href="../jpcrp_cor_2023-12-01.xsd#jpcrp_cor_ComprehensiveIncomeIFRSSummaryOfBusinessResults" xlink:label="ComprehensiveIncomeIFRSSummaryOfBusinessResults"/>
    <link:presentationArc xlink:type="arc" xlink:arcrole="http://www.xbrl.org/2003/arcrole/parent-child" xlink:from="BusinessResultsOfGroupLineItems" xlink:to="ComprehensiveIncomeIFRSSummaryOfBusinessResults" order="34.0"/>
    <link:loc xlink:type="locator" xlink:href="../jpcrp_cor_2023-12-01.xsd#jpcrp_cor_ComprehensiveIncomeAttributableToOwnersOfParentIFRSSummaryOfBusinessResults" xlink:label="ComprehensiveIncomeAttributableToOwnersOfParentIFRSSummaryOfBusinessResults"/>
    <link:presentationArc xlink:type="arc" xlink:arcrole="http://www.xbrl.org/2003/arcrole/parent-child" xlink:from="BusinessResultsOfGroupLineItems" xlink:to="ComprehensiveIncomeAttributableToOwnersOfParentIFRSSummaryOfBusinessResults" order="35.0"/>
    <link:loc xlink:type="locator" xlink:href="../jpcrp_cor_2023-12-01.xsd#jpcrp_cor_EquityAttributableToOwnersOfParentIFRSSummaryOfBusinessResults" xlink:label="EquityAttributableToOwnersOfParentIFRSSummaryOfBusinessResults"/>
    <link:presentationArc xlink:type="arc" xlink:arcrole="http://www.xbrl.org/2003/arcrole/parent-child" xlink:from="BusinessResultsOfGroupLineItems" xlink:to="EquityAttributableToOwnersOfParentIFRSSummaryOfBusinessResults" order="36.0"/>
    <link:loc xlink:type="locator" xlink:href="../jpcrp_cor_2023-12-01.xsd#jpcrp_cor_TotalAssetsIFRSSummaryOfBusinessResults" xlink:label="TotalAssetsIFRSSummaryOfBusinessResults"/>
    <link:presentationArc xlink:type="arc" xlink:arcrole="http://www.xbrl.org/2003/arcrole/parent-child" xlink:from="BusinessResultsOfGroupLineItems" xlink:to="TotalAssetsIFRSSummaryOfBusinessResults" order="37.0"/>
    <link:loc xlink:type="locator" xlink:href="../jpcrp_cor_2023-12-01.xsd#jpcrp_cor_EquityToAssetRatioIFRSSummaryOfBusinessResults" xlink:label="EquityToAssetRatioIFRSSummaryOfBusinessResults"/>
    <link:presentationArc xlink:type="arc" xlink:arcrole="http://www.xbrl.org/2003/arcrole/parent-child" xlink:from="BusinessResultsOfGroupLineItems" xlink:to="EquityToAssetRatioIFRSSummaryOfBusinessResults" order="38.0"/>
    <link:loc xlink:type="locator" xlink:href="../jpcrp_cor_2023-12-01.xsd#jpcrp_cor_BasicEarningsLossPerShareIFRSSummaryOfBusinessResults" xlink:label="BasicEarningsLossPerShareIFRSSummaryOfBusinessResults"/>
    <link:presentationArc xlink:type="arc" xlink:arcrole="http://www.xbrl.org/2003/arcrole/parent-child" xlink:from="BusinessResultsOfGroupLineItems" xlink:to="BasicEarningsLossPerShareIFRSSummaryOfBusinessResults" order="39.0"/>
    <link:loc xlink:type="locator" xlink:href="../jpcrp_cor_2023-12-01.xsd#jpcrp_cor_DilutedEarningsLossPerShareIFRSSummaryOfBusinessResults" xlink:label="DilutedEarningsLossPerShareIFRSSummaryOfBusinessResults"/>
    <link:presentationArc xlink:type="arc" xlink:arcrole="http://www.xbrl.org/2003/arcrole/parent-child" xlink:from="BusinessResultsOfGroupLineItems" xlink:to="DilutedEarningsLossPerShareIFRSSummaryOfBusinessResults" order="40.0"/>
    <link:loc xlink:type="locator" xlink:href="../jpcrp_cor_2023-12-01.xsd#jpcrp_cor_RatioOfOwnersEquityToGrossAssetsIFRSSummaryOfBusinessResults" xlink:label="RatioOfOwnersEquityToGrossAssetsIFRSSummaryOfBusinessResults"/>
    <link:presentationArc xlink:type="arc" xlink:arcrole="http://www.xbrl.org/2003/arcrole/parent-child" xlink:from="BusinessResultsOfGroupLineItems" xlink:to="RatioOfOwnersEquityToGrossAssetsIFRSSummaryOfBusinessResults" order="41.0"/>
    <link:loc xlink:type="locator" xlink:href="../jpcrp_cor_2023-12-01.xsd#jpcrp_cor_RateOfReturnOnEquityIFRSSummaryOfBusinessResults" xlink:label="RateOfReturnOnEquityIFRSSummaryOfBusinessResults"/>
    <link:presentationArc xlink:type="arc" xlink:arcrole="http://www.xbrl.org/2003/arcrole/parent-child" xlink:from="BusinessResultsOfGroupLineItems" xlink:to="RateOfReturnOnEquityIFRSSummaryOfBusinessResults" order="42.0"/>
    <link:loc xlink:type="locator" xlink:href="../jpcrp_cor_2023-12-01.xsd#jpcrp_cor_PriceEarningsRatioIFRSSummaryOfBusinessResults" xlink:label="PriceEarningsRatioIFRSSummaryOfBusinessResults"/>
    <link:presentationArc xlink:type="arc" xlink:arcrole="http://www.xbrl.org/2003/arcrole/parent-child" xlink:from="BusinessResultsOfGroupLineItems" xlink:to="PriceEarningsRatioIFRSSummaryOfBusinessResults" order="43.0"/>
    <link:loc xlink:type="locator" xlink:href="../jpcrp_cor_2023-12-01.xsd#jpcrp_cor_CashFlowsFromUsedInOperatingActivitiesIFRSSummaryOfBusinessResults" xlink:label="CashFlowsFromUsedInOperatingActivitiesIFRSSummaryOfBusinessResults"/>
    <link:presentationArc xlink:type="arc" xlink:arcrole="http://www.xbrl.org/2003/arcrole/parent-child" xlink:from="BusinessResultsOfGroupLineItems" xlink:to="CashFlowsFromUsedInOperatingActivitiesIFRSSummaryOfBusinessResults" order="44.0"/>
    <link:loc xlink:type="locator" xlink:href="../jpcrp_cor_2023-12-01.xsd#jpcrp_cor_CashFlowsFromUsedInInvestingActivitiesIFRSSummaryOfBusinessResults" xlink:label="CashFlowsFromUsedInInvestingActivitiesIFRSSummaryOfBusinessResults"/>
    <link:presentationArc xlink:type="arc" xlink:arcrole="http://www.xbrl.org/2003/arcrole/parent-child" xlink:from="BusinessResultsOfGroupLineItems" xlink:to="CashFlowsFromUsedInInvestingActivitiesIFRSSummaryOfBusinessResults" order="45.0"/>
    <link:loc xlink:type="locator" xlink:href="../jpcrp_cor_2023-12-01.xsd#jpcrp_cor_CashFlowsFromUsedInFinancingActivitiesIFRSSummaryOfBusinessResults" xlink:label="CashFlowsFromUsedInFinancingActivitiesIFRSSummaryOfBusinessResults"/>
    <link:presentationArc xlink:type="arc" xlink:arcrole="http://www.xbrl.org/2003/arcrole/parent-child" xlink:from="BusinessResultsOfGroupLineItems" xlink:to="CashFlowsFromUsedInFinancingActivitiesIFRSSummaryOfBusinessResults" order="46.0"/>
    <link:loc xlink:type="locator" xlink:href="../jpcrp_cor_2023-12-01.xsd#jpcrp_cor_CashAndCashEquivalentsIFRSSummaryOfBusinessResults" xlink:label="CashAndCashEquivalentsIFRSSummaryOfBusinessResults"/>
    <link:presentationArc xlink:type="arc" xlink:arcrole="http://www.xbrl.org/2003/arcrole/parent-child" xlink:from="BusinessResultsOfGroupLineItems" xlink:to="CashAndCashEquivalentsIFRSSummaryOfBusinessResults" order="47.0"/>
    <link:loc xlink:type="locator" xlink:href="../jpcrp_cor_2023-12-01.xsd#jpcrp_cor_RevenueJMISSummaryOfBusinessResults" xlink:label="RevenueJMISSummaryOfBusinessResults"/>
    <link:presentationArc xlink:type="arc" xlink:arcrole="http://www.xbrl.org/2003/arcrole/parent-child" xlink:from="BusinessResultsOfGroupLineItems" xlink:to="RevenueJMISSummaryOfBusinessResults" order="48.0"/>
    <link:loc xlink:type="locator" xlink:href="../jpcrp_cor_2023-12-01.xsd#jpcrp_cor_ProfitLossBeforeTaxJMISSummaryOfBusinessResults" xlink:label="ProfitLossBeforeTaxJMISSummaryOfBusinessResults"/>
    <link:presentationArc xlink:type="arc" xlink:arcrole="http://www.xbrl.org/2003/arcrole/parent-child" xlink:from="BusinessResultsOfGroupLineItems" xlink:to="ProfitLossBeforeTaxJMISSummaryOfBusinessResults" order="49.0"/>
    <link:loc xlink:type="locator" xlink:href="../jpcrp_cor_2023-12-01.xsd#jpcrp_cor_ProfitLossFromContinuingOperationsJMISSummaryOfBusinessResults" xlink:label="ProfitLossFromContinuingOperationsJMISSummaryOfBusinessResults"/>
    <link:presentationArc xlink:type="arc" xlink:arcrole="http://www.xbrl.org/2003/arcrole/parent-child" xlink:from="BusinessResultsOfGroupLineItems" xlink:to="ProfitLossFromContinuingOperationsJMISSummaryOfBusinessResults" order="50.0"/>
    <link:loc xlink:type="locator" xlink:href="../jpcrp_cor_2023-12-01.xsd#jpcrp_cor_ProfitLossJMISSummaryOfBusinessResults" xlink:label="ProfitLossJMISSummaryOfBusinessResults"/>
    <link:presentationArc xlink:type="arc" xlink:arcrole="http://www.xbrl.org/2003/arcrole/parent-child" xlink:from="BusinessResultsOfGroupLineItems" xlink:to="ProfitLossJMISSummaryOfBusinessResults" order="51.0"/>
    <link:loc xlink:type="locator" xlink:href="../jpcrp_cor_2023-12-01.xsd#jpcrp_cor_ProfitLossAttributableToOwnersOfParentJMISSummaryOfBusinessResults" xlink:label="ProfitLossAttributableToOwnersOfParentJMISSummaryOfBusinessResults"/>
    <link:presentationArc xlink:type="arc" xlink:arcrole="http://www.xbrl.org/2003/arcrole/parent-child" xlink:from="BusinessResultsOfGroupLineItems" xlink:to="ProfitLossAttributableToOwnersOfParentJMISSummaryOfBusinessResults" order="52.0"/>
    <link:loc xlink:type="locator" xlink:href="../jpcrp_cor_2023-12-01.xsd#jpcrp_cor_ComprehensiveIncomeJMISSummaryOfBusinessResults" xlink:label="ComprehensiveIncomeJMISSummaryOfBusinessResults"/>
    <link:presentationArc xlink:type="arc" xlink:arcrole="http://www.xbrl.org/2003/arcrole/parent-child" xlink:from="BusinessResultsOfGroupLineItems" xlink:to="ComprehensiveIncomeJMISSummaryOfBusinessResults" order="53.0"/>
    <link:loc xlink:type="locator" xlink:href="../jpcrp_cor_2023-12-01.xsd#jpcrp_cor_ComprehensiveIncomeAttributableToOwnersOfParentJMISSummaryOfBusinessResults" xlink:label="ComprehensiveIncomeAttributableToOwnersOfParentJMISSummaryOfBusinessResults"/>
    <link:presentationArc xlink:type="arc" xlink:arcrole="http://www.xbrl.org/2003/arcrole/parent-child" xlink:from="BusinessResultsOfGroupLineItems" xlink:to="ComprehensiveIncomeAttributableToOwnersOfParentJMISSummaryOfBusinessResults" order="54.0"/>
    <link:loc xlink:type="locator" xlink:href="../jpcrp_cor_2023-12-01.xsd#jpcrp_cor_EquityAttributableToOwnersOfParentJMISSummaryOfBusinessResults" xlink:label="EquityAttributableToOwnersOfParentJMISSummaryOfBusinessResults"/>
    <link:presentationArc xlink:type="arc" xlink:arcrole="http://www.xbrl.org/2003/arcrole/parent-child" xlink:from="BusinessResultsOfGroupLineItems" xlink:to="EquityAttributableToOwnersOfParentJMISSummaryOfBusinessResults" order="55.0"/>
    <link:loc xlink:type="locator" xlink:href="../jpcrp_cor_2023-12-01.xsd#jpcrp_cor_TotalAssetsJMISSummaryOfBusinessResults" xlink:label="TotalAssetsJMISSummaryOfBusinessResults"/>
    <link:presentationArc xlink:type="arc" xlink:arcrole="http://www.xbrl.org/2003/arcrole/parent-child" xlink:from="BusinessResultsOfGroupLineItems" xlink:to="TotalAssetsJMISSummaryOfBusinessResults" order="56.0"/>
    <link:loc xlink:type="locator" xlink:href="../jpcrp_cor_2023-12-01.xsd#jpcrp_cor_EquityToAssetRatioJMISSummaryOfBusinessResults" xlink:label="EquityToAssetRatioJMISSummaryOfBusinessResults"/>
    <link:presentationArc xlink:type="arc" xlink:arcrole="http://www.xbrl.org/2003/arcrole/parent-child" xlink:from="BusinessResultsOfGroupLineItems" xlink:to="EquityToAssetRatioJMISSummaryOfBusinessResults" order="57.0"/>
    <link:loc xlink:type="locator" xlink:href="../jpcrp_cor_2023-12-01.xsd#jpcrp_cor_BasicEarningsLossPerShareJMISSummaryOfBusinessResults" xlink:label="BasicEarningsLossPerShareJMISSummaryOfBusinessResults"/>
    <link:presentationArc xlink:type="arc" xlink:arcrole="http://www.xbrl.org/2003/arcrole/parent-child" xlink:from="BusinessResultsOfGroupLineItems" xlink:to="BasicEarningsLossPerShareJMISSummaryOfBusinessResults" order="58.0"/>
    <link:loc xlink:type="locator" xlink:href="../jpcrp_cor_2023-12-01.xsd#jpcrp_cor_DilutedEarningsLossPerShareJMISSummaryOfBusinessResults" xlink:label="DilutedEarningsLossPerShareJMISSummaryOfBusinessResults"/>
    <link:presentationArc xlink:type="arc" xlink:arcrole="http://www.xbrl.org/2003/arcrole/parent-child" xlink:from="BusinessResultsOfGroupLineItems" xlink:to="DilutedEarningsLossPerShareJMISSummaryOfBusinessResults" order="59.0"/>
    <link:loc xlink:type="locator" xlink:href="../jpcrp_cor_2023-12-01.xsd#jpcrp_cor_RatioOfOwnersEquityToGrossAssetsJMISSummaryOfBusinessResults" xlink:label="RatioOfOwnersEquityToGrossAssetsJMISSummaryOfBusinessResults"/>
    <link:presentationArc xlink:type="arc" xlink:arcrole="http://www.xbrl.org/2003/arcrole/parent-child" xlink:from="BusinessResultsOfGroupLineItems" xlink:to="RatioOfOwnersEquityToGrossAssetsJMISSummaryOfBusinessResults" order="60.0"/>
    <link:loc xlink:type="locator" xlink:href="../jpcrp_cor_2023-12-01.xsd#jpcrp_cor_RateOfReturnOnEquityJMISSummaryOfBusinessResults" xlink:label="RateOfReturnOnEquityJMISSummaryOfBusinessResults"/>
    <link:presentationArc xlink:type="arc" xlink:arcrole="http://www.xbrl.org/2003/arcrole/parent-child" xlink:from="BusinessResultsOfGroupLineItems" xlink:to="RateOfReturnOnEquityJMISSummaryOfBusinessResults" order="61.0"/>
    <link:loc xlink:type="locator" xlink:href="../jpcrp_cor_2023-12-01.xsd#jpcrp_cor_PriceEarningsRatioJMISSummaryOfBusinessResults" xlink:label="PriceEarningsRatioJMISSummaryOfBusinessResults"/>
    <link:presentationArc xlink:type="arc" xlink:arcrole="http://www.xbrl.org/2003/arcrole/parent-child" xlink:from="BusinessResultsOfGroupLineItems" xlink:to="PriceEarningsRatioJMISSummaryOfBusinessResults" order="62.0"/>
    <link:loc xlink:type="locator" xlink:href="../jpcrp_cor_2023-12-01.xsd#jpcrp_cor_CashFlowsFromUsedInOperatingActivitiesJMISSummaryOfBusinessResults" xlink:label="CashFlowsFromUsedInOperatingActivitiesJMISSummaryOfBusinessResults"/>
    <link:presentationArc xlink:type="arc" xlink:arcrole="http://www.xbrl.org/2003/arcrole/parent-child" xlink:from="BusinessResultsOfGroupLineItems" xlink:to="CashFlowsFromUsedInOperatingActivitiesJMISSummaryOfBusinessResults" order="63.0"/>
    <link:loc xlink:type="locator" xlink:href="../jpcrp_cor_2023-12-01.xsd#jpcrp_cor_CashFlowsFromUsedInInvestingActivitiesJMISSummaryOfBusinessResults" xlink:label="CashFlowsFromUsedInInvestingActivitiesJMISSummaryOfBusinessResults"/>
    <link:presentationArc xlink:type="arc" xlink:arcrole="http://www.xbrl.org/2003/arcrole/parent-child" xlink:from="BusinessResultsOfGroupLineItems" xlink:to="CashFlowsFromUsedInInvestingActivitiesJMISSummaryOfBusinessResults" order="64.0"/>
    <link:loc xlink:type="locator" xlink:href="../jpcrp_cor_2023-12-01.xsd#jpcrp_cor_CashFlowsFromUsedInFinancingActivitiesJMISSummaryOfBusinessResults" xlink:label="CashFlowsFromUsedInFinancingActivitiesJMISSummaryOfBusinessResults"/>
    <link:presentationArc xlink:type="arc" xlink:arcrole="http://www.xbrl.org/2003/arcrole/parent-child" xlink:from="BusinessResultsOfGroupLineItems" xlink:to="CashFlowsFromUsedInFinancingActivitiesJMISSummaryOfBusinessResults" order="65.0"/>
    <link:loc xlink:type="locator" xlink:href="../jpcrp_cor_2023-12-01.xsd#jpcrp_cor_CashAndCashEquivalentsJMISSummaryOfBusinessResults" xlink:label="CashAndCashEquivalentsJMISSummaryOfBusinessResults"/>
    <link:presentationArc xlink:type="arc" xlink:arcrole="http://www.xbrl.org/2003/arcrole/parent-child" xlink:from="BusinessResultsOfGroupLineItems" xlink:to="CashAndCashEquivalentsJMISSummaryOfBusinessResults" order="66.0"/>
    <link:loc xlink:type="locator" xlink:href="../jpcrp_cor_2023-12-01.xsd#jpcrp_cor_RevenuesUSGAAPSummaryOfBusinessResults" xlink:label="RevenuesUSGAAPSummaryOfBusinessResults"/>
    <link:presentationArc xlink:type="arc" xlink:arcrole="http://www.xbrl.org/2003/arcrole/parent-child" xlink:from="BusinessResultsOfGroupLineItems" xlink:to="RevenuesUSGAAPSummaryOfBusinessResults" order="67.0"/>
    <link:loc xlink:type="locator" xlink:href="../jpcrp_cor_2023-12-01.xsd#jpcrp_cor_OperatingIncomeLossUSGAAPSummaryOfBusinessResults" xlink:label="OperatingIncomeLossUSGAAPSummaryOfBusinessResults"/>
    <link:presentationArc xlink:type="arc" xlink:arcrole="http://www.xbrl.org/2003/arcrole/parent-child" xlink:from="BusinessResultsOfGroupLineItems" xlink:to="OperatingIncomeLossUSGAAPSummaryOfBusinessResults" order="68.0"/>
    <link:loc xlink:type="locator" xlink:href="../jpcrp_cor_2023-12-01.xsd#jpcrp_cor_ProfitLossBeforeTaxUSGAAPSummaryOfBusinessResults" xlink:label="ProfitLossBeforeTaxUSGAAPSummaryOfBusinessResults"/>
    <link:presentationArc xlink:type="arc" xlink:arcrole="http://www.xbrl.org/2003/arcrole/parent-child" xlink:from="BusinessResultsOfGroupLineItems" xlink:to="ProfitLossBeforeTaxUSGAAPSummaryOfBusinessResults" order="69.0"/>
    <link:loc xlink:type="locator" xlink:href="../jpcrp_cor_2023-12-01.xsd#jpcrp_cor_NetIncomeLossAttributableToOwnersOfParentUSGAAPSummaryOfBusinessResults" xlink:label="NetIncomeLossAttributableToOwnersOfParentUSGAAPSummaryOfBusinessResults"/>
    <link:presentationArc xlink:type="arc" xlink:arcrole="http://www.xbrl.org/2003/arcrole/parent-child" xlink:from="BusinessResultsOfGroupLineItems" xlink:to="NetIncomeLossAttributableToOwnersOfParentUSGAAPSummaryOfBusinessResults" order="70.0"/>
    <link:loc xlink:type="locator" xlink:href="../jpcrp_cor_2023-12-01.xsd#jpcrp_cor_ComprehensiveIncomeUSGAAPSummaryOfBusinessResults" xlink:label="ComprehensiveIncomeUSGAAPSummaryOfBusinessResults"/>
    <link:presentationArc xlink:type="arc" xlink:arcrole="http://www.xbrl.org/2003/arcrole/parent-child" xlink:from="BusinessResultsOfGroupLineItems" xlink:to="ComprehensiveIncomeUSGAAPSummaryOfBusinessResults" order="71.0"/>
    <link:loc xlink:type="locator" xlink:href="../jpcrp_cor_2023-12-01.xsd#jpcrp_cor_ComprehensiveIncomeAttributableToOwnersOfParentUSGAAPSummaryOfBusinessResults" xlink:label="ComprehensiveIncomeAttributableToOwnersOfParentUSGAAPSummaryOfBusinessResults"/>
    <link:presentationArc xlink:type="arc" xlink:arcrole="http://www.xbrl.org/2003/arcrole/parent-child" xlink:from="BusinessResultsOfGroupLineItems" xlink:to="ComprehensiveIncomeAttributableToOwnersOfParentUSGAAPSummaryOfBusinessResults" order="72.0"/>
    <link:loc xlink:type="locator" xlink:href="../jpcrp_cor_2023-12-01.xsd#jpcrp_cor_EquityAttributableToOwnersOfParentUSGAAPSummaryOfBusinessResults" xlink:label="EquityAttributableToOwnersOfParentUSGAAPSummaryOfBusinessResults"/>
    <link:presentationArc xlink:type="arc" xlink:arcrole="http://www.xbrl.org/2003/arcrole/parent-child" xlink:from="BusinessResultsOfGroupLineItems" xlink:to="EquityAttributableToOwnersOfParentUSGAAPSummaryOfBusinessResults" order="73.0"/>
    <link:loc xlink:type="locator" xlink:href="../jpcrp_cor_2023-12-01.xsd#jpcrp_cor_EquityIncludingPortionAttributableToNonControllingInterestUSGAAPSummaryOfBusinessResults" xlink:label="EquityIncludingPortionAttributableToNonControllingInterestUSGAAPSummaryOfBusinessResults"/>
    <link:presentationArc xlink:type="arc" xlink:arcrole="http://www.xbrl.org/2003/arcrole/parent-child" xlink:from="BusinessResultsOfGroupLineItems" xlink:to="EquityIncludingPortionAttributableToNonControllingInterestUSGAAPSummaryOfBusinessResults" order="74.0"/>
    <link:loc xlink:type="locator" xlink:href="../jpcrp_cor_2023-12-01.xsd#jpcrp_cor_TotalAssetsUSGAAPSummaryOfBusinessResults" xlink:label="TotalAssetsUSGAAPSummaryOfBusinessResults"/>
    <link:presentationArc xlink:type="arc" xlink:arcrole="http://www.xbrl.org/2003/arcrole/parent-child" xlink:from="BusinessResultsOfGroupLineItems" xlink:to="TotalAssetsUSGAAPSummaryOfBusinessResults" order="75.0"/>
    <link:loc xlink:type="locator" xlink:href="../jpcrp_cor_2023-12-01.xsd#jpcrp_cor_EquityAttributableToOwnersOfParentPerShareUSGAAPSummaryOfBusinessResults" xlink:label="EquityAttributableToOwnersOfParentPerShareUSGAAPSummaryOfBusinessResults"/>
    <link:presentationArc xlink:type="arc" xlink:arcrole="http://www.xbrl.org/2003/arcrole/parent-child" xlink:from="BusinessResultsOfGroupLineItems" xlink:to="EquityAttributableToOwnersOfParentPerShareUSGAAPSummaryOfBusinessResults" order="76.0"/>
    <link:loc xlink:type="locator" xlink:href="../jpcrp_cor_2023-12-01.xsd#jpcrp_cor_BasicEarningsLossPerShareUSGAAPSummaryOfBusinessResults" xlink:label="BasicEarningsLossPerShareUSGAAPSummaryOfBusinessResults"/>
    <link:presentationArc xlink:type="arc" xlink:arcrole="http://www.xbrl.org/2003/arcrole/parent-child" xlink:from="BusinessResultsOfGroupLineItems" xlink:to="BasicEarningsLossPerShareUSGAAPSummaryOfBusinessResults" order="77.0"/>
    <link:loc xlink:type="locator" xlink:href="../jpcrp_cor_2023-12-01.xsd#jpcrp_cor_DilutedEarningsLossPerShareUSGAAPSummaryOfBusinessResults" xlink:label="DilutedEarningsLossPerShareUSGAAPSummaryOfBusinessResults"/>
    <link:presentationArc xlink:type="arc" xlink:arcrole="http://www.xbrl.org/2003/arcrole/parent-child" xlink:from="BusinessResultsOfGroupLineItems" xlink:to="DilutedEarningsLossPerShareUSGAAPSummaryOfBusinessResults" order="78.0"/>
    <link:loc xlink:type="locator" xlink:href="../jpcrp_cor_2023-12-01.xsd#jpcrp_cor_EquityToAssetRatioUSGAAPSummaryOfBusinessResults" xlink:label="EquityToAssetRatioUSGAAPSummaryOfBusinessResults"/>
    <link:presentationArc xlink:type="arc" xlink:arcrole="http://www.xbrl.org/2003/arcrole/parent-child" xlink:from="BusinessResultsOfGroupLineItems" xlink:to="EquityToAssetRatioUSGAAPSummaryOfBusinessResults" order="79.0"/>
    <link:loc xlink:type="locator" xlink:href="../jpcrp_cor_2023-12-01.xsd#jpcrp_cor_PriceEarningsRatioUSGAAPSummaryOfBusinessResults" xlink:label="PriceEarningsRatioUSGAAPSummaryOfBusinessResults"/>
    <link:presentationArc xlink:type="arc" xlink:arcrole="http://www.xbrl.org/2003/arcrole/parent-child" xlink:from="BusinessResultsOfGroupLineItems" xlink:to="PriceEarningsRatioUSGAAPSummaryOfBusinessResults" order="80.0"/>
    <link:loc xlink:type="locator" xlink:href="../jpcrp_cor_2023-12-01.xsd#jpcrp_cor_RateOfReturnOnEquityUSGAAPSummaryOfBusinessResults" xlink:label="RateOfReturnOnEquityUSGAAPSummaryOfBusinessResults"/>
    <link:presentationArc xlink:type="arc" xlink:arcrole="http://www.xbrl.org/2003/arcrole/parent-child" xlink:from="BusinessResultsOfGroupLineItems" xlink:to="RateOfReturnOnEquityUSGAAPSummaryOfBusinessResults" order="81.0"/>
    <link:loc xlink:type="locator" xlink:href="../jpcrp_cor_2023-12-01.xsd#jpcrp_cor_CashFlowsFromUsedInOperatingActivitiesUSGAAPSummaryOfBusinessResults" xlink:label="CashFlowsFromUsedInOperatingActivitiesUSGAAPSummaryOfBusinessResults"/>
    <link:presentationArc xlink:type="arc" xlink:arcrole="http://www.xbrl.org/2003/arcrole/parent-child" xlink:from="BusinessResultsOfGroupLineItems" xlink:to="CashFlowsFromUsedInOperatingActivitiesUSGAAPSummaryOfBusinessResults" order="82.0"/>
    <link:loc xlink:type="locator" xlink:href="../jpcrp_cor_2023-12-01.xsd#jpcrp_cor_CashFlowsFromUsedInInvestingActivitiesUSGAAPSummaryOfBusinessResults" xlink:label="CashFlowsFromUsedInInvestingActivitiesUSGAAPSummaryOfBusinessResults"/>
    <link:presentationArc xlink:type="arc" xlink:arcrole="http://www.xbrl.org/2003/arcrole/parent-child" xlink:from="BusinessResultsOfGroupLineItems" xlink:to="CashFlowsFromUsedInInvestingActivitiesUSGAAPSummaryOfBusinessResults" order="83.0"/>
    <link:loc xlink:type="locator" xlink:href="../jpcrp_cor_2023-12-01.xsd#jpcrp_cor_CashFlowsFromUsedInFinancingActivitiesUSGAAPSummaryOfBusinessResults" xlink:label="CashFlowsFromUsedInFinancingActivitiesUSGAAPSummaryOfBusinessResults"/>
    <link:presentationArc xlink:type="arc" xlink:arcrole="http://www.xbrl.org/2003/arcrole/parent-child" xlink:from="BusinessResultsOfGroupLineItems" xlink:to="CashFlowsFromUsedInFinancingActivitiesUSGAAPSummaryOfBusinessResults" order="84.0"/>
    <link:loc xlink:type="locator" xlink:href="../jpcrp_cor_2023-12-01.xsd#jpcrp_cor_CashAndCashEquivalentsUSGAAPSummaryOfBusinessResults" xlink:label="CashAndCashEquivalentsUSGAAPSummaryOfBusinessResults"/>
    <link:presentationArc xlink:type="arc" xlink:arcrole="http://www.xbrl.org/2003/arcrole/parent-child" xlink:from="BusinessResultsOfGroupLineItems" xlink:to="CashAndCashEquivalentsUSGAAPSummaryOfBusinessResults" order="85.0"/>
  </link:presentationLink>
</link:linkbase>
