<?xml version="1.0" encoding="UTF-8"?>
<!--  (c) Financial Services Agency, The Japanese Government.
      All Rights Reserved.
      For intellectual property policy and authorized uses of EDINET Taxonomy,
      refer to “EDINET Taxonomy Legal Statement” at http://www.fsa.go.jp/search/EDINET_Taxonomy_Legal_Statement.html
-->
<link:linkbase xmlns:link="http://www.xbrl.org/2003/linkbase" xmlns:xsi="http://www.w3.org/2001/XMLSchema-instance" xmlns:xlink="http://www.w3.org/1999/xlink" xmlns:xbrli="http://www.xbrl.org/2003/instance">
  <link:roleRef roleURI="http://disclosure.edinet-fsa.go.jp/role/jpcrp/rol_std_NotesQuarterlyConsolidatedBalanceSheet" xlink:type="simple" xlink:href="../jpcrp_rt_2023-12-01.xsd#rol_std_NotesQuarterlyConsolidatedBalanceSheet"/>
  <link:presentationLink xlink:type="extended" xlink:role="http://disclosure.edinet-fsa.go.jp/role/jpcrp/rol_std_NotesQuarterlyConsolidatedBalanceSheet">
    <link:loc xlink:type="locator" xlink:href="../../../jppfs/2023-12-01/jppfs_cor_2023-12-01.xsd#jppfs_cor_ConsolidatedOrNonConsolidatedAxis" xlink:label="ConsolidatedOrNonConsolidatedAxis"/>
    <link:loc xlink:type="locator" xlink:href="../../../jppfs/2023-12-01/jppfs_cor_2023-12-01.xsd#jppfs_cor_ConsolidatedMember" xlink:label="ConsolidatedMember"/>
    <link:presentationArc xlink:type="arc" xlink:arcrole="http://www.xbrl.org/2003/arcrole/parent-child" xlink:from="ConsolidatedOrNonConsolidatedAxis" xlink:to="ConsolidatedMember" order="1.0"/>
    <link:loc xlink:type="locator" xlink:href="../jpcrp_cor_2023-12-01.xsd#jpcrp_cor_NotesRegardingAllowancesDirectlyDeductedFromBalancesOfAssetsTextBlock" xlink:label="NotesRegardingAllowancesDirectlyDeductedFromBalancesOfAssetsTextBlock"/>
    <link:loc xlink:type="locator" xlink:href="../../../jppfs/2023-12-01/jppfs_cor_2023-12-01.xsd#jppfs_cor_AllowanceForDoubtfulAccountsCA" xlink:label="AllowanceForDoubtfulAccountsCA"/>
    <link:presentationArc xlink:type="arc" xlink:arcrole="http://www.xbrl.org/2003/arcrole/parent-child" xlink:from="NotesRegardingAllowancesDirectlyDeductedFromBalancesOfAssetsTextBlock" xlink:to="AllowanceForDoubtfulAccountsCA" order="1.0"/>
    <link:loc xlink:type="locator" xlink:href="../../../jppfs/2023-12-01/jppfs_cor_2023-12-01.xsd#jppfs_cor_AllowanceForDoubtfulAccountsIOAByGroup" xlink:label="AllowanceForDoubtfulAccountsIOAByGroup"/>
    <link:presentationArc xlink:type="arc" xlink:arcrole="http://www.xbrl.org/2003/arcrole/parent-child" xlink:from="NotesRegardingAllowancesDirectlyDeductedFromBalancesOfAssetsTextBlock" xlink:to="AllowanceForDoubtfulAccountsIOAByGroup" order="2.0"/>
    <link:loc xlink:type="locator" xlink:href="../../../jppfs/2023-12-01/jppfs_cor_2023-12-01.xsd#jppfs_cor_AllowanceForDoubtfulAccountsAccountsReceivableTrade" xlink:label="AllowanceForDoubtfulAccountsAccountsReceivableTrade"/>
    <link:presentationArc xlink:type="arc" xlink:arcrole="http://www.xbrl.org/2003/arcrole/parent-child" xlink:from="NotesRegardingAllowancesDirectlyDeductedFromBalancesOfAssetsTextBlock" xlink:to="AllowanceForDoubtfulAccountsAccountsReceivableTrade" order="3.0"/>
    <link:loc xlink:type="locator" xlink:href="../../../jppfs/2023-12-01/jppfs_cor_2023-12-01.xsd#jppfs_cor_AllowanceForDoubtfulAccountsLongTermLoansReceivable" xlink:label="AllowanceForDoubtfulAccountsLongTermLoansReceivable"/>
    <link:presentationArc xlink:type="arc" xlink:arcrole="http://www.xbrl.org/2003/arcrole/parent-child" xlink:from="NotesRegardingAllowancesDirectlyDeductedFromBalancesOfAssetsTextBlock" xlink:to="AllowanceForDoubtfulAccountsLongTermLoansReceivable" order="4.0"/>
    <link:loc xlink:type="locator" xlink:href="../../../jppfs/2023-12-01/jppfs_cor_2023-12-01.xsd#jppfs_cor_AllowanceForDoubtfulAccountsClaimsInBankruptcyReorganizationClaimsAndOther" xlink:label="AllowanceForDoubtfulAccountsClaimsInBankruptcyReorganizationClaimsAndOther"/>
    <link:presentationArc xlink:type="arc" xlink:arcrole="http://www.xbrl.org/2003/arcrole/parent-child" xlink:from="NotesRegardingAllowancesDirectlyDeductedFromBalancesOfAssetsTextBlock" xlink:to="AllowanceForDoubtfulAccountsClaimsInBankruptcyReorganizationClaimsAndOther" order="5.0"/>
    <link:loc xlink:type="locator" xlink:href="../jpcrp_cor_2023-12-01.xsd#jpcrp_cor_NotesRegardingTradeNotesReceivableDiscountedOrTransferredByEndorsementTextBlock" xlink:label="NotesRegardingTradeNotesReceivableDiscountedOrTransferredByEndorsementTextBlock"/>
    <link:loc xlink:type="locator" xlink:href="../jpcrp_cor_2023-12-01.xsd#jpcrp_cor_DiscountedTradeNotesReceivable" xlink:label="DiscountedTradeNotesReceivable"/>
    <link:presentationArc xlink:type="arc" xlink:arcrole="http://www.xbrl.org/2003/arcrole/parent-child" xlink:from="NotesRegardingTradeNotesReceivableDiscountedOrTransferredByEndorsementTextBlock" xlink:to="DiscountedTradeNotesReceivable" order="1.0"/>
    <link:loc xlink:type="locator" xlink:href="../jpcrp_cor_2023-12-01.xsd#jpcrp_cor_TradeNotesReceivableTransferredByEndorsement" xlink:label="TradeNotesReceivableTransferredByEndorsement"/>
    <link:presentationArc xlink:type="arc" xlink:arcrole="http://www.xbrl.org/2003/arcrole/parent-child" xlink:from="NotesRegardingTradeNotesReceivableDiscountedOrTransferredByEndorsementTextBlock" xlink:to="TradeNotesReceivableTransferredByEndorsement" order="2.0"/>
    <link:loc xlink:type="locator" xlink:href="../jpcrp_cor_2023-12-01.xsd#jpcrp_cor_NotesRegardingInventoriesTextBlock" xlink:label="NotesRegardingInventoriesTextBlock"/>
    <link:loc xlink:type="locator" xlink:href="../../../jppfs/2023-12-01/jppfs_cor_2023-12-01.xsd#jppfs_cor_MerchandiseAndFinishedGoods" xlink:label="MerchandiseAndFinishedGoods"/>
    <link:presentationArc xlink:type="arc" xlink:arcrole="http://www.xbrl.org/2003/arcrole/parent-child" xlink:from="NotesRegardingInventoriesTextBlock" xlink:to="MerchandiseAndFinishedGoods" order="1.0"/>
    <link:loc xlink:type="locator" xlink:href="../../../jppfs/2023-12-01/jppfs_cor_2023-12-01.xsd#jppfs_cor_WorkInProcess" xlink:label="WorkInProcess"/>
    <link:presentationArc xlink:type="arc" xlink:arcrole="http://www.xbrl.org/2003/arcrole/parent-child" xlink:from="NotesRegardingInventoriesTextBlock" xlink:to="WorkInProcess" order="2.0"/>
    <link:loc xlink:type="locator" xlink:href="../../../jppfs/2023-12-01/jppfs_cor_2023-12-01.xsd#jppfs_cor_RawMaterialsAndSupplies" xlink:label="RawMaterialsAndSupplies"/>
    <link:presentationArc xlink:type="arc" xlink:arcrole="http://www.xbrl.org/2003/arcrole/parent-child" xlink:from="NotesRegardingInventoriesTextBlock" xlink:to="RawMaterialsAndSupplies" order="3.0"/>
    <link:loc xlink:type="locator" xlink:href="../../../jppfs/2023-12-01/jppfs_cor_2023-12-01.xsd#jppfs_cor_Inventories" xlink:label="Inventories"/>
    <link:presentationArc xlink:type="arc" xlink:arcrole="http://www.xbrl.org/2003/arcrole/parent-child" xlink:from="NotesRegardingInventoriesTextBlock" xlink:to="Inventories" order="4.0"/>
    <link:loc xlink:type="locator" xlink:href="../jpcrp_cor_2023-12-01.xsd#jpcrp_cor_NotesQuarterlyConsolidatedBalanceSheetHeading" xlink:label="NotesQuarterlyConsolidatedBalanceSheetHeading"/>
    <link:loc xlink:type="locator" xlink:href="../jpcrp_cor_2023-12-01.xsd#jpcrp_cor_NotesQuarterlyConsolidatedBalanceSheetTable" xlink:label="NotesQuarterlyConsolidatedBalanceSheetTable"/>
    <link:presentationArc xlink:type="arc" xlink:arcrole="http://www.xbrl.org/2003/arcrole/parent-child" xlink:from="NotesQuarterlyConsolidatedBalanceSheetHeading" xlink:to="NotesQuarterlyConsolidatedBalanceSheetTable" order="1.0"/>
    <link:presentationArc xlink:type="arc" xlink:arcrole="http://www.xbrl.org/2003/arcrole/parent-child" xlink:from="NotesQuarterlyConsolidatedBalanceSheetTable" xlink:to="ConsolidatedOrNonConsolidatedAxis" order="1.0"/>
    <link:loc xlink:type="locator" xlink:href="../jpcrp_cor_2023-12-01.xsd#jpcrp_cor_NotesQuarterlyConsolidatedBalanceSheetLineItems" xlink:label="NotesQuarterlyConsolidatedBalanceSheetLineItems"/>
    <link:presentationArc xlink:type="arc" xlink:arcrole="http://www.xbrl.org/2003/arcrole/parent-child" xlink:from="NotesQuarterlyConsolidatedBalanceSheetHeading" xlink:to="NotesQuarterlyConsolidatedBalanceSheetLineItems" order="2.0"/>
    <link:presentationArc xlink:type="arc" xlink:arcrole="http://www.xbrl.org/2003/arcrole/parent-child" xlink:from="NotesQuarterlyConsolidatedBalanceSheetLineItems" xlink:to="NotesRegardingInventoriesTextBlock" order="1.0"/>
    <link:presentationArc xlink:type="arc" xlink:arcrole="http://www.xbrl.org/2003/arcrole/parent-child" xlink:from="NotesQuarterlyConsolidatedBalanceSheetLineItems" xlink:to="NotesRegardingAllowancesDirectlyDeductedFromBalancesOfAssetsTextBlock" order="2.0"/>
    <link:loc xlink:type="locator" xlink:href="../jpcrp_cor_2023-12-01.xsd#jpcrp_cor_NotesRegardingPresentationOfGoodwillAndNegativeGoodwillTextBlock" xlink:label="NotesRegardingPresentationOfGoodwillAndNegativeGoodwillTextBlock"/>
    <link:presentationArc xlink:type="arc" xlink:arcrole="http://www.xbrl.org/2003/arcrole/parent-child" xlink:from="NotesQuarterlyConsolidatedBalanceSheetLineItems" xlink:to="NotesRegardingPresentationOfGoodwillAndNegativeGoodwillTextBlock" order="3.0"/>
    <link:loc xlink:type="locator" xlink:href="../jpcrp_cor_2023-12-01.xsd#jpcrp_cor_NotesRegardingGuaranteeObligationsTextBlock" xlink:label="NotesRegardingGuaranteeObligationsTextBlock"/>
    <link:presentationArc xlink:type="arc" xlink:arcrole="http://www.xbrl.org/2003/arcrole/parent-child" xlink:from="NotesQuarterlyConsolidatedBalanceSheetLineItems" xlink:to="NotesRegardingGuaranteeObligationsTextBlock" order="4.0"/>
    <link:presentationArc xlink:type="arc" xlink:arcrole="http://www.xbrl.org/2003/arcrole/parent-child" xlink:from="NotesQuarterlyConsolidatedBalanceSheetLineItems" xlink:to="NotesRegardingTradeNotesReceivableDiscountedOrTransferredByEndorsementTextBlock" order="5.0"/>
    <link:loc xlink:type="locator" xlink:href="../jpcrp_cor_2023-12-01.xsd#jpcrp_cor_NotesRegardingPresentationOfNetAssetsOfDesignatedCorporationTextBlock" xlink:label="NotesRegardingPresentationOfNetAssetsOfDesignatedCorporationTextBlock"/>
    <link:presentationArc xlink:type="arc" xlink:arcrole="http://www.xbrl.org/2003/arcrole/parent-child" xlink:from="NotesQuarterlyConsolidatedBalanceSheetLineItems" xlink:to="NotesRegardingPresentationOfNetAssetsOfDesignatedCorporationTextBlock" order="6.0"/>
    <link:loc xlink:type="locator" xlink:href="../jpcrp_cor_2023-12-01.xsd#jpcrp_cor_NotesRegardingPromissoryNotesDueOnBalanceSheetDateTextBlock" xlink:label="NotesRegardingPromissoryNotesDueOnBalanceSheetDateTextBlock"/>
    <link:presentationArc xlink:type="arc" xlink:arcrole="http://www.xbrl.org/2003/arcrole/parent-child" xlink:from="NotesQuarterlyConsolidatedBalanceSheetLineItems" xlink:to="NotesRegardingPromissoryNotesDueOnBalanceSheetDateTextBlock" order="7.0"/>
  </link:presentationLink>
</link:linkbase>
