<?xml version="1.0" encoding="UTF-8"?>
<!--  (c) Financial Services Agency, The Japanese Government.
      All Rights Reserved.
      For intellectual property policy and authorized uses of EDINET Taxonomy,
      refer to “EDINET Taxonomy Legal Statement” at http://www.fsa.go.jp/search/EDINET_Taxonomy_Legal_Statement.html
-->
<link:linkbase xmlns:link="http://www.xbrl.org/2003/linkbase" xmlns:xsi="http://www.w3.org/2001/XMLSchema-instance" xmlns:xlink="http://www.w3.org/1999/xlink" xmlns:xbrli="http://www.xbrl.org/2003/instance">
  <link:roleRef roleURI="http://disclosure.edinet-fsa.go.jp/role/jpcrp/rol_std_NotesSemiAnnualConsolidatedStatementOfCashFlows" xlink:type="simple" xlink:href="../jpcrp_rt_2023-12-01.xsd#rol_std_NotesSemiAnnualConsolidatedStatementOfCashFlows"/>
  <link:presentationLink xlink:type="extended" xlink:role="http://disclosure.edinet-fsa.go.jp/role/jpcrp/rol_std_NotesSemiAnnualConsolidatedStatementOfCashFlows">
    <link:loc xlink:type="locator" xlink:href="../../../jppfs/2023-12-01/jppfs_cor_2023-12-01.xsd#jppfs_cor_ConsolidatedOrNonConsolidatedAxis" xlink:label="ConsolidatedOrNonConsolidatedAxis"/>
    <link:loc xlink:type="locator" xlink:href="../../../jppfs/2023-12-01/jppfs_cor_2023-12-01.xsd#jppfs_cor_ConsolidatedMember" xlink:label="ConsolidatedMember"/>
    <link:presentationArc xlink:type="arc" xlink:arcrole="http://www.xbrl.org/2003/arcrole/parent-child" xlink:from="ConsolidatedOrNonConsolidatedAxis" xlink:to="ConsolidatedMember" order="1.0"/>
    <link:loc xlink:type="locator" xlink:href="../jpcrp_cor_2023-12-01.xsd#jpcrp_cor_NotesSemiAnnualConsolidatedStatementOfCashFlowsHeading" xlink:label="NotesSemiAnnualConsolidatedStatementOfCashFlowsHeading"/>
    <link:loc xlink:type="locator" xlink:href="../jpcrp_cor_2023-12-01.xsd#jpcrp_cor_NotesSemiAnnualConsolidatedStatementOfCashFlowsTable" xlink:label="NotesSemiAnnualConsolidatedStatementOfCashFlowsTable"/>
    <link:presentationArc xlink:type="arc" xlink:arcrole="http://www.xbrl.org/2003/arcrole/parent-child" xlink:from="NotesSemiAnnualConsolidatedStatementOfCashFlowsHeading" xlink:to="NotesSemiAnnualConsolidatedStatementOfCashFlowsTable" order="1.0"/>
    <link:presentationArc xlink:type="arc" xlink:arcrole="http://www.xbrl.org/2003/arcrole/parent-child" xlink:from="NotesSemiAnnualConsolidatedStatementOfCashFlowsTable" xlink:to="ConsolidatedOrNonConsolidatedAxis" order="1.0"/>
    <link:loc xlink:type="locator" xlink:href="../jpcrp_cor_2023-12-01.xsd#jpcrp_cor_NotesSemiAnnualConsolidatedStatementOfCashFlowsLineItems" xlink:label="NotesSemiAnnualConsolidatedStatementOfCashFlowsLineItems"/>
    <link:presentationArc xlink:type="arc" xlink:arcrole="http://www.xbrl.org/2003/arcrole/parent-child" xlink:from="NotesSemiAnnualConsolidatedStatementOfCashFlowsHeading" xlink:to="NotesSemiAnnualConsolidatedStatementOfCashFlowsLineItems" order="2.0"/>
    <link:loc xlink:type="locator" xlink:href="../jpcrp_cor_2023-12-01.xsd#jpcrp_cor_ReconciliationOfEndingBalanceOfCashAndCashEquivalentsWithAccountBalancesPerBalanceSheetTextBlock" xlink:label="ReconciliationOfEndingBalanceOfCashAndCashEquivalentsWithAccountBalancesPerBalanceSheetTextBlock"/>
    <link:presentationArc xlink:type="arc" xlink:arcrole="http://www.xbrl.org/2003/arcrole/parent-child" xlink:from="NotesSemiAnnualConsolidatedStatementOfCashFlowsLineItems" xlink:to="ReconciliationOfEndingBalanceOfCashAndCashEquivalentsWithAccountBalancesPerBalanceSheetTextBlock" order="1.0"/>
    <link:loc xlink:type="locator" xlink:href="../jpcrp_cor_2023-12-01.xsd#jpcrp_cor_DescriptionOfFactThatCashFlowsFromUsedInInvestingActivitiesIncludeCashFlowsFromAssetManagementActivitiesRelatedToInsuranceBusinessINSTextBlock" xlink:label="DescriptionOfFactThatCashFlowsFromUsedInInvestingActivitiesIncludeCashFlowsFromAssetManagementActivitiesRelatedToInsuranceBusinessINSTextBlock"/>
    <link:presentationArc xlink:type="arc" xlink:arcrole="http://www.xbrl.org/2003/arcrole/parent-child" xlink:from="NotesSemiAnnualConsolidatedStatementOfCashFlowsLineItems" xlink:to="DescriptionOfFactThatCashFlowsFromUsedInInvestingActivitiesIncludeCashFlowsFromAssetManagementActivitiesRelatedToInsuranceBusinessINSTextBlock" order="2.0"/>
  </link:presentationLink>
</link:linkbase>
