<?xml version="1.0" encoding="utf-8"?>
<!-- Generated by PRONEXUS WORKS -->
<link:linkbase xmlns:link="http://www.xbrl.org/2003/linkbase" xmlns:xsi="http://www.w3.org/2001/XMLSchema-instance" xmlns:xbrli="http://www.xbrl.org/2003/instance" xmlns:xlink="http://www.w3.org/1999/xlink">
  <link:roleRef xlink:type="simple" roleURI="http://disclosure.edinet-fsa.go.jp/jppfs/cte/role/label" xlink:href="http://disclosure.edinet-fsa.go.jp/taxonomy/jppfs/2023-12-01/jppfs_rt_2023-12-01.xsd#rol_CTELabel" />
  <link:labelLink xlink:type="extended" xlink:role="http://www.xbrl.org/2003/role/link">
    <link:loc xlink:type="locator" xlink:href="jpcrp030000-asr-001_E00486-000_2024-03-31_01_2024-06-24.xsd#jpcrp030000-asr_E00486-000_LongTermLoanToEmployeesIOA" xlink:label="LongTermLoanToEmployeesIOA" />
    <link:loc xlink:type="locator" xlink:href="jpcrp030000-asr-001_E00486-000_2024-03-31_01_2024-06-24.xsd#jpcrp030000-asr_E00486-000_ShirakawaNaokiMember" xlink:label="ShirakawaNaokiMember" />
    <link:loc xlink:type="locator" xlink:href="jpcrp030000-asr-001_E00486-000_2024-03-31_01_2024-06-24.xsd#jpcrp030000-asr_E00486-000_IwakiKatsutoshiMember" xlink:label="IwakiKatsutoshiMember" />
    <link:loc xlink:type="locator" xlink:href="jpcrp030000-asr-001_E00486-000_2024-03-31_01_2024-06-24.xsd#jpcrp030000-asr_E00486-000_KameokaMasahikoMember" xlink:label="KameokaMasahikoMember" />
    <link:loc xlink:type="locator" xlink:href="jpcrp030000-asr-001_E00486-000_2024-03-31_01_2024-06-24.xsd#jpcrp030000-asr_E00486-000_MatsumotoKouichiMember" xlink:label="MatsumotoKouichiMember" />
    <link:loc xlink:type="locator" xlink:href="jpcrp030000-asr-001_E00486-000_2024-03-31_01_2024-06-24.xsd#jpcrp030000-asr_E00486-000_IwakiKoujiMember" xlink:label="IwakiKoujiMember" />
    <link:loc xlink:type="locator" xlink:href="jpcrp030000-asr-001_E00486-000_2024-03-31_01_2024-06-24.xsd#jpcrp030000-asr_E00486-000_SasakiTakahikoMember" xlink:label="SasakiTakahikoMember" />
    <link:loc xlink:type="locator" xlink:href="jpcrp030000-asr-001_E00486-000_2024-03-31_01_2024-06-24.xsd#jpcrp030000-asr_E00486-000_OonoTakeyoshiMember" xlink:label="OonoTakeyoshiMember" />
    <link:loc xlink:type="locator" xlink:href="jpcrp030000-asr-001_E00486-000_2024-03-31_01_2024-06-24.xsd#jpcrp030000-asr_E00486-000_NishikiToruMember" xlink:label="NishikiToruMember" />
    <link:loc xlink:type="locator" xlink:href="jpcrp030000-asr-001_E00486-000_2024-03-31_01_2024-06-24.xsd#jpcrp030000-asr_E00486-000_HoshinoSheisiMember" xlink:label="HoshinoSheisiMember" />
    <link:loc xlink:type="locator" xlink:href="jpcrp030000-asr-001_E00486-000_2024-03-31_01_2024-06-24.xsd#jpcrp030000-asr_E00486-000_ExecutiveRetirementBenefitsEtcByCategoryOfDirectorsAndOfficers" xlink:label="ExecutiveRetirementBenefitsEtcByCategoryOfDirectorsAndOfficers" />
    <link:loc xlink:type="locator" xlink:href="jpcrp030000-asr-001_E00486-000_2024-03-31_01_2024-06-24.xsd#jpcrp030000-asr_E00486-000_GainOnSaleOfInvestmentInCapitalOfSubsidiaresAndAssociatesEI" xlink:label="GainOnSaleOfInvestmentInCapitalOfSubsidiaresAndAssociatesEI" />
    <link:loc xlink:type="locator" xlink:href="jpcrp030000-asr-001_E00486-000_2024-03-31_01_2024-06-24.xsd#jpcrp030000-asr_E00486-000_AllowanceForInvestmentLossNCL" xlink:label="AllowanceForInvestmentLossNCL" />
    <link:loc xlink:type="locator" xlink:href="http://disclosure.edinet-fsa.go.jp/taxonomy/jppfs/2023-12-01/jppfs_cor_2023-12-01.xsd#jppfs_cor_VesselsNet" xlink:label="VesselsNet" />
    <link:label xlink:type="resource" xlink:label="label_VesselsNet" xml:lang="ja" xlink:role="http://disclosure.edinet-fsa.go.jp/jppfs/cte/role/label" id="label_VesselsNet">船舶</link:label>
    <link:labelArc xlink:type="arc" xlink:arcrole="http://www.xbrl.org/2003/arcrole/concept-label" xlink:from="VesselsNet" xlink:to="label_VesselsNet" />
    <link:loc xlink:type="locator" xlink:href="http://disclosure.edinet-fsa.go.jp/taxonomy/jppfs/2023-12-01/jppfs_cor_2023-12-01.xsd#jppfs_cor_RealEstateForInvestmentNet" xlink:label="RealEstateForInvestmentNet" />
    <link:label xlink:type="resource" xlink:label="label_RealEstateForInvestmentNet" xml:lang="ja" xlink:role="http://disclosure.edinet-fsa.go.jp/jppfs/cte/role/label" id="label_RealEstateForInvestmentNet">投資不動産</link:label>
    <link:labelArc xlink:type="arc" xlink:arcrole="http://www.xbrl.org/2003/arcrole/concept-label" xlink:from="RealEstateForInvestmentNet" xlink:to="label_RealEstateForInvestmentNet" />
    <link:label xlink:type="resource" xlink:label="label_GainOnSaleOfInvestmentInCapitalOfSubsidiaresAndAssociatesEI" xml:lang="ja" xlink:role="http://www.xbrl.org/2003/role/label" id="label_GainOnSaleOfInvestmentInCapitalOfSubsidiaresAndAssociatesEI">関係会社出資金売却益</link:label>
    <link:labelArc xlink:type="arc" xlink:arcrole="http://www.xbrl.org/2003/arcrole/concept-label" xlink:from="GainOnSaleOfInvestmentInCapitalOfSubsidiaresAndAssociatesEI" xlink:to="label_GainOnSaleOfInvestmentInCapitalOfSubsidiaresAndAssociatesEI" />
    <link:label xlink:type="resource" xlink:label="label_GainOnSaleOfInvestmentInCapitalOfSubsidiaresAndAssociatesEI_2" xml:lang="ja" xlink:role="http://www.xbrl.org/2003/role/verboseLabel" id="label_GainOnSaleOfInvestmentInCapitalOfSubsidiaresAndAssociatesEI_2">関係会社出資金売却益、特別利益</link:label>
    <link:labelArc xlink:type="arc" xlink:arcrole="http://www.xbrl.org/2003/arcrole/concept-label" xlink:from="GainOnSaleOfInvestmentInCapitalOfSubsidiaresAndAssociatesEI" xlink:to="label_GainOnSaleOfInvestmentInCapitalOfSubsidiaresAndAssociatesEI_2" />
    <link:label xlink:type="resource" xlink:label="label_ExecutiveRetirementBenefitsEtcByCategoryOfDirectorsAndOfficers" xml:lang="ja" xlink:role="http://www.xbrl.org/2003/role/label" id="label_ExecutiveRetirementBenefitsEtcByCategoryOfDirectorsAndOfficers">役員退職慰労引当金</link:label>
    <link:labelArc xlink:type="arc" xlink:arcrole="http://www.xbrl.org/2003/arcrole/concept-label" xlink:from="ExecutiveRetirementBenefitsEtcByCategoryOfDirectorsAndOfficers" xlink:to="label_ExecutiveRetirementBenefitsEtcByCategoryOfDirectorsAndOfficers" />
    <link:label xlink:type="resource" xlink:label="label_ExecutiveRetirementBenefitsEtcByCategoryOfDirectorsAndOfficers_2" xml:lang="ja" xlink:role="http://www.xbrl.org/2003/role/verboseLabel" id="label_ExecutiveRetirementBenefitsEtcByCategoryOfDirectorsAndOfficers_2">役員退職慰労引当金、役員区分ごとの報酬等</link:label>
    <link:labelArc xlink:type="arc" xlink:arcrole="http://www.xbrl.org/2003/arcrole/concept-label" xlink:from="ExecutiveRetirementBenefitsEtcByCategoryOfDirectorsAndOfficers" xlink:to="label_ExecutiveRetirementBenefitsEtcByCategoryOfDirectorsAndOfficers_2" />
    <link:label xlink:type="resource" xlink:label="label_ShirakawaNaokiMember" xml:lang="ja" xlink:role="http://www.xbrl.org/2003/role/label" id="label_ShirakawaNaokiMember">白川　直樹</link:label>
    <link:labelArc xlink:type="arc" xlink:arcrole="http://www.xbrl.org/2003/arcrole/concept-label" xlink:from="ShirakawaNaokiMember" xlink:to="label_ShirakawaNaokiMember" />
    <link:label xlink:type="resource" xlink:label="label_ShirakawaNaokiMember_2" xml:lang="ja" xlink:role="http://www.xbrl.org/2003/role/verboseLabel" id="label_ShirakawaNaokiMember_2">白川　直樹 [メンバー]</link:label>
    <link:labelArc xlink:type="arc" xlink:arcrole="http://www.xbrl.org/2003/arcrole/concept-label" xlink:from="ShirakawaNaokiMember" xlink:to="label_ShirakawaNaokiMember_2" />
    <link:label xlink:type="resource" xlink:label="label_IwakiKatsutoshiMember" xml:lang="ja" xlink:role="http://www.xbrl.org/2003/role/verboseLabel" id="label_IwakiKatsutoshiMember">岩城　勝利 [メンバー]</link:label>
    <link:labelArc xlink:type="arc" xlink:arcrole="http://www.xbrl.org/2003/arcrole/concept-label" xlink:from="IwakiKatsutoshiMember" xlink:to="label_IwakiKatsutoshiMember" />
    <link:label xlink:type="resource" xlink:label="label_IwakiKatsutoshiMember_2" xml:lang="ja" xlink:role="http://www.xbrl.org/2003/role/label" id="label_IwakiKatsutoshiMember_2">岩城　勝利</link:label>
    <link:labelArc xlink:type="arc" xlink:arcrole="http://www.xbrl.org/2003/arcrole/concept-label" xlink:from="IwakiKatsutoshiMember" xlink:to="label_IwakiKatsutoshiMember_2" />
    <link:label xlink:type="resource" xlink:label="label_KameokaMasahikoMember_2" xml:lang="ja" xlink:role="http://www.xbrl.org/2003/role/label" id="label_KameokaMasahikoMember_2">亀岡　正彦</link:label>
    <link:labelArc xlink:type="arc" xlink:arcrole="http://www.xbrl.org/2003/arcrole/concept-label" xlink:from="KameokaMasahikoMember" xlink:to="label_KameokaMasahikoMember_2" />
    <link:label xlink:type="resource" xlink:label="label_KameokaMasahikoMember" xml:lang="ja" xlink:role="http://www.xbrl.org/2003/role/verboseLabel" id="label_KameokaMasahikoMember">亀岡　正彦 [メンバー]</link:label>
    <link:labelArc xlink:type="arc" xlink:arcrole="http://www.xbrl.org/2003/arcrole/concept-label" xlink:from="KameokaMasahikoMember" xlink:to="label_KameokaMasahikoMember" />
    <link:label xlink:type="resource" xlink:label="label_MatsumotoKouichiMember" xml:lang="ja" xlink:role="http://www.xbrl.org/2003/role/verboseLabel" id="label_MatsumotoKouichiMember">松本　幸一 [メンバー]</link:label>
    <link:labelArc xlink:type="arc" xlink:arcrole="http://www.xbrl.org/2003/arcrole/concept-label" xlink:from="MatsumotoKouichiMember" xlink:to="label_MatsumotoKouichiMember" />
    <link:label xlink:type="resource" xlink:label="label_MatsumotoKouichiMember_2" xml:lang="ja" xlink:role="http://www.xbrl.org/2003/role/label" id="label_MatsumotoKouichiMember_2">松本　幸一</link:label>
    <link:labelArc xlink:type="arc" xlink:arcrole="http://www.xbrl.org/2003/arcrole/concept-label" xlink:from="MatsumotoKouichiMember" xlink:to="label_MatsumotoKouichiMember_2" />
    <link:label xlink:type="resource" xlink:label="label_IwakiKoujiMember" xml:lang="ja" xlink:role="http://www.xbrl.org/2003/role/verboseLabel" id="label_IwakiKoujiMember">岩城　幸司 [メンバー]</link:label>
    <link:labelArc xlink:type="arc" xlink:arcrole="http://www.xbrl.org/2003/arcrole/concept-label" xlink:from="IwakiKoujiMember" xlink:to="label_IwakiKoujiMember" />
    <link:label xlink:type="resource" xlink:label="label_IwakiKoujiMember_2" xml:lang="ja" xlink:role="http://www.xbrl.org/2003/role/label" id="label_IwakiKoujiMember_2">岩城　幸司</link:label>
    <link:labelArc xlink:type="arc" xlink:arcrole="http://www.xbrl.org/2003/arcrole/concept-label" xlink:from="IwakiKoujiMember" xlink:to="label_IwakiKoujiMember_2" />
    <link:label xlink:type="resource" xlink:label="label_SasakiTakahikoMember_2" xml:lang="ja" xlink:role="http://www.xbrl.org/2003/role/label" id="label_SasakiTakahikoMember_2">佐々木　隆彦</link:label>
    <link:labelArc xlink:type="arc" xlink:arcrole="http://www.xbrl.org/2003/arcrole/concept-label" xlink:from="SasakiTakahikoMember" xlink:to="label_SasakiTakahikoMember_2" />
    <link:label xlink:type="resource" xlink:label="label_SasakiTakahikoMember" xml:lang="ja" xlink:role="http://www.xbrl.org/2003/role/verboseLabel" id="label_SasakiTakahikoMember">佐々木　隆彦 [メンバー]</link:label>
    <link:labelArc xlink:type="arc" xlink:arcrole="http://www.xbrl.org/2003/arcrole/concept-label" xlink:from="SasakiTakahikoMember" xlink:to="label_SasakiTakahikoMember" />
    <link:label xlink:type="resource" xlink:label="label_OonoTakeyoshiMember" xml:lang="ja" xlink:role="http://www.xbrl.org/2003/role/verboseLabel" id="label_OonoTakeyoshiMember">大野　剛義 [メンバー]</link:label>
    <link:labelArc xlink:type="arc" xlink:arcrole="http://www.xbrl.org/2003/arcrole/concept-label" xlink:from="OonoTakeyoshiMember" xlink:to="label_OonoTakeyoshiMember" />
    <link:label xlink:type="resource" xlink:label="label_OonoTakeyoshiMember_2" xml:lang="ja" xlink:role="http://www.xbrl.org/2003/role/label" id="label_OonoTakeyoshiMember_2">大野　剛義</link:label>
    <link:labelArc xlink:type="arc" xlink:arcrole="http://www.xbrl.org/2003/arcrole/concept-label" xlink:from="OonoTakeyoshiMember" xlink:to="label_OonoTakeyoshiMember_2" />
    <link:label xlink:type="resource" xlink:label="label_NishikiToruMember" xml:lang="ja" xlink:role="http://www.xbrl.org/2003/role/label" id="label_NishikiToruMember">錦　徹</link:label>
    <link:labelArc xlink:type="arc" xlink:arcrole="http://www.xbrl.org/2003/arcrole/concept-label" xlink:from="NishikiToruMember" xlink:to="label_NishikiToruMember" />
    <link:label xlink:type="resource" xlink:label="label_NishikiToruMember_2" xml:lang="ja" xlink:role="http://www.xbrl.org/2003/role/verboseLabel" id="label_NishikiToruMember_2">錦　徹 [メンバー]</link:label>
    <link:labelArc xlink:type="arc" xlink:arcrole="http://www.xbrl.org/2003/arcrole/concept-label" xlink:from="NishikiToruMember" xlink:to="label_NishikiToruMember_2" />
    <link:label xlink:type="resource" xlink:label="label_HoshinoSheisiMember" xml:lang="ja" xlink:role="http://www.xbrl.org/2003/role/label" id="label_HoshinoSheisiMember">星野　誠之</link:label>
    <link:labelArc xlink:type="arc" xlink:arcrole="http://www.xbrl.org/2003/arcrole/concept-label" xlink:from="HoshinoSheisiMember" xlink:to="label_HoshinoSheisiMember" />
    <link:label xlink:type="resource" xlink:label="label_HoshinoSheisiMember_2" xml:lang="ja" xlink:role="http://www.xbrl.org/2003/role/verboseLabel" id="label_HoshinoSheisiMember_2">星野　誠之[メンバー]</link:label>
    <link:labelArc xlink:type="arc" xlink:arcrole="http://www.xbrl.org/2003/arcrole/concept-label" xlink:from="HoshinoSheisiMember" xlink:to="label_HoshinoSheisiMember_2" />
    <link:label xlink:type="resource" xlink:label="label_AllowanceForInvestmentLossNCL_2" xml:lang="ja" xlink:role="http://www.xbrl.org/2003/role/label" id="label_AllowanceForInvestmentLossNCL_2">投資損失引当金</link:label>
    <link:labelArc xlink:type="arc" xlink:arcrole="http://www.xbrl.org/2003/arcrole/concept-label" xlink:from="AllowanceForInvestmentLossNCL" xlink:to="label_AllowanceForInvestmentLossNCL_2" />
    <link:label xlink:type="resource" xlink:label="label_AllowanceForInvestmentLossNCL" xml:lang="ja" xlink:role="http://www.xbrl.org/2003/role/verboseLabel" id="label_AllowanceForInvestmentLossNCL">投資損失引当金、固定負債</link:label>
    <link:labelArc xlink:type="arc" xlink:arcrole="http://www.xbrl.org/2003/arcrole/concept-label" xlink:from="AllowanceForInvestmentLossNCL" xlink:to="label_AllowanceForInvestmentLossNCL" />
    <link:label xlink:type="resource" xlink:label="label_LongTermLoanToEmployeesIOA" xml:lang="ja" xlink:role="http://www.xbrl.org/2003/role/label" id="label_LongTermLoanToEmployeesIOA">従業員長期貸付金</link:label>
    <link:labelArc xlink:type="arc" xlink:arcrole="http://www.xbrl.org/2003/arcrole/concept-label" xlink:from="LongTermLoanToEmployeesIOA" xlink:to="label_LongTermLoanToEmployeesIOA" />
    <link:label xlink:type="resource" xlink:label="label_LongTermLoanToEmployeesIOA_2" xml:lang="ja" xlink:role="http://www.xbrl.org/2003/role/verboseLabel" id="label_LongTermLoanToEmployeesIOA_2">従業員長期貸付金、投資その他の資産</link:label>
    <link:labelArc xlink:type="arc" xlink:arcrole="http://www.xbrl.org/2003/arcrole/concept-label" xlink:from="LongTermLoanToEmployeesIOA" xlink:to="label_LongTermLoanToEmployeesIOA_2" />
  </link:labelLink>
</link:linkbase>