<?xml version="1.0" encoding="utf-8"?>
<manifest xmlns="http://disclosure.edinet-fsa.go.jp/2013/manifest">
<tocComposition>
<title xml:lang="ja">提出本文書</title>
<title xml:lang="en">Main Document</title>
<item in="presentation" ref="jpcrp030000" extrole="http://disclosure.edinet-fsa.go.jp/role/jpcrp/rol_CabinetOfficeOrdinanceOnDisclosureOfCorporateInformationEtcFormNo3AnnualSecuritiesReport" />
</tocComposition>
<list>
<instance id="jpcrp030000" type="PublicDoc" preferredFilename="jpcrp030000-asr-001_E00486-000_2024-03-31_01_2024-06-24.xbrl">
<ixbrl>0000000_header_jpcrp030000-asr-001_E00486-000_2024-03-31_01_2024-06-24_ixbrl.htm</ixbrl>
<ixbrl>0101010_honbun_jpcrp030000-asr-001_E00486-000_2024-03-31_01_2024-06-24_ixbrl.htm</ixbrl>
<ixbrl>0102010_honbun_jpcrp030000-asr-001_E00486-000_2024-03-31_01_2024-06-24_ixbrl.htm</ixbrl>
<ixbrl>0103010_honbun_jpcrp030000-asr-001_E00486-000_2024-03-31_01_2024-06-24_ixbrl.htm</ixbrl>
<ixbrl>0104010_honbun_jpcrp030000-asr-001_E00486-000_2024-03-31_01_2024-06-24_ixbrl.htm</ixbrl>
<ixbrl>0105010_honbun_jpcrp030000-asr-001_E00486-000_2024-03-31_01_2024-06-24_ixbrl.htm</ixbrl>
<ixbrl>0105020_honbun_jpcrp030000-asr-001_E00486-000_2024-03-31_01_2024-06-24_ixbrl.htm</ixbrl>
<ixbrl>0106010_honbun_jpcrp030000-asr-001_E00486-000_2024-03-31_01_2024-06-24_ixbrl.htm</ixbrl>
<ixbrl>0107010_honbun_jpcrp030000-asr-001_E00486-000_2024-03-31_01_2024-06-24_ixbrl.htm</ixbrl>
<ixbrl>0200010_honbun_jpcrp030000-asr-001_E00486-000_2024-03-31_01_2024-06-24_ixbrl.htm</ixbrl>
</instance>
</list>
</manifest>