<?xml version="1.0" encoding="UTF-8"?>
<!--  (c) Financial Services Agency, The Japanese Government.
      All Rights Reserved.
      For intellectual property policy and authorized uses of EDINET Taxonomy,
      refer to “EDINET Taxonomy Legal Statement” at http://www.fsa.go.jp/search/EDINET_Taxonomy_Legal_Statement.html
-->
<link:linkbase xmlns:link="http://www.xbrl.org/2003/linkbase" xmlns:xsi="http://www.w3.org/2001/XMLSchema-instance" xmlns:xbrldt="http://xbrl.org/2005/xbrldt" xmlns:xlink="http://www.w3.org/1999/xlink" xmlns:xbrli="http://www.xbrl.org/2003/instance">
  <link:roleRef roleURI="http://disclosure.edinet-fsa.go.jp/role/jppfs/rol_std_BalanceSheet" xlink:type="simple" xlink:href="../../jppfs_rt_2023-12-01.xsd#rol_std_BalanceSheet"/>
  <link:arcroleRef arcroleURI="http://xbrl.org/int/dim/arcrole/all" xlink:type="simple" xlink:href="http://www.xbrl.org/2005/xbrldt-2005.xsd#all"/>
  <link:arcroleRef arcroleURI="http://xbrl.org/int/dim/arcrole/dimension-domain" xlink:type="simple" xlink:href="http://www.xbrl.org/2005/xbrldt-2005.xsd#dimension-domain"/>
  <link:arcroleRef arcroleURI="http://xbrl.org/int/dim/arcrole/domain-member" xlink:type="simple" xlink:href="http://www.xbrl.org/2005/xbrldt-2005.xsd#domain-member"/>
  <link:arcroleRef arcroleURI="http://xbrl.org/int/dim/arcrole/hypercube-dimension" xlink:type="simple" xlink:href="http://www.xbrl.org/2005/xbrldt-2005.xsd#hypercube-dimension"/>
  <link:definitionLink xlink:type="extended" xlink:role="http://disclosure.edinet-fsa.go.jp/role/jppfs/rol_std_BalanceSheet">
    <link:loc xlink:type="locator" xlink:href="../../jppfs_cor_2023-12-01.xsd#jppfs_cor_BalanceSheetHeading" xlink:label="BalanceSheetHeading"/>
    <link:loc xlink:type="locator" xlink:href="../../jppfs_cor_2023-12-01.xsd#jppfs_cor_BalanceSheetTable" xlink:label="BalanceSheetTable"/>
    <link:definitionArc xlink:type="arc" xlink:arcrole="http://xbrl.org/int/dim/arcrole/all" xlink:from="BalanceSheetHeading" xlink:to="BalanceSheetTable" order="1.0" xbrldt:contextElement="scenario" xbrldt:closed="true"/>
    <link:loc xlink:type="locator" xlink:href="../../jppfs_cor_2023-12-01.xsd#jppfs_cor_ConsolidatedOrNonConsolidatedAxis" xlink:label="ConsolidatedOrNonConsolidatedAxis"/>
    <link:definitionArc xlink:type="arc" xlink:arcrole="http://xbrl.org/int/dim/arcrole/hypercube-dimension" xlink:from="BalanceSheetTable" xlink:to="ConsolidatedOrNonConsolidatedAxis" order="1.0"/>
    <link:loc xlink:type="locator" xlink:href="../../jppfs_cor_2023-12-01.xsd#jppfs_cor_NonConsolidatedMember" xlink:label="NonConsolidatedMember"/>
    <link:definitionArc xlink:type="arc" xlink:arcrole="http://xbrl.org/int/dim/arcrole/dimension-domain" xlink:from="ConsolidatedOrNonConsolidatedAxis" xlink:to="NonConsolidatedMember" order="1.0"/>
    <link:loc xlink:type="locator" xlink:href="../../jppfs_cor_2023-12-01.xsd#jppfs_cor_BalanceSheetLineItems" xlink:label="BalanceSheetLineItems"/>
    <link:definitionArc xlink:type="arc" xlink:arcrole="http://xbrl.org/int/dim/arcrole/domain-member" xlink:from="BalanceSheetHeading" xlink:to="BalanceSheetLineItems" order="1.0"/>
    <link:loc xlink:type="locator" xlink:href="../../jppfs_cor_2023-12-01.xsd#jppfs_cor_AssetsAbstract" xlink:label="AssetsAbstract"/>
    <link:definitionArc xlink:type="arc" xlink:arcrole="http://xbrl.org/int/dim/arcrole/domain-member" xlink:from="BalanceSheetLineItems" xlink:to="AssetsAbstract" order="1.0"/>
    <link:loc xlink:type="locator" xlink:href="../../jppfs_cor_2023-12-01.xsd#jppfs_cor_CallLoansAssetsBNK" xlink:label="CallLoansAssetsBNK"/>
    <link:definitionArc xlink:type="arc" xlink:arcrole="http://xbrl.org/int/dim/arcrole/domain-member" xlink:from="AssetsAbstract" xlink:to="CallLoansAssetsBNK" order="2.0"/>
    <link:loc xlink:type="locator" xlink:href="../../jppfs_cor_2023-12-01.xsd#jppfs_cor_BillsBoughtAssetsBNK" xlink:label="BillsBoughtAssetsBNK"/>
    <link:definitionArc xlink:type="arc" xlink:arcrole="http://xbrl.org/int/dim/arcrole/domain-member" xlink:from="AssetsAbstract" xlink:to="BillsBoughtAssetsBNK" order="5.0"/>
    <link:loc xlink:type="locator" xlink:href="../../jppfs_cor_2023-12-01.xsd#jppfs_cor_CashAndDueFromBanksAssetsBNK" xlink:label="CashAndDueFromBanksAssetsBNK"/>
    <link:definitionArc xlink:type="arc" xlink:arcrole="http://xbrl.org/int/dim/arcrole/domain-member" xlink:from="AssetsAbstract" xlink:to="CashAndDueFromBanksAssetsBNK" order="1.0"/>
    <link:loc xlink:type="locator" xlink:href="../../jppfs_cor_2023-12-01.xsd#jppfs_cor_CashAssetsBNK" xlink:label="CashAssetsBNK"/>
    <link:definitionArc xlink:type="arc" xlink:arcrole="http://xbrl.org/int/dim/arcrole/domain-member" xlink:from="CashAndDueFromBanksAssetsBNK" xlink:to="CashAssetsBNK" order="1.0"/>
    <link:loc xlink:type="locator" xlink:href="../../jppfs_cor_2023-12-01.xsd#jppfs_cor_DueFromBanksAssetsBNK" xlink:label="DueFromBanksAssetsBNK"/>
    <link:definitionArc xlink:type="arc" xlink:arcrole="http://xbrl.org/int/dim/arcrole/domain-member" xlink:from="CashAndDueFromBanksAssetsBNK" xlink:to="DueFromBanksAssetsBNK" order="2.0"/>
    <link:loc xlink:type="locator" xlink:href="../../jppfs_cor_2023-12-01.xsd#jppfs_cor_ReceivablesUnderResaleAgreementsAssetsBNK" xlink:label="ReceivablesUnderResaleAgreementsAssetsBNK"/>
    <link:definitionArc xlink:type="arc" xlink:arcrole="http://xbrl.org/int/dim/arcrole/domain-member" xlink:from="AssetsAbstract" xlink:to="ReceivablesUnderResaleAgreementsAssetsBNK" order="3.0"/>
    <link:loc xlink:type="locator" xlink:href="../../jppfs_cor_2023-12-01.xsd#jppfs_cor_ReceivablesUnderSecuritiesBorrowingTransactionsAssetsBNK" xlink:label="ReceivablesUnderSecuritiesBorrowingTransactionsAssetsBNK"/>
    <link:definitionArc xlink:type="arc" xlink:arcrole="http://xbrl.org/int/dim/arcrole/domain-member" xlink:from="AssetsAbstract" xlink:to="ReceivablesUnderSecuritiesBorrowingTransactionsAssetsBNK" order="4.0"/>
    <link:loc xlink:type="locator" xlink:href="../../jppfs_cor_2023-12-01.xsd#jppfs_cor_MonetaryClaimsBoughtAssetsBNK" xlink:label="MonetaryClaimsBoughtAssetsBNK"/>
    <link:definitionArc xlink:type="arc" xlink:arcrole="http://xbrl.org/int/dim/arcrole/domain-member" xlink:from="AssetsAbstract" xlink:to="MonetaryClaimsBoughtAssetsBNK" order="6.0"/>
    <link:loc xlink:type="locator" xlink:href="../../jppfs_cor_2023-12-01.xsd#jppfs_cor_TradingAssetsAssetsBNK" xlink:label="TradingAssetsAssetsBNK"/>
    <link:definitionArc xlink:type="arc" xlink:arcrole="http://xbrl.org/int/dim/arcrole/domain-member" xlink:from="AssetsAbstract" xlink:to="TradingAssetsAssetsBNK" order="7.0"/>
    <link:loc xlink:type="locator" xlink:href="../../jppfs_cor_2023-12-01.xsd#jppfs_cor_TradingAccountSecuritiesAssetsBNK" xlink:label="TradingAccountSecuritiesAssetsBNK"/>
    <link:definitionArc xlink:type="arc" xlink:arcrole="http://xbrl.org/int/dim/arcrole/domain-member" xlink:from="TradingAssetsAssetsBNK" xlink:to="TradingAccountSecuritiesAssetsBNK" order="1.0"/>
    <link:loc xlink:type="locator" xlink:href="../../jppfs_cor_2023-12-01.xsd#jppfs_cor_DerivativesOfTradingSecuritiesTradingAssetsAssetsBNK" xlink:label="DerivativesOfTradingSecuritiesTradingAssetsAssetsBNK"/>
    <link:definitionArc xlink:type="arc" xlink:arcrole="http://xbrl.org/int/dim/arcrole/domain-member" xlink:from="TradingAssetsAssetsBNK" xlink:to="DerivativesOfTradingSecuritiesTradingAssetsAssetsBNK" order="2.0"/>
    <link:loc xlink:type="locator" xlink:href="../../jppfs_cor_2023-12-01.xsd#jppfs_cor_SecuritiesRelatedToTradingTransactionsTradingAssetsAssetsBNK" xlink:label="SecuritiesRelatedToTradingTransactionsTradingAssetsAssetsBNK"/>
    <link:definitionArc xlink:type="arc" xlink:arcrole="http://xbrl.org/int/dim/arcrole/domain-member" xlink:from="TradingAssetsAssetsBNK" xlink:to="SecuritiesRelatedToTradingTransactionsTradingAssetsAssetsBNK" order="3.0"/>
    <link:loc xlink:type="locator" xlink:href="../../jppfs_cor_2023-12-01.xsd#jppfs_cor_DerivativesOfSecuritiesRelatedToTradingTransactionsTradingAssetsAssetsBNK" xlink:label="DerivativesOfSecuritiesRelatedToTradingTransactionsTradingAssetsAssetsBNK"/>
    <link:definitionArc xlink:type="arc" xlink:arcrole="http://xbrl.org/int/dim/arcrole/domain-member" xlink:from="TradingAssetsAssetsBNK" xlink:to="DerivativesOfSecuritiesRelatedToTradingTransactionsTradingAssetsAssetsBNK" order="4.0"/>
    <link:loc xlink:type="locator" xlink:href="../../jppfs_cor_2023-12-01.xsd#jppfs_cor_TradingRelatedFinancialDerivativesTradingAssetsAssetsBNK" xlink:label="TradingRelatedFinancialDerivativesTradingAssetsAssetsBNK"/>
    <link:definitionArc xlink:type="arc" xlink:arcrole="http://xbrl.org/int/dim/arcrole/domain-member" xlink:from="TradingAssetsAssetsBNK" xlink:to="TradingRelatedFinancialDerivativesTradingAssetsAssetsBNK" order="5.0"/>
    <link:loc xlink:type="locator" xlink:href="../../jppfs_cor_2023-12-01.xsd#jppfs_cor_OtherTradingAssetsTradingAssetsAssetsBNK" xlink:label="OtherTradingAssetsTradingAssetsAssetsBNK"/>
    <link:definitionArc xlink:type="arc" xlink:arcrole="http://xbrl.org/int/dim/arcrole/domain-member" xlink:from="TradingAssetsAssetsBNK" xlink:to="OtherTradingAssetsTradingAssetsAssetsBNK" order="6.0"/>
    <link:loc xlink:type="locator" xlink:href="../../jppfs_cor_2023-12-01.xsd#jppfs_cor_MoneyHeldInTrustAssetsBNK" xlink:label="MoneyHeldInTrustAssetsBNK"/>
    <link:definitionArc xlink:type="arc" xlink:arcrole="http://xbrl.org/int/dim/arcrole/domain-member" xlink:from="AssetsAbstract" xlink:to="MoneyHeldInTrustAssetsBNK" order="8.0"/>
    <link:loc xlink:type="locator" xlink:href="../../jppfs_cor_2023-12-01.xsd#jppfs_cor_SecuritiesAssetsBNK" xlink:label="SecuritiesAssetsBNK"/>
    <link:definitionArc xlink:type="arc" xlink:arcrole="http://xbrl.org/int/dim/arcrole/domain-member" xlink:from="AssetsAbstract" xlink:to="SecuritiesAssetsBNK" order="9.0"/>
    <link:loc xlink:type="locator" xlink:href="../../jppfs_cor_2023-12-01.xsd#jppfs_cor_GovernmentBondsInvestmentSecuritiesAssetsBNK" xlink:label="GovernmentBondsInvestmentSecuritiesAssetsBNK"/>
    <link:definitionArc xlink:type="arc" xlink:arcrole="http://xbrl.org/int/dim/arcrole/domain-member" xlink:from="SecuritiesAssetsBNK" xlink:to="GovernmentBondsInvestmentSecuritiesAssetsBNK" order="1.0"/>
    <link:loc xlink:type="locator" xlink:href="../../jppfs_cor_2023-12-01.xsd#jppfs_cor_LocalGovernmentBondsInvestmentSecuritiesAssetsBNK" xlink:label="LocalGovernmentBondsInvestmentSecuritiesAssetsBNK"/>
    <link:definitionArc xlink:type="arc" xlink:arcrole="http://xbrl.org/int/dim/arcrole/domain-member" xlink:from="SecuritiesAssetsBNK" xlink:to="LocalGovernmentBondsInvestmentSecuritiesAssetsBNK" order="2.0"/>
    <link:loc xlink:type="locator" xlink:href="../../jppfs_cor_2023-12-01.xsd#jppfs_cor_ShortTermCorporateBondsInvestmentSecuritiesAssetsBNK" xlink:label="ShortTermCorporateBondsInvestmentSecuritiesAssetsBNK"/>
    <link:definitionArc xlink:type="arc" xlink:arcrole="http://xbrl.org/int/dim/arcrole/domain-member" xlink:from="SecuritiesAssetsBNK" xlink:to="ShortTermCorporateBondsInvestmentSecuritiesAssetsBNK" order="3.0"/>
    <link:loc xlink:type="locator" xlink:href="../../jppfs_cor_2023-12-01.xsd#jppfs_cor_CorporateBondsInvestmentSecuritiesAssetsBNK" xlink:label="CorporateBondsInvestmentSecuritiesAssetsBNK"/>
    <link:definitionArc xlink:type="arc" xlink:arcrole="http://xbrl.org/int/dim/arcrole/domain-member" xlink:from="SecuritiesAssetsBNK" xlink:to="CorporateBondsInvestmentSecuritiesAssetsBNK" order="4.0"/>
    <link:loc xlink:type="locator" xlink:href="../../jppfs_cor_2023-12-01.xsd#jppfs_cor_StocksAssetsInvestmentSecuritiesBNK" xlink:label="StocksAssetsInvestmentSecuritiesBNK"/>
    <link:definitionArc xlink:type="arc" xlink:arcrole="http://xbrl.org/int/dim/arcrole/domain-member" xlink:from="SecuritiesAssetsBNK" xlink:to="StocksAssetsInvestmentSecuritiesBNK" order="5.0"/>
    <link:loc xlink:type="locator" xlink:href="../../jppfs_cor_2023-12-01.xsd#jppfs_cor_OtherSecuritiesInvestmentSecuritiesAssetsBNK" xlink:label="OtherSecuritiesInvestmentSecuritiesAssetsBNK"/>
    <link:definitionArc xlink:type="arc" xlink:arcrole="http://xbrl.org/int/dim/arcrole/domain-member" xlink:from="SecuritiesAssetsBNK" xlink:to="OtherSecuritiesInvestmentSecuritiesAssetsBNK" order="6.0"/>
    <link:loc xlink:type="locator" xlink:href="../../jppfs_cor_2023-12-01.xsd#jppfs_cor_LoansAndBillsDiscountedAssetsBNK" xlink:label="LoansAndBillsDiscountedAssetsBNK"/>
    <link:definitionArc xlink:type="arc" xlink:arcrole="http://xbrl.org/int/dim/arcrole/domain-member" xlink:from="AssetsAbstract" xlink:to="LoansAndBillsDiscountedAssetsBNK" order="10.0"/>
    <link:loc xlink:type="locator" xlink:href="../../jppfs_cor_2023-12-01.xsd#jppfs_cor_BillsDiscountedLoansAndBillsDiscountedAssetsBNK" xlink:label="BillsDiscountedLoansAndBillsDiscountedAssetsBNK"/>
    <link:definitionArc xlink:type="arc" xlink:arcrole="http://xbrl.org/int/dim/arcrole/domain-member" xlink:from="LoansAndBillsDiscountedAssetsBNK" xlink:to="BillsDiscountedLoansAndBillsDiscountedAssetsBNK" order="1.0"/>
    <link:loc xlink:type="locator" xlink:href="../../jppfs_cor_2023-12-01.xsd#jppfs_cor_LoansOnBillsLoansAndBillsDiscountedAssetsBNK" xlink:label="LoansOnBillsLoansAndBillsDiscountedAssetsBNK"/>
    <link:definitionArc xlink:type="arc" xlink:arcrole="http://xbrl.org/int/dim/arcrole/domain-member" xlink:from="LoansAndBillsDiscountedAssetsBNK" xlink:to="LoansOnBillsLoansAndBillsDiscountedAssetsBNK" order="2.0"/>
    <link:loc xlink:type="locator" xlink:href="../../jppfs_cor_2023-12-01.xsd#jppfs_cor_LoansOnDeedsLoansAndBillsDiscountedAssetsBNK" xlink:label="LoansOnDeedsLoansAndBillsDiscountedAssetsBNK"/>
    <link:definitionArc xlink:type="arc" xlink:arcrole="http://xbrl.org/int/dim/arcrole/domain-member" xlink:from="LoansAndBillsDiscountedAssetsBNK" xlink:to="LoansOnDeedsLoansAndBillsDiscountedAssetsBNK" order="3.0"/>
    <link:loc xlink:type="locator" xlink:href="../../jppfs_cor_2023-12-01.xsd#jppfs_cor_OverdraftsLoansAndBillsDiscountedAssetsBNK" xlink:label="OverdraftsLoansAndBillsDiscountedAssetsBNK"/>
    <link:definitionArc xlink:type="arc" xlink:arcrole="http://xbrl.org/int/dim/arcrole/domain-member" xlink:from="LoansAndBillsDiscountedAssetsBNK" xlink:to="OverdraftsLoansAndBillsDiscountedAssetsBNK" order="4.0"/>
    <link:loc xlink:type="locator" xlink:href="../../jppfs_cor_2023-12-01.xsd#jppfs_cor_ForeignExchangesAssetsBNK" xlink:label="ForeignExchangesAssetsBNK"/>
    <link:definitionArc xlink:type="arc" xlink:arcrole="http://xbrl.org/int/dim/arcrole/domain-member" xlink:from="AssetsAbstract" xlink:to="ForeignExchangesAssetsBNK" order="11.0"/>
    <link:loc xlink:type="locator" xlink:href="../../jppfs_cor_2023-12-01.xsd#jppfs_cor_DueFromForeignBanksOurAccountsForeignExchangesAssetsBNK" xlink:label="DueFromForeignBanksOurAccountsForeignExchangesAssetsBNK"/>
    <link:definitionArc xlink:type="arc" xlink:arcrole="http://xbrl.org/int/dim/arcrole/domain-member" xlink:from="ForeignExchangesAssetsBNK" xlink:to="DueFromForeignBanksOurAccountsForeignExchangesAssetsBNK" order="1.0"/>
    <link:loc xlink:type="locator" xlink:href="../../jppfs_cor_2023-12-01.xsd#jppfs_cor_DueFromForeignBanksTheirAccountsForeignExchangesAssetsBNK" xlink:label="DueFromForeignBanksTheirAccountsForeignExchangesAssetsBNK"/>
    <link:definitionArc xlink:type="arc" xlink:arcrole="http://xbrl.org/int/dim/arcrole/domain-member" xlink:from="ForeignExchangesAssetsBNK" xlink:to="DueFromForeignBanksTheirAccountsForeignExchangesAssetsBNK" order="2.0"/>
    <link:loc xlink:type="locator" xlink:href="../../jppfs_cor_2023-12-01.xsd#jppfs_cor_ForeignBillsBoughtForeignExchangesAssetsBNK" xlink:label="ForeignBillsBoughtForeignExchangesAssetsBNK"/>
    <link:definitionArc xlink:type="arc" xlink:arcrole="http://xbrl.org/int/dim/arcrole/domain-member" xlink:from="ForeignExchangesAssetsBNK" xlink:to="ForeignBillsBoughtForeignExchangesAssetsBNK" order="3.0"/>
    <link:loc xlink:type="locator" xlink:href="../../jppfs_cor_2023-12-01.xsd#jppfs_cor_ForeignBillsReceivableForeignExchangesAssetsBNK" xlink:label="ForeignBillsReceivableForeignExchangesAssetsBNK"/>
    <link:definitionArc xlink:type="arc" xlink:arcrole="http://xbrl.org/int/dim/arcrole/domain-member" xlink:from="ForeignExchangesAssetsBNK" xlink:to="ForeignBillsReceivableForeignExchangesAssetsBNK" order="4.0"/>
    <link:loc xlink:type="locator" xlink:href="../../jppfs_cor_2023-12-01.xsd#jppfs_cor_OtherAssetsAssetsBNK" xlink:label="OtherAssetsAssetsBNK"/>
    <link:definitionArc xlink:type="arc" xlink:arcrole="http://xbrl.org/int/dim/arcrole/domain-member" xlink:from="AssetsAbstract" xlink:to="OtherAssetsAssetsBNK" order="12.0"/>
    <link:loc xlink:type="locator" xlink:href="../../jppfs_cor_2023-12-01.xsd#jppfs_cor_DomesticExchangeSettlementAccountDebitOtherAssetsAssetsBNK" xlink:label="DomesticExchangeSettlementAccountDebitOtherAssetsAssetsBNK"/>
    <link:definitionArc xlink:type="arc" xlink:arcrole="http://xbrl.org/int/dim/arcrole/domain-member" xlink:from="OtherAssetsAssetsBNK" xlink:to="DomesticExchangeSettlementAccountDebitOtherAssetsAssetsBNK" order="1.0"/>
    <link:loc xlink:type="locator" xlink:href="../../jppfs_cor_2023-12-01.xsd#jppfs_cor_PrepaidExpenses" xlink:label="PrepaidExpenses"/>
    <link:definitionArc xlink:type="arc" xlink:arcrole="http://xbrl.org/int/dim/arcrole/domain-member" xlink:from="OtherAssetsAssetsBNK" xlink:to="PrepaidExpenses" order="2.0"/>
    <link:loc xlink:type="locator" xlink:href="../../jppfs_cor_2023-12-01.xsd#jppfs_cor_AccruedIncome" xlink:label="AccruedIncome"/>
    <link:definitionArc xlink:type="arc" xlink:arcrole="http://xbrl.org/int/dim/arcrole/domain-member" xlink:from="OtherAssetsAssetsBNK" xlink:to="AccruedIncome" order="3.0"/>
    <link:loc xlink:type="locator" xlink:href="../../jppfs_cor_2023-12-01.xsd#jppfs_cor_InitialMarginsOfFuturesMarketsOtherAssetsAssetsBNK" xlink:label="InitialMarginsOfFuturesMarketsOtherAssetsAssetsBNK"/>
    <link:definitionArc xlink:type="arc" xlink:arcrole="http://xbrl.org/int/dim/arcrole/domain-member" xlink:from="OtherAssetsAssetsBNK" xlink:to="InitialMarginsOfFuturesMarketsOtherAssetsAssetsBNK" order="4.0"/>
    <link:loc xlink:type="locator" xlink:href="../../jppfs_cor_2023-12-01.xsd#jppfs_cor_VariationMarginsOfFuturesMarketsOtherAssetsAssetsBNK" xlink:label="VariationMarginsOfFuturesMarketsOtherAssetsAssetsBNK"/>
    <link:definitionArc xlink:type="arc" xlink:arcrole="http://xbrl.org/int/dim/arcrole/domain-member" xlink:from="OtherAssetsAssetsBNK" xlink:to="VariationMarginsOfFuturesMarketsOtherAssetsAssetsBNK" order="5.0"/>
    <link:loc xlink:type="locator" xlink:href="../../jppfs_cor_2023-12-01.xsd#jppfs_cor_SecuritiesInCustodyAssetsBNK" xlink:label="SecuritiesInCustodyAssetsBNK"/>
    <link:definitionArc xlink:type="arc" xlink:arcrole="http://xbrl.org/int/dim/arcrole/domain-member" xlink:from="OtherAssetsAssetsBNK" xlink:to="SecuritiesInCustodyAssetsBNK" order="6.0"/>
    <link:loc xlink:type="locator" xlink:href="../../jppfs_cor_2023-12-01.xsd#jppfs_cor_DerivativesOtherThanForTradingAssetsOtherAssetsBNK" xlink:label="DerivativesOtherThanForTradingAssetsOtherAssetsBNK"/>
    <link:definitionArc xlink:type="arc" xlink:arcrole="http://xbrl.org/int/dim/arcrole/domain-member" xlink:from="OtherAssetsAssetsBNK" xlink:to="DerivativesOtherThanForTradingAssetsOtherAssetsBNK" order="7.0"/>
    <link:loc xlink:type="locator" xlink:href="../../jppfs_cor_2023-12-01.xsd#jppfs_cor_CashCollateralPaidForFinancialInstrumentsAssets" xlink:label="CashCollateralPaidForFinancialInstrumentsAssets"/>
    <link:definitionArc xlink:type="arc" xlink:arcrole="http://xbrl.org/int/dim/arcrole/domain-member" xlink:from="OtherAssetsAssetsBNK" xlink:to="CashCollateralPaidForFinancialInstrumentsAssets" order="8.0"/>
    <link:loc xlink:type="locator" xlink:href="../../jppfs_cor_2023-12-01.xsd#jppfs_cor_BondIssuanceCostDA" xlink:label="BondIssuanceCostDA"/>
    <link:definitionArc xlink:type="arc" xlink:arcrole="http://xbrl.org/int/dim/arcrole/domain-member" xlink:from="OtherAssetsAssetsBNK" xlink:to="BondIssuanceCostDA" order="9.0"/>
    <link:loc xlink:type="locator" xlink:href="../../jppfs_cor_2023-12-01.xsd#jppfs_cor_LeaseInvestmentAssetsAssets" xlink:label="LeaseInvestmentAssetsAssets"/>
    <link:definitionArc xlink:type="arc" xlink:arcrole="http://xbrl.org/int/dim/arcrole/domain-member" xlink:from="OtherAssetsAssetsBNK" xlink:to="LeaseInvestmentAssetsAssets" order="10.0"/>
    <link:loc xlink:type="locator" xlink:href="../../jppfs_cor_2023-12-01.xsd#jppfs_cor_OtherOtherAssetsAssetsBNK" xlink:label="OtherOtherAssetsAssetsBNK"/>
    <link:definitionArc xlink:type="arc" xlink:arcrole="http://xbrl.org/int/dim/arcrole/domain-member" xlink:from="OtherAssetsAssetsBNK" xlink:to="OtherOtherAssetsAssetsBNK" order="11.0"/>
    <link:loc xlink:type="locator" xlink:href="../../jppfs_cor_2023-12-01.xsd#jppfs_cor_PropertyPlantAndEquipment" xlink:label="PropertyPlantAndEquipment"/>
    <link:definitionArc xlink:type="arc" xlink:arcrole="http://xbrl.org/int/dim/arcrole/domain-member" xlink:from="AssetsAbstract" xlink:to="PropertyPlantAndEquipment" order="13.0"/>
    <link:loc xlink:type="locator" xlink:href="../../jppfs_cor_2023-12-01.xsd#jppfs_cor_BuildingsNet" xlink:label="BuildingsNet"/>
    <link:definitionArc xlink:type="arc" xlink:arcrole="http://xbrl.org/int/dim/arcrole/domain-member" xlink:from="PropertyPlantAndEquipment" xlink:to="BuildingsNet" order="1.0"/>
    <link:loc xlink:type="locator" xlink:href="../../jppfs_cor_2023-12-01.xsd#jppfs_cor_Land" xlink:label="Land"/>
    <link:definitionArc xlink:type="arc" xlink:arcrole="http://xbrl.org/int/dim/arcrole/domain-member" xlink:from="PropertyPlantAndEquipment" xlink:to="Land" order="2.0"/>
    <link:loc xlink:type="locator" xlink:href="../../jppfs_cor_2023-12-01.xsd#jppfs_cor_LeaseAssetsNetPPE" xlink:label="LeaseAssetsNetPPE"/>
    <link:definitionArc xlink:type="arc" xlink:arcrole="http://xbrl.org/int/dim/arcrole/domain-member" xlink:from="PropertyPlantAndEquipment" xlink:to="LeaseAssetsNetPPE" order="3.0"/>
    <link:loc xlink:type="locator" xlink:href="../../jppfs_cor_2023-12-01.xsd#jppfs_cor_ConstructionInProgress" xlink:label="ConstructionInProgress"/>
    <link:definitionArc xlink:type="arc" xlink:arcrole="http://xbrl.org/int/dim/arcrole/domain-member" xlink:from="PropertyPlantAndEquipment" xlink:to="ConstructionInProgress" order="4.0"/>
    <link:loc xlink:type="locator" xlink:href="../../jppfs_cor_2023-12-01.xsd#jppfs_cor_OtherNetPPE" xlink:label="OtherNetPPE"/>
    <link:definitionArc xlink:type="arc" xlink:arcrole="http://xbrl.org/int/dim/arcrole/domain-member" xlink:from="PropertyPlantAndEquipment" xlink:to="OtherNetPPE" order="5.0"/>
    <link:loc xlink:type="locator" xlink:href="../../jppfs_cor_2023-12-01.xsd#jppfs_cor_IntangibleAssets" xlink:label="IntangibleAssets"/>
    <link:definitionArc xlink:type="arc" xlink:arcrole="http://xbrl.org/int/dim/arcrole/domain-member" xlink:from="AssetsAbstract" xlink:to="IntangibleAssets" order="14.0"/>
    <link:loc xlink:type="locator" xlink:href="../../jppfs_cor_2023-12-01.xsd#jppfs_cor_Software" xlink:label="Software"/>
    <link:definitionArc xlink:type="arc" xlink:arcrole="http://xbrl.org/int/dim/arcrole/domain-member" xlink:from="IntangibleAssets" xlink:to="Software" order="1.0"/>
    <link:loc xlink:type="locator" xlink:href="../../jppfs_cor_2023-12-01.xsd#jppfs_cor_Goodwill" xlink:label="Goodwill"/>
    <link:definitionArc xlink:type="arc" xlink:arcrole="http://xbrl.org/int/dim/arcrole/domain-member" xlink:from="IntangibleAssets" xlink:to="Goodwill" order="2.0"/>
    <link:loc xlink:type="locator" xlink:href="../../jppfs_cor_2023-12-01.xsd#jppfs_cor_LeaseAssetsIA" xlink:label="LeaseAssetsIA"/>
    <link:definitionArc xlink:type="arc" xlink:arcrole="http://xbrl.org/int/dim/arcrole/domain-member" xlink:from="IntangibleAssets" xlink:to="LeaseAssetsIA" order="3.0"/>
    <link:loc xlink:type="locator" xlink:href="../../jppfs_cor_2023-12-01.xsd#jppfs_cor_OtherIA" xlink:label="OtherIA"/>
    <link:definitionArc xlink:type="arc" xlink:arcrole="http://xbrl.org/int/dim/arcrole/domain-member" xlink:from="IntangibleAssets" xlink:to="OtherIA" order="4.0"/>
    <link:loc xlink:type="locator" xlink:href="../../jppfs_cor_2023-12-01.xsd#jppfs_cor_PrepaidPensionCostAssets" xlink:label="PrepaidPensionCostAssets"/>
    <link:definitionArc xlink:type="arc" xlink:arcrole="http://xbrl.org/int/dim/arcrole/domain-member" xlink:from="AssetsAbstract" xlink:to="PrepaidPensionCostAssets" order="15.0"/>
    <link:loc xlink:type="locator" xlink:href="../../jppfs_cor_2023-12-01.xsd#jppfs_cor_DeferredTaxAssets" xlink:label="DeferredTaxAssets"/>
    <link:definitionArc xlink:type="arc" xlink:arcrole="http://xbrl.org/int/dim/arcrole/domain-member" xlink:from="AssetsAbstract" xlink:to="DeferredTaxAssets" order="16.0"/>
    <link:loc xlink:type="locator" xlink:href="../../jppfs_cor_2023-12-01.xsd#jppfs_cor_DeferredTaxAssetsForLandRevaluation" xlink:label="DeferredTaxAssetsForLandRevaluation"/>
    <link:definitionArc xlink:type="arc" xlink:arcrole="http://xbrl.org/int/dim/arcrole/domain-member" xlink:from="AssetsAbstract" xlink:to="DeferredTaxAssetsForLandRevaluation" order="17.0"/>
    <link:loc xlink:type="locator" xlink:href="../../jppfs_cor_2023-12-01.xsd#jppfs_cor_CustomersLiabilitiesForAcceptancesAndGuaranteesAssetsBNK" xlink:label="CustomersLiabilitiesForAcceptancesAndGuaranteesAssetsBNK"/>
    <link:definitionArc xlink:type="arc" xlink:arcrole="http://xbrl.org/int/dim/arcrole/domain-member" xlink:from="AssetsAbstract" xlink:to="CustomersLiabilitiesForAcceptancesAndGuaranteesAssetsBNK" order="18.0"/>
    <link:loc xlink:type="locator" xlink:href="../../jppfs_cor_2023-12-01.xsd#jppfs_cor_AllowanceForLoanLossesAssetsBNK" xlink:label="AllowanceForLoanLossesAssetsBNK"/>
    <link:definitionArc xlink:type="arc" xlink:arcrole="http://xbrl.org/int/dim/arcrole/domain-member" xlink:from="AssetsAbstract" xlink:to="AllowanceForLoanLossesAssetsBNK" order="19.0"/>
    <link:loc xlink:type="locator" xlink:href="../../jppfs_cor_2023-12-01.xsd#jppfs_cor_Assets" xlink:label="Assets"/>
    <link:definitionArc xlink:type="arc" xlink:arcrole="http://xbrl.org/int/dim/arcrole/domain-member" xlink:from="AssetsAbstract" xlink:to="Assets" order="20.0"/>
    <link:loc xlink:type="locator" xlink:href="../../jppfs_cor_2023-12-01.xsd#jppfs_cor_LiabilitiesAbstract" xlink:label="LiabilitiesAbstract"/>
    <link:definitionArc xlink:type="arc" xlink:arcrole="http://xbrl.org/int/dim/arcrole/domain-member" xlink:from="BalanceSheetLineItems" xlink:to="LiabilitiesAbstract" order="2.0"/>
    <link:loc xlink:type="locator" xlink:href="../../jppfs_cor_2023-12-01.xsd#jppfs_cor_CallMoneyLiabilitiesBNK" xlink:label="CallMoneyLiabilitiesBNK"/>
    <link:definitionArc xlink:type="arc" xlink:arcrole="http://xbrl.org/int/dim/arcrole/domain-member" xlink:from="LiabilitiesAbstract" xlink:to="CallMoneyLiabilitiesBNK" order="3.0"/>
    <link:loc xlink:type="locator" xlink:href="../../jppfs_cor_2023-12-01.xsd#jppfs_cor_BillsSoldLiabilitiesBNK" xlink:label="BillsSoldLiabilitiesBNK"/>
    <link:definitionArc xlink:type="arc" xlink:arcrole="http://xbrl.org/int/dim/arcrole/domain-member" xlink:from="LiabilitiesAbstract" xlink:to="BillsSoldLiabilitiesBNK" order="6.0"/>
    <link:loc xlink:type="locator" xlink:href="../../jppfs_cor_2023-12-01.xsd#jppfs_cor_DepositsLiabilitiesBNK" xlink:label="DepositsLiabilitiesBNK"/>
    <link:definitionArc xlink:type="arc" xlink:arcrole="http://xbrl.org/int/dim/arcrole/domain-member" xlink:from="LiabilitiesAbstract" xlink:to="DepositsLiabilitiesBNK" order="1.0"/>
    <link:loc xlink:type="locator" xlink:href="../../jppfs_cor_2023-12-01.xsd#jppfs_cor_CurrentDepositsDepositsLiabilitiesBNK" xlink:label="CurrentDepositsDepositsLiabilitiesBNK"/>
    <link:definitionArc xlink:type="arc" xlink:arcrole="http://xbrl.org/int/dim/arcrole/domain-member" xlink:from="DepositsLiabilitiesBNK" xlink:to="CurrentDepositsDepositsLiabilitiesBNK" order="1.0"/>
    <link:loc xlink:type="locator" xlink:href="../../jppfs_cor_2023-12-01.xsd#jppfs_cor_OrdinaryDepositsDepositsLiabilitiesBNK" xlink:label="OrdinaryDepositsDepositsLiabilitiesBNK"/>
    <link:definitionArc xlink:type="arc" xlink:arcrole="http://xbrl.org/int/dim/arcrole/domain-member" xlink:from="DepositsLiabilitiesBNK" xlink:to="OrdinaryDepositsDepositsLiabilitiesBNK" order="2.0"/>
    <link:loc xlink:type="locator" xlink:href="../../jppfs_cor_2023-12-01.xsd#jppfs_cor_SavingDepositsDepositsLiabilitiesBNK" xlink:label="SavingDepositsDepositsLiabilitiesBNK"/>
    <link:definitionArc xlink:type="arc" xlink:arcrole="http://xbrl.org/int/dim/arcrole/domain-member" xlink:from="DepositsLiabilitiesBNK" xlink:to="SavingDepositsDepositsLiabilitiesBNK" order="3.0"/>
    <link:loc xlink:type="locator" xlink:href="../../jppfs_cor_2023-12-01.xsd#jppfs_cor_DepositsAtNoticeDepositsLiabilitiesBNK" xlink:label="DepositsAtNoticeDepositsLiabilitiesBNK"/>
    <link:definitionArc xlink:type="arc" xlink:arcrole="http://xbrl.org/int/dim/arcrole/domain-member" xlink:from="DepositsLiabilitiesBNK" xlink:to="DepositsAtNoticeDepositsLiabilitiesBNK" order="4.0"/>
    <link:loc xlink:type="locator" xlink:href="../../jppfs_cor_2023-12-01.xsd#jppfs_cor_TimeDepositsDepositsLiabilitiesBNK" xlink:label="TimeDepositsDepositsLiabilitiesBNK"/>
    <link:definitionArc xlink:type="arc" xlink:arcrole="http://xbrl.org/int/dim/arcrole/domain-member" xlink:from="DepositsLiabilitiesBNK" xlink:to="TimeDepositsDepositsLiabilitiesBNK" order="5.0"/>
    <link:loc xlink:type="locator" xlink:href="../../jppfs_cor_2023-12-01.xsd#jppfs_cor_InstallmentSavingsDepositsLiabilitiesBNK" xlink:label="InstallmentSavingsDepositsLiabilitiesBNK"/>
    <link:definitionArc xlink:type="arc" xlink:arcrole="http://xbrl.org/int/dim/arcrole/domain-member" xlink:from="DepositsLiabilitiesBNK" xlink:to="InstallmentSavingsDepositsLiabilitiesBNK" order="6.0"/>
    <link:loc xlink:type="locator" xlink:href="../../jppfs_cor_2023-12-01.xsd#jppfs_cor_OtherDepositsDepositsLiabilitiesBNK" xlink:label="OtherDepositsDepositsLiabilitiesBNK"/>
    <link:definitionArc xlink:type="arc" xlink:arcrole="http://xbrl.org/int/dim/arcrole/domain-member" xlink:from="DepositsLiabilitiesBNK" xlink:to="OtherDepositsDepositsLiabilitiesBNK" order="7.0"/>
    <link:loc xlink:type="locator" xlink:href="../../jppfs_cor_2023-12-01.xsd#jppfs_cor_NegotiableCertificatesOfDepositLiabilitiesBNK" xlink:label="NegotiableCertificatesOfDepositLiabilitiesBNK"/>
    <link:definitionArc xlink:type="arc" xlink:arcrole="http://xbrl.org/int/dim/arcrole/domain-member" xlink:from="LiabilitiesAbstract" xlink:to="NegotiableCertificatesOfDepositLiabilitiesBNK" order="2.0"/>
    <link:loc xlink:type="locator" xlink:href="../../jppfs_cor_2023-12-01.xsd#jppfs_cor_PayablesUnderRepurchaseAgreementsLiabilitiesBNK" xlink:label="PayablesUnderRepurchaseAgreementsLiabilitiesBNK"/>
    <link:definitionArc xlink:type="arc" xlink:arcrole="http://xbrl.org/int/dim/arcrole/domain-member" xlink:from="LiabilitiesAbstract" xlink:to="PayablesUnderRepurchaseAgreementsLiabilitiesBNK" order="4.0"/>
    <link:loc xlink:type="locator" xlink:href="../../jppfs_cor_2023-12-01.xsd#jppfs_cor_PayablesUnderSecuritiesLendingTransactionsLiabilitiesBNK" xlink:label="PayablesUnderSecuritiesLendingTransactionsLiabilitiesBNK"/>
    <link:definitionArc xlink:type="arc" xlink:arcrole="http://xbrl.org/int/dim/arcrole/domain-member" xlink:from="LiabilitiesAbstract" xlink:to="PayablesUnderSecuritiesLendingTransactionsLiabilitiesBNK" order="5.0"/>
    <link:loc xlink:type="locator" xlink:href="../../jppfs_cor_2023-12-01.xsd#jppfs_cor_CommercialPapersLiabilities" xlink:label="CommercialPapersLiabilities"/>
    <link:definitionArc xlink:type="arc" xlink:arcrole="http://xbrl.org/int/dim/arcrole/domain-member" xlink:from="LiabilitiesAbstract" xlink:to="CommercialPapersLiabilities" order="7.0"/>
    <link:loc xlink:type="locator" xlink:href="../../jppfs_cor_2023-12-01.xsd#jppfs_cor_TradingLiabilitiesLiabilitiesBNK" xlink:label="TradingLiabilitiesLiabilitiesBNK"/>
    <link:definitionArc xlink:type="arc" xlink:arcrole="http://xbrl.org/int/dim/arcrole/domain-member" xlink:from="LiabilitiesAbstract" xlink:to="TradingLiabilitiesLiabilitiesBNK" order="8.0"/>
    <link:loc xlink:type="locator" xlink:href="../../jppfs_cor_2023-12-01.xsd#jppfs_cor_TradingSecuritiesSoldForShortSalesLiabilitiesBNK" xlink:label="TradingSecuritiesSoldForShortSalesLiabilitiesBNK"/>
    <link:definitionArc xlink:type="arc" xlink:arcrole="http://xbrl.org/int/dim/arcrole/domain-member" xlink:from="TradingLiabilitiesLiabilitiesBNK" xlink:to="TradingSecuritiesSoldForShortSalesLiabilitiesBNK" order="1.0"/>
    <link:loc xlink:type="locator" xlink:href="../../jppfs_cor_2023-12-01.xsd#jppfs_cor_DerivativesOfTradingSecuritiesAssetsTradingLiabilitiesLiabilitiesBNK" xlink:label="DerivativesOfTradingSecuritiesAssetsTradingLiabilitiesLiabilitiesBNK"/>
    <link:definitionArc xlink:type="arc" xlink:arcrole="http://xbrl.org/int/dim/arcrole/domain-member" xlink:from="TradingLiabilitiesLiabilitiesBNK" xlink:to="DerivativesOfTradingSecuritiesAssetsTradingLiabilitiesLiabilitiesBNK" order="2.0"/>
    <link:loc xlink:type="locator" xlink:href="../../jppfs_cor_2023-12-01.xsd#jppfs_cor_SecuritiesRelatedToTradingTransactionsSoldForShortSalesTradingLiabilitiesLiabilitiesBNK" xlink:label="SecuritiesRelatedToTradingTransactionsSoldForShortSalesTradingLiabilitiesLiabilitiesBNK"/>
    <link:definitionArc xlink:type="arc" xlink:arcrole="http://xbrl.org/int/dim/arcrole/domain-member" xlink:from="TradingLiabilitiesLiabilitiesBNK" xlink:to="SecuritiesRelatedToTradingTransactionsSoldForShortSalesTradingLiabilitiesLiabilitiesBNK" order="3.0"/>
    <link:loc xlink:type="locator" xlink:href="../../jppfs_cor_2023-12-01.xsd#jppfs_cor_DerivativesOfSecuritiesRelatedToTradingTransactionsTradingLiabilitiesLiabilitiesBNK" xlink:label="DerivativesOfSecuritiesRelatedToTradingTransactionsTradingLiabilitiesLiabilitiesBNK"/>
    <link:definitionArc xlink:type="arc" xlink:arcrole="http://xbrl.org/int/dim/arcrole/domain-member" xlink:from="TradingLiabilitiesLiabilitiesBNK" xlink:to="DerivativesOfSecuritiesRelatedToTradingTransactionsTradingLiabilitiesLiabilitiesBNK" order="4.0"/>
    <link:loc xlink:type="locator" xlink:href="../../jppfs_cor_2023-12-01.xsd#jppfs_cor_TradingRelatedFinancialDerivativesTradingLiabilitiesLiabilitiesBNK" xlink:label="TradingRelatedFinancialDerivativesTradingLiabilitiesLiabilitiesBNK"/>
    <link:definitionArc xlink:type="arc" xlink:arcrole="http://xbrl.org/int/dim/arcrole/domain-member" xlink:from="TradingLiabilitiesLiabilitiesBNK" xlink:to="TradingRelatedFinancialDerivativesTradingLiabilitiesLiabilitiesBNK" order="5.0"/>
    <link:loc xlink:type="locator" xlink:href="../../jppfs_cor_2023-12-01.xsd#jppfs_cor_OtherTradingLiabilitiesTradingLiabilitiesLiabilitiesBNK" xlink:label="OtherTradingLiabilitiesTradingLiabilitiesLiabilitiesBNK"/>
    <link:definitionArc xlink:type="arc" xlink:arcrole="http://xbrl.org/int/dim/arcrole/domain-member" xlink:from="TradingLiabilitiesLiabilitiesBNK" xlink:to="OtherTradingLiabilitiesTradingLiabilitiesLiabilitiesBNK" order="6.0"/>
    <link:loc xlink:type="locator" xlink:href="../../jppfs_cor_2023-12-01.xsd#jppfs_cor_BorrowedMoneyLiabilitiesBNK" xlink:label="BorrowedMoneyLiabilitiesBNK"/>
    <link:definitionArc xlink:type="arc" xlink:arcrole="http://xbrl.org/int/dim/arcrole/domain-member" xlink:from="LiabilitiesAbstract" xlink:to="BorrowedMoneyLiabilitiesBNK" order="9.0"/>
    <link:loc xlink:type="locator" xlink:href="../../jppfs_cor_2023-12-01.xsd#jppfs_cor_BillsRediscountedBorrowedMoneyLiabilitiesBNK" xlink:label="BillsRediscountedBorrowedMoneyLiabilitiesBNK"/>
    <link:definitionArc xlink:type="arc" xlink:arcrole="http://xbrl.org/int/dim/arcrole/domain-member" xlink:from="BorrowedMoneyLiabilitiesBNK" xlink:to="BillsRediscountedBorrowedMoneyLiabilitiesBNK" order="1.0"/>
    <link:loc xlink:type="locator" xlink:href="../../jppfs_cor_2023-12-01.xsd#jppfs_cor_BorrowingsFromOtherBanksBorrowedMoneyLiabilitiesBNK" xlink:label="BorrowingsFromOtherBanksBorrowedMoneyLiabilitiesBNK"/>
    <link:definitionArc xlink:type="arc" xlink:arcrole="http://xbrl.org/int/dim/arcrole/domain-member" xlink:from="BorrowedMoneyLiabilitiesBNK" xlink:to="BorrowingsFromOtherBanksBorrowedMoneyLiabilitiesBNK" order="2.0"/>
    <link:loc xlink:type="locator" xlink:href="../../jppfs_cor_2023-12-01.xsd#jppfs_cor_ForeignExchangesLiabilitiesBNK" xlink:label="ForeignExchangesLiabilitiesBNK"/>
    <link:definitionArc xlink:type="arc" xlink:arcrole="http://xbrl.org/int/dim/arcrole/domain-member" xlink:from="LiabilitiesAbstract" xlink:to="ForeignExchangesLiabilitiesBNK" order="10.0"/>
    <link:loc xlink:type="locator" xlink:href="../../jppfs_cor_2023-12-01.xsd#jppfs_cor_DueToForeignBanksTheirAccountsForeignExchangesLiabilitiesBNK" xlink:label="DueToForeignBanksTheirAccountsForeignExchangesLiabilitiesBNK"/>
    <link:definitionArc xlink:type="arc" xlink:arcrole="http://xbrl.org/int/dim/arcrole/domain-member" xlink:from="ForeignExchangesLiabilitiesBNK" xlink:to="DueToForeignBanksTheirAccountsForeignExchangesLiabilitiesBNK" order="1.0"/>
    <link:loc xlink:type="locator" xlink:href="../../jppfs_cor_2023-12-01.xsd#jppfs_cor_DueToForeignBanksOurAccountsForeignExchangesLiabilitiesBNK" xlink:label="DueToForeignBanksOurAccountsForeignExchangesLiabilitiesBNK"/>
    <link:definitionArc xlink:type="arc" xlink:arcrole="http://xbrl.org/int/dim/arcrole/domain-member" xlink:from="ForeignExchangesLiabilitiesBNK" xlink:to="DueToForeignBanksOurAccountsForeignExchangesLiabilitiesBNK" order="2.0"/>
    <link:loc xlink:type="locator" xlink:href="../../jppfs_cor_2023-12-01.xsd#jppfs_cor_ForeignBillsSoldForeignExchangesLiabilitiesBNK" xlink:label="ForeignBillsSoldForeignExchangesLiabilitiesBNK"/>
    <link:definitionArc xlink:type="arc" xlink:arcrole="http://xbrl.org/int/dim/arcrole/domain-member" xlink:from="ForeignExchangesLiabilitiesBNK" xlink:to="ForeignBillsSoldForeignExchangesLiabilitiesBNK" order="3.0"/>
    <link:loc xlink:type="locator" xlink:href="../../jppfs_cor_2023-12-01.xsd#jppfs_cor_ForeignBillsPayableForeignExchangesLiabilitiesBNK" xlink:label="ForeignBillsPayableForeignExchangesLiabilitiesBNK"/>
    <link:definitionArc xlink:type="arc" xlink:arcrole="http://xbrl.org/int/dim/arcrole/domain-member" xlink:from="ForeignExchangesLiabilitiesBNK" xlink:to="ForeignBillsPayableForeignExchangesLiabilitiesBNK" order="4.0"/>
    <link:loc xlink:type="locator" xlink:href="../../jppfs_cor_2023-12-01.xsd#jppfs_cor_ShortTermBondsPayable" xlink:label="ShortTermBondsPayable"/>
    <link:definitionArc xlink:type="arc" xlink:arcrole="http://xbrl.org/int/dim/arcrole/domain-member" xlink:from="LiabilitiesAbstract" xlink:to="ShortTermBondsPayable" order="11.0"/>
    <link:loc xlink:type="locator" xlink:href="../../jppfs_cor_2023-12-01.xsd#jppfs_cor_BondsPayable" xlink:label="BondsPayable"/>
    <link:definitionArc xlink:type="arc" xlink:arcrole="http://xbrl.org/int/dim/arcrole/domain-member" xlink:from="LiabilitiesAbstract" xlink:to="BondsPayable" order="12.0"/>
    <link:loc xlink:type="locator" xlink:href="../../jppfs_cor_2023-12-01.xsd#jppfs_cor_BondsWithSubscriptionRightsToSharesNCL" xlink:label="BondsWithSubscriptionRightsToSharesNCL"/>
    <link:definitionArc xlink:type="arc" xlink:arcrole="http://xbrl.org/int/dim/arcrole/domain-member" xlink:from="LiabilitiesAbstract" xlink:to="BondsWithSubscriptionRightsToSharesNCL" order="13.0"/>
    <link:loc xlink:type="locator" xlink:href="../../jppfs_cor_2023-12-01.xsd#jppfs_cor_OtherLiabilitiesLiabilitiesBNK" xlink:label="OtherLiabilitiesLiabilitiesBNK"/>
    <link:definitionArc xlink:type="arc" xlink:arcrole="http://xbrl.org/int/dim/arcrole/domain-member" xlink:from="LiabilitiesAbstract" xlink:to="OtherLiabilitiesLiabilitiesBNK" order="14.0"/>
    <link:loc xlink:type="locator" xlink:href="../../jppfs_cor_2023-12-01.xsd#jppfs_cor_DomesticExchangeSettlementAccountCreditOtherLiabilitiesLiabilitiesBNK" xlink:label="DomesticExchangeSettlementAccountCreditOtherLiabilitiesLiabilitiesBNK"/>
    <link:definitionArc xlink:type="arc" xlink:arcrole="http://xbrl.org/int/dim/arcrole/domain-member" xlink:from="OtherLiabilitiesLiabilitiesBNK" xlink:to="DomesticExchangeSettlementAccountCreditOtherLiabilitiesLiabilitiesBNK" order="1.0"/>
    <link:loc xlink:type="locator" xlink:href="../../jppfs_cor_2023-12-01.xsd#jppfs_cor_IncomeTaxesPayable" xlink:label="IncomeTaxesPayable"/>
    <link:definitionArc xlink:type="arc" xlink:arcrole="http://xbrl.org/int/dim/arcrole/domain-member" xlink:from="OtherLiabilitiesLiabilitiesBNK" xlink:to="IncomeTaxesPayable" order="2.0"/>
    <link:loc xlink:type="locator" xlink:href="../../jppfs_cor_2023-12-01.xsd#jppfs_cor_AccruedExpenses" xlink:label="AccruedExpenses"/>
    <link:definitionArc xlink:type="arc" xlink:arcrole="http://xbrl.org/int/dim/arcrole/domain-member" xlink:from="OtherLiabilitiesLiabilitiesBNK" xlink:to="AccruedExpenses" order="3.0"/>
    <link:loc xlink:type="locator" xlink:href="../../jppfs_cor_2023-12-01.xsd#jppfs_cor_UnearnedRevenue" xlink:label="UnearnedRevenue"/>
    <link:definitionArc xlink:type="arc" xlink:arcrole="http://xbrl.org/int/dim/arcrole/domain-member" xlink:from="OtherLiabilitiesLiabilitiesBNK" xlink:to="UnearnedRevenue" order="4.0"/>
    <link:loc xlink:type="locator" xlink:href="../../jppfs_cor_2023-12-01.xsd#jppfs_cor_DepositsReceivedFromEmployees" xlink:label="DepositsReceivedFromEmployees"/>
    <link:definitionArc xlink:type="arc" xlink:arcrole="http://xbrl.org/int/dim/arcrole/domain-member" xlink:from="OtherLiabilitiesLiabilitiesBNK" xlink:to="DepositsReceivedFromEmployees" order="5.0"/>
    <link:loc xlink:type="locator" xlink:href="../../jppfs_cor_2023-12-01.xsd#jppfs_cor_ReserveForInterestOnInstallmentSavingsOtherLiabilitiesLiabilitiesBNK" xlink:label="ReserveForInterestOnInstallmentSavingsOtherLiabilitiesLiabilitiesBNK"/>
    <link:definitionArc xlink:type="arc" xlink:arcrole="http://xbrl.org/int/dim/arcrole/domain-member" xlink:from="OtherLiabilitiesLiabilitiesBNK" xlink:to="ReserveForInterestOnInstallmentSavingsOtherLiabilitiesLiabilitiesBNK" order="6.0"/>
    <link:loc xlink:type="locator" xlink:href="../../jppfs_cor_2023-12-01.xsd#jppfs_cor_InitialMarginsOfFuturesMarketsLiabilitiesOtherLiabilitiesLiabilitiesBNK" xlink:label="InitialMarginsOfFuturesMarketsLiabilitiesOtherLiabilitiesLiabilitiesBNK"/>
    <link:definitionArc xlink:type="arc" xlink:arcrole="http://xbrl.org/int/dim/arcrole/domain-member" xlink:from="OtherLiabilitiesLiabilitiesBNK" xlink:to="InitialMarginsOfFuturesMarketsLiabilitiesOtherLiabilitiesLiabilitiesBNK" order="7.0"/>
    <link:loc xlink:type="locator" xlink:href="../../jppfs_cor_2023-12-01.xsd#jppfs_cor_VariationMarginsOfFuturesMarketsOtherLiabilitiesLiabilitiesBNK" xlink:label="VariationMarginsOfFuturesMarketsOtherLiabilitiesLiabilitiesBNK"/>
    <link:definitionArc xlink:type="arc" xlink:arcrole="http://xbrl.org/int/dim/arcrole/domain-member" xlink:from="OtherLiabilitiesLiabilitiesBNK" xlink:to="VariationMarginsOfFuturesMarketsOtherLiabilitiesLiabilitiesBNK" order="8.0"/>
    <link:loc xlink:type="locator" xlink:href="../../jppfs_cor_2023-12-01.xsd#jppfs_cor_TradingAccountSecuritiesBorrowedOtherLiabilitiesLiabilitiesBNK" xlink:label="TradingAccountSecuritiesBorrowedOtherLiabilitiesLiabilitiesBNK"/>
    <link:definitionArc xlink:type="arc" xlink:arcrole="http://xbrl.org/int/dim/arcrole/domain-member" xlink:from="OtherLiabilitiesLiabilitiesBNK" xlink:to="TradingAccountSecuritiesBorrowedOtherLiabilitiesLiabilitiesBNK" order="9.0"/>
    <link:loc xlink:type="locator" xlink:href="../../jppfs_cor_2023-12-01.xsd#jppfs_cor_BorrowedSecuritiesRelatedToTradingTransactionsLiabilitiesBNK" xlink:label="BorrowedSecuritiesRelatedToTradingTransactionsLiabilitiesBNK"/>
    <link:definitionArc xlink:type="arc" xlink:arcrole="http://xbrl.org/int/dim/arcrole/domain-member" xlink:from="OtherLiabilitiesLiabilitiesBNK" xlink:to="BorrowedSecuritiesRelatedToTradingTransactionsLiabilitiesBNK" order="10.0"/>
    <link:loc xlink:type="locator" xlink:href="../../jppfs_cor_2023-12-01.xsd#jppfs_cor_SecuritiesBorrowedOtherLiabilitiesLiabilitiesBNK" xlink:label="SecuritiesBorrowedOtherLiabilitiesLiabilitiesBNK"/>
    <link:definitionArc xlink:type="arc" xlink:arcrole="http://xbrl.org/int/dim/arcrole/domain-member" xlink:from="OtherLiabilitiesLiabilitiesBNK" xlink:to="SecuritiesBorrowedOtherLiabilitiesLiabilitiesBNK" order="11.0"/>
    <link:loc xlink:type="locator" xlink:href="../../jppfs_cor_2023-12-01.xsd#jppfs_cor_BondsSoldOtherLiabilitiesLiabilitiesBNK" xlink:label="BondsSoldOtherLiabilitiesLiabilitiesBNK"/>
    <link:definitionArc xlink:type="arc" xlink:arcrole="http://xbrl.org/int/dim/arcrole/domain-member" xlink:from="OtherLiabilitiesLiabilitiesBNK" xlink:to="BondsSoldOtherLiabilitiesLiabilitiesBNK" order="12.0"/>
    <link:loc xlink:type="locator" xlink:href="../../jppfs_cor_2023-12-01.xsd#jppfs_cor_DerivativesOtherThanForTradingLiabilitiesOtherLiabilitiesBNK" xlink:label="DerivativesOtherThanForTradingLiabilitiesOtherLiabilitiesBNK"/>
    <link:definitionArc xlink:type="arc" xlink:arcrole="http://xbrl.org/int/dim/arcrole/domain-member" xlink:from="OtherLiabilitiesLiabilitiesBNK" xlink:to="DerivativesOtherThanForTradingLiabilitiesOtherLiabilitiesBNK" order="13.0"/>
    <link:loc xlink:type="locator" xlink:href="../../jppfs_cor_2023-12-01.xsd#jppfs_cor_CashCollateralReceivedForFinancialInstrumentsLiabilities" xlink:label="CashCollateralReceivedForFinancialInstrumentsLiabilities"/>
    <link:definitionArc xlink:type="arc" xlink:arcrole="http://xbrl.org/int/dim/arcrole/domain-member" xlink:from="OtherLiabilitiesLiabilitiesBNK" xlink:to="CashCollateralReceivedForFinancialInstrumentsLiabilities" order="14.0"/>
    <link:loc xlink:type="locator" xlink:href="../../jppfs_cor_2023-12-01.xsd#jppfs_cor_LeaseObligationsLiabilities" xlink:label="LeaseObligationsLiabilities"/>
    <link:definitionArc xlink:type="arc" xlink:arcrole="http://xbrl.org/int/dim/arcrole/domain-member" xlink:from="OtherLiabilitiesLiabilitiesBNK" xlink:to="LeaseObligationsLiabilities" order="15.0"/>
    <link:loc xlink:type="locator" xlink:href="../../jppfs_cor_2023-12-01.xsd#jppfs_cor_AssetRetirementObligationsLiabilities" xlink:label="AssetRetirementObligationsLiabilities"/>
    <link:definitionArc xlink:type="arc" xlink:arcrole="http://xbrl.org/int/dim/arcrole/domain-member" xlink:from="OtherLiabilitiesLiabilitiesBNK" xlink:to="AssetRetirementObligationsLiabilities" order="16.0"/>
    <link:loc xlink:type="locator" xlink:href="../../jppfs_cor_2023-12-01.xsd#jppfs_cor_OtherOtherLiabilitiesLiabilitiesBNK" xlink:label="OtherOtherLiabilitiesLiabilitiesBNK"/>
    <link:definitionArc xlink:type="arc" xlink:arcrole="http://xbrl.org/int/dim/arcrole/domain-member" xlink:from="OtherLiabilitiesLiabilitiesBNK" xlink:to="OtherOtherLiabilitiesLiabilitiesBNK" order="17.0"/>
    <link:loc xlink:type="locator" xlink:href="../../jppfs_cor_2023-12-01.xsd#jppfs_cor_ProvisionForBonuses" xlink:label="ProvisionForBonuses"/>
    <link:definitionArc xlink:type="arc" xlink:arcrole="http://xbrl.org/int/dim/arcrole/domain-member" xlink:from="LiabilitiesAbstract" xlink:to="ProvisionForBonuses" order="15.0"/>
    <link:loc xlink:type="locator" xlink:href="../../jppfs_cor_2023-12-01.xsd#jppfs_cor_ProvisionForDirectorsBonuses" xlink:label="ProvisionForDirectorsBonuses"/>
    <link:definitionArc xlink:type="arc" xlink:arcrole="http://xbrl.org/int/dim/arcrole/domain-member" xlink:from="LiabilitiesAbstract" xlink:to="ProvisionForDirectorsBonuses" order="16.0"/>
    <link:loc xlink:type="locator" xlink:href="../../jppfs_cor_2023-12-01.xsd#jppfs_cor_ProvisionForRetirementBenefits" xlink:label="ProvisionForRetirementBenefits"/>
    <link:definitionArc xlink:type="arc" xlink:arcrole="http://xbrl.org/int/dim/arcrole/domain-member" xlink:from="LiabilitiesAbstract" xlink:to="ProvisionForRetirementBenefits" order="17.0"/>
    <link:loc xlink:type="locator" xlink:href="../../jppfs_cor_2023-12-01.xsd#jppfs_cor_ProvisionForDirectorsRetirementBenefits" xlink:label="ProvisionForDirectorsRetirementBenefits"/>
    <link:definitionArc xlink:type="arc" xlink:arcrole="http://xbrl.org/int/dim/arcrole/domain-member" xlink:from="LiabilitiesAbstract" xlink:to="ProvisionForDirectorsRetirementBenefits" order="18.0"/>
    <link:loc xlink:type="locator" xlink:href="../../jppfs_cor_2023-12-01.xsd#jppfs_cor_ReservesUnderTheSpecialLaws2" xlink:label="ReservesUnderTheSpecialLaws2"/>
    <link:definitionArc xlink:type="arc" xlink:arcrole="http://xbrl.org/int/dim/arcrole/domain-member" xlink:from="LiabilitiesAbstract" xlink:to="ReservesUnderTheSpecialLaws2" order="19.0"/>
    <link:loc xlink:type="locator" xlink:href="../../jppfs_cor_2023-12-01.xsd#jppfs_cor_ReserveForFinancialProductsTransactionLiabilitiesReservesUnderTheSpecialLawsLiabilitiesBNK" xlink:label="ReserveForFinancialProductsTransactionLiabilitiesReservesUnderTheSpecialLawsLiabilitiesBNK"/>
    <link:definitionArc xlink:type="arc" xlink:arcrole="http://xbrl.org/int/dim/arcrole/domain-member" xlink:from="ReservesUnderTheSpecialLaws2" xlink:to="ReserveForFinancialProductsTransactionLiabilitiesReservesUnderTheSpecialLawsLiabilitiesBNK" order="1.0"/>
    <link:loc xlink:type="locator" xlink:href="../../jppfs_cor_2023-12-01.xsd#jppfs_cor_DeferredTaxLiabilities" xlink:label="DeferredTaxLiabilities"/>
    <link:definitionArc xlink:type="arc" xlink:arcrole="http://xbrl.org/int/dim/arcrole/domain-member" xlink:from="LiabilitiesAbstract" xlink:to="DeferredTaxLiabilities" order="20.0"/>
    <link:loc xlink:type="locator" xlink:href="../../jppfs_cor_2023-12-01.xsd#jppfs_cor_DeferredTaxLiabilitiesForLandRevaluation" xlink:label="DeferredTaxLiabilitiesForLandRevaluation"/>
    <link:definitionArc xlink:type="arc" xlink:arcrole="http://xbrl.org/int/dim/arcrole/domain-member" xlink:from="LiabilitiesAbstract" xlink:to="DeferredTaxLiabilitiesForLandRevaluation" order="21.0"/>
    <link:loc xlink:type="locator" xlink:href="../../jppfs_cor_2023-12-01.xsd#jppfs_cor_AcceptancesAndGuaranteesLiabilitiesBNK" xlink:label="AcceptancesAndGuaranteesLiabilitiesBNK"/>
    <link:definitionArc xlink:type="arc" xlink:arcrole="http://xbrl.org/int/dim/arcrole/domain-member" xlink:from="LiabilitiesAbstract" xlink:to="AcceptancesAndGuaranteesLiabilitiesBNK" order="22.0"/>
    <link:loc xlink:type="locator" xlink:href="../../jppfs_cor_2023-12-01.xsd#jppfs_cor_Liabilities" xlink:label="Liabilities"/>
    <link:definitionArc xlink:type="arc" xlink:arcrole="http://xbrl.org/int/dim/arcrole/domain-member" xlink:from="LiabilitiesAbstract" xlink:to="Liabilities" order="23.0"/>
    <link:loc xlink:type="locator" xlink:href="../../jppfs_cor_2023-12-01.xsd#jppfs_cor_NetAssetsAbstract" xlink:label="NetAssetsAbstract"/>
    <link:definitionArc xlink:type="arc" xlink:arcrole="http://xbrl.org/int/dim/arcrole/domain-member" xlink:from="BalanceSheetLineItems" xlink:to="NetAssetsAbstract" order="3.0"/>
    <link:loc xlink:type="locator" xlink:href="../../jppfs_cor_2023-12-01.xsd#jppfs_cor_CapitalStock" xlink:label="CapitalStock"/>
    <link:definitionArc xlink:type="arc" xlink:arcrole="http://xbrl.org/int/dim/arcrole/domain-member" xlink:from="NetAssetsAbstract" xlink:to="CapitalStock" order="1.0"/>
    <link:loc xlink:type="locator" xlink:href="../../jppfs_cor_2023-12-01.xsd#jppfs_cor_DepositForSubscriptionsToShares" xlink:label="DepositForSubscriptionsToShares"/>
    <link:definitionArc xlink:type="arc" xlink:arcrole="http://xbrl.org/int/dim/arcrole/domain-member" xlink:from="NetAssetsAbstract" xlink:to="DepositForSubscriptionsToShares" order="2.0"/>
    <link:loc xlink:type="locator" xlink:href="../../jppfs_cor_2023-12-01.xsd#jppfs_cor_CapitalSurplus" xlink:label="CapitalSurplus"/>
    <link:definitionArc xlink:type="arc" xlink:arcrole="http://xbrl.org/int/dim/arcrole/domain-member" xlink:from="NetAssetsAbstract" xlink:to="CapitalSurplus" order="3.0"/>
    <link:loc xlink:type="locator" xlink:href="../../jppfs_cor_2023-12-01.xsd#jppfs_cor_LegalCapitalSurplus" xlink:label="LegalCapitalSurplus"/>
    <link:definitionArc xlink:type="arc" xlink:arcrole="http://xbrl.org/int/dim/arcrole/domain-member" xlink:from="CapitalSurplus" xlink:to="LegalCapitalSurplus" order="1.0"/>
    <link:loc xlink:type="locator" xlink:href="../../jppfs_cor_2023-12-01.xsd#jppfs_cor_OtherCapitalSurplus" xlink:label="OtherCapitalSurplus"/>
    <link:definitionArc xlink:type="arc" xlink:arcrole="http://xbrl.org/int/dim/arcrole/domain-member" xlink:from="CapitalSurplus" xlink:to="OtherCapitalSurplus" order="2.0"/>
    <link:loc xlink:type="locator" xlink:href="../../jppfs_cor_2023-12-01.xsd#jppfs_cor_RetainedEarnings" xlink:label="RetainedEarnings"/>
    <link:definitionArc xlink:type="arc" xlink:arcrole="http://xbrl.org/int/dim/arcrole/domain-member" xlink:from="NetAssetsAbstract" xlink:to="RetainedEarnings" order="4.0"/>
    <link:loc xlink:type="locator" xlink:href="../../jppfs_cor_2023-12-01.xsd#jppfs_cor_LegalRetainedEarnings" xlink:label="LegalRetainedEarnings"/>
    <link:definitionArc xlink:type="arc" xlink:arcrole="http://xbrl.org/int/dim/arcrole/domain-member" xlink:from="RetainedEarnings" xlink:to="LegalRetainedEarnings" order="1.0"/>
    <link:loc xlink:type="locator" xlink:href="../../jppfs_cor_2023-12-01.xsd#jppfs_cor_OtherRetainedEarnings" xlink:label="OtherRetainedEarnings"/>
    <link:definitionArc xlink:type="arc" xlink:arcrole="http://xbrl.org/int/dim/arcrole/domain-member" xlink:from="RetainedEarnings" xlink:to="OtherRetainedEarnings" order="2.0"/>
    <link:loc xlink:type="locator" xlink:href="../../jppfs_cor_2023-12-01.xsd#jppfs_cor_RetainedEarningsBroughtForward" xlink:label="RetainedEarningsBroughtForward"/>
    <link:definitionArc xlink:type="arc" xlink:arcrole="http://xbrl.org/int/dim/arcrole/domain-member" xlink:from="OtherRetainedEarnings" xlink:to="RetainedEarningsBroughtForward" order="1.0"/>
    <link:loc xlink:type="locator" xlink:href="../../jppfs_cor_2023-12-01.xsd#jppfs_cor_TreasuryStock" xlink:label="TreasuryStock"/>
    <link:definitionArc xlink:type="arc" xlink:arcrole="http://xbrl.org/int/dim/arcrole/domain-member" xlink:from="NetAssetsAbstract" xlink:to="TreasuryStock" order="5.0"/>
    <link:loc xlink:type="locator" xlink:href="../../jppfs_cor_2023-12-01.xsd#jppfs_cor_DepositForSubscriptionsToTreasuryStock" xlink:label="DepositForSubscriptionsToTreasuryStock"/>
    <link:definitionArc xlink:type="arc" xlink:arcrole="http://xbrl.org/int/dim/arcrole/domain-member" xlink:from="NetAssetsAbstract" xlink:to="DepositForSubscriptionsToTreasuryStock" order="6.0"/>
    <link:loc xlink:type="locator" xlink:href="../../jppfs_cor_2023-12-01.xsd#jppfs_cor_ValuationDifferenceOnAvailableForSaleSecurities" xlink:label="ValuationDifferenceOnAvailableForSaleSecurities"/>
    <link:definitionArc xlink:type="arc" xlink:arcrole="http://xbrl.org/int/dim/arcrole/domain-member" xlink:from="NetAssetsAbstract" xlink:to="ValuationDifferenceOnAvailableForSaleSecurities" order="8.0"/>
    <link:loc xlink:type="locator" xlink:href="../../jppfs_cor_2023-12-01.xsd#jppfs_cor_DeferredGainsOrLossesOnHedges" xlink:label="DeferredGainsOrLossesOnHedges"/>
    <link:definitionArc xlink:type="arc" xlink:arcrole="http://xbrl.org/int/dim/arcrole/domain-member" xlink:from="NetAssetsAbstract" xlink:to="DeferredGainsOrLossesOnHedges" order="9.0"/>
    <link:loc xlink:type="locator" xlink:href="../../jppfs_cor_2023-12-01.xsd#jppfs_cor_RevaluationReserveForLand" xlink:label="RevaluationReserveForLand"/>
    <link:definitionArc xlink:type="arc" xlink:arcrole="http://xbrl.org/int/dim/arcrole/domain-member" xlink:from="NetAssetsAbstract" xlink:to="RevaluationReserveForLand" order="10.0"/>
    <link:loc xlink:type="locator" xlink:href="../../jppfs_cor_2023-12-01.xsd#jppfs_cor_ShareholdersEquity" xlink:label="ShareholdersEquity"/>
    <link:definitionArc xlink:type="arc" xlink:arcrole="http://xbrl.org/int/dim/arcrole/domain-member" xlink:from="NetAssetsAbstract" xlink:to="ShareholdersEquity" order="7.0"/>
    <link:loc xlink:type="locator" xlink:href="../../jppfs_cor_2023-12-01.xsd#jppfs_cor_ValuationAndTranslationAdjustments" xlink:label="ValuationAndTranslationAdjustments"/>
    <link:definitionArc xlink:type="arc" xlink:arcrole="http://xbrl.org/int/dim/arcrole/domain-member" xlink:from="NetAssetsAbstract" xlink:to="ValuationAndTranslationAdjustments" order="11.0"/>
    <link:loc xlink:type="locator" xlink:href="../../jppfs_cor_2023-12-01.xsd#jppfs_cor_ShareAwardRights" xlink:label="ShareAwardRights"/>
    <link:definitionArc xlink:type="arc" xlink:arcrole="http://xbrl.org/int/dim/arcrole/domain-member" xlink:from="NetAssetsAbstract" xlink:to="ShareAwardRights" order="12.0"/>
    <link:loc xlink:type="locator" xlink:href="../../jppfs_cor_2023-12-01.xsd#jppfs_cor_SubscriptionRightsToShares" xlink:label="SubscriptionRightsToShares"/>
    <link:definitionArc xlink:type="arc" xlink:arcrole="http://xbrl.org/int/dim/arcrole/domain-member" xlink:from="NetAssetsAbstract" xlink:to="SubscriptionRightsToShares" order="13.0"/>
    <link:loc xlink:type="locator" xlink:href="../../jppfs_cor_2023-12-01.xsd#jppfs_cor_NetAssets" xlink:label="NetAssets"/>
    <link:definitionArc xlink:type="arc" xlink:arcrole="http://xbrl.org/int/dim/arcrole/domain-member" xlink:from="NetAssetsAbstract" xlink:to="NetAssets" order="14.0"/>
    <link:loc xlink:type="locator" xlink:href="../../jppfs_cor_2023-12-01.xsd#jppfs_cor_LiabilitiesAndNetAssets" xlink:label="LiabilitiesAndNetAssets"/>
    <link:definitionArc xlink:type="arc" xlink:arcrole="http://xbrl.org/int/dim/arcrole/domain-member" xlink:from="BalanceSheetLineItems" xlink:to="LiabilitiesAndNetAssets" order="4.0"/>
  </link:definitionLink>
</link:linkbase>
