﻿<?xml version="1.0" encoding="utf-8"?>
<!-- XBRL Document Created with WizLabo Platform -->
<link:linkbase xmlns:xlink="http://www.w3.org/1999/xlink" xmlns:xsi="http://www.w3.org/2001/XMLSchema-instance" xmlns:link="http://www.xbrl.org/2003/linkbase">
  <link:roleRef xlink:type="simple" xlink:href="http://disclosure.edinet-fsa.go.jp/taxonomy/jpcrp/2023-12-01/jpcrp_rt_2023-12-01.xsd#rol_altLabel" roleURI="http://disclosure.edinet-fsa.go.jp/jpcrp/alt/role/label" />
  <link:roleRef xlink:type="simple" xlink:href="http://disclosure.edinet-fsa.go.jp/taxonomy/jpcrp/2023-12-01/jpcrp_rt_2023-12-01.xsd#rol_altPeriodEndLabel" roleURI="http://disclosure.edinet-fsa.go.jp/jpcrp/alt/role/periodEndLabel" />
  <link:roleRef xlink:type="simple" xlink:href="http://disclosure.edinet-fsa.go.jp/taxonomy/jpcrp/2023-12-01/jpcrp_rt_2023-12-01.xsd#rol_altTotalLabel" roleURI="http://disclosure.edinet-fsa.go.jp/jpcrp/alt/role/totalLabel" />
  <link:roleRef xlink:type="simple" xlink:href="jpcrp030000-asr-001_E27294-000_2024-03-31_01_2024-06-20.xsd#at1" roleURI="http://disclosure.edinet-fsa.go.jp/jpcrp/alt2/role/label" />
  <link:labelLink xlink:type="extended" xlink:role="http://www.xbrl.org/2003/role/link">
    <link:label xml:lang="ja" xlink:type="resource" xlink:label="jpcrp030000-asr_E27294-000_AritaMichioMember_label" xlink:role="http://www.xbrl.org/2003/role/label">有田 道生</link:label>
    <link:label xml:lang="ja" xlink:type="resource" xlink:label="jpcrp030000-asr_E27294-000_AritaMichioMember_label_1" xlink:role="http://www.xbrl.org/2003/role/verboseLabel">有田 道生 [メンバー]</link:label>
    <link:label xml:lang="ja" xlink:type="resource" xlink:label="jpcrp030000-asr_E27294-000_ASharesKeyFinancialData_label" xlink:role="http://www.xbrl.org/2003/role/label">A種優先株式</link:label>
    <link:label xml:lang="ja" xlink:type="resource" xlink:label="jpcrp030000-asr_E27294-000_ASharesKeyFinancialData_label_1" xlink:role="http://www.xbrl.org/2003/role/verboseLabel">A種優先株式、経営指標等</link:label>
    <link:label xml:lang="ja" xlink:type="resource" xlink:label="jpcrp030000-asr_E27294-000_AverageNumberOfTemporaryWorkersIFRSSummaryOfBusinessResults_label" xlink:role="http://www.xbrl.org/2003/role/label">平均臨時雇用人員</link:label>
    <link:label xml:lang="ja" xlink:type="resource" xlink:label="jpcrp030000-asr_E27294-000_AverageNumberOfTemporaryWorkersIFRSSummaryOfBusinessResults_label_1" xlink:role="http://www.xbrl.org/2003/role/verboseLabel">平均臨時雇用人員（IFRS）、経営指標等</link:label>
    <link:label xml:lang="ja" xlink:type="resource" xlink:label="jpcrp030000-asr_E27294-000_ChangesInContractCostsOpeCFIFRS_label_1" xlink:role="http://www.xbrl.org/2003/role/label">契約コストの増減額（△は増加）</link:label>
    <link:label xml:lang="ja" xlink:type="resource" xlink:label="jpcrp030000-asr_E27294-000_ChangesInContractCostsOpeCFIFRS_label_2" xlink:role="http://www.xbrl.org/2003/role/verboseLabel">契約コストの増減額（△は増加）、営業活動によるキャッシュ・フロー（IFRS）</link:label>
    <link:label xml:lang="ja" xlink:type="resource" xlink:label="jpcrp030000-asr_E27294-000_ChangesInContractCostsOpeCFIFRS_label" xlink:role="http://disclosure.edinet-fsa.go.jp/jpcrp/alt/role/label">契約コストの増減（△は増加）</link:label>
    <link:label xml:lang="ja" xlink:type="resource" xlink:label="jpcrp030000-asr_E27294-000_ClassAPreferredSharesSharesWithNoVotingRightsMember_label" xlink:role="http://www.xbrl.org/2003/role/label">A種優先株式</link:label>
    <link:label xml:lang="ja" xlink:type="resource" xlink:label="jpcrp030000-asr_E27294-000_ClassAPreferredSharesSharesWithNoVotingRightsMember_label_1" xlink:role="http://www.xbrl.org/2003/role/verboseLabel">A種優先株式、無議決権株式 [メンバー]</link:label>
    <link:label xml:lang="ja" xlink:type="resource" xlink:label="jpcrp030000-asr_E27294-000_ContractCostAmortizationExpenseIFRS_label" xlink:role="http://www.xbrl.org/2003/role/label">契約コスト償却費</link:label>
    <link:label xml:lang="ja" xlink:type="resource" xlink:label="jpcrp030000-asr_E27294-000_ContractCostAmortizationExpenseIFRS_label_1" xlink:role="http://www.xbrl.org/2003/role/verboseLabel">契約コスト償却費（IFRS）</link:label>
    <link:label xml:lang="ja" xlink:type="resource" xlink:label="jpcrp030000-asr_E27294-000_ContractCostsNCAIFRS_label" xlink:role="http://www.xbrl.org/2003/role/label">契約コスト</link:label>
    <link:label xml:lang="ja" xlink:type="resource" xlink:label="jpcrp030000-asr_E27294-000_ContractCostsNCAIFRS_label_1" xlink:role="http://www.xbrl.org/2003/role/verboseLabel">契約コスト、非流動資産（IFRS）</link:label>
    <link:label xml:lang="ja" xlink:type="resource" xlink:label="jpcrp030000-asr_E27294-000_EmployeeAndDirectorBenefitsExpenseOperatingExpensesIFRS_label" xlink:role="http://www.xbrl.org/2003/role/label">従業員及び役員に対する給付費用</link:label>
    <link:label xml:lang="ja" xlink:type="resource" xlink:label="jpcrp030000-asr_E27294-000_EmployeeAndDirectorBenefitsExpenseOperatingExpensesIFRS_label_1" xlink:role="http://www.xbrl.org/2003/role/verboseLabel">従業員及び役員に対する給付費用、営業費用（IFRS）</link:label>
    <link:label xml:lang="ja" xlink:type="resource" xlink:label="jpcrp030000-asr_E27294-000_FuruyaKeigoMember_label" xlink:role="http://www.xbrl.org/2003/role/label">古谷 啓伍</link:label>
    <link:label xml:lang="ja" xlink:type="resource" xlink:label="jpcrp030000-asr_E27294-000_FuruyaKeigoMember_label_1" xlink:role="http://www.xbrl.org/2003/role/verboseLabel">古谷 啓伍 [メンバー]</link:label>
    <link:label xml:lang="ja" xlink:type="resource" xlink:label="jpcrp030000-asr_E27294-000_GainOnBadDebtsRecoveredOpeCFIFRS_label" xlink:role="http://www.xbrl.org/2003/role/label">償却債権取立益</link:label>
    <link:label xml:lang="ja" xlink:type="resource" xlink:label="jpcrp030000-asr_E27294-000_GainOnBadDebtsRecoveredOpeCFIFRS_label_1" xlink:role="http://www.xbrl.org/2003/role/verboseLabel">償却債権取立益（IFRS）</link:label>
    <link:label xml:lang="ja" xlink:type="resource" xlink:label="jpcrp030000-asr_E27294-000_GainRelatingToLossOfControlOverSubsidiariesOpeCFIFRS_label" xlink:role="http://www.xbrl.org/2003/role/label">子会社の支配喪失に伴う利益</link:label>
    <link:label xml:lang="ja" xlink:type="resource" xlink:label="jpcrp030000-asr_E27294-000_GainRelatingToLossOfControlOverSubsidiariesOpeCFIFRS_label_1" xlink:role="http://www.xbrl.org/2003/role/verboseLabel">子会社の支配喪失に伴う利益、営業活動によるキャッシュ・フロー（IFRS）</link:label>
    <link:label xml:lang="ja" xlink:type="resource" xlink:label="jpcrp030000-asr_E27294-000_GoodsAndProductsFreightageIFRS_label" xlink:role="http://www.xbrl.org/2003/role/label">商品製品配送料</link:label>
    <link:label xml:lang="ja" xlink:type="resource" xlink:label="jpcrp030000-asr_E27294-000_GoodsAndProductsFreightageIFRS_label_1" xlink:role="http://www.xbrl.org/2003/role/verboseLabel">商品製品配送料（IFRS）</link:label>
    <link:label xml:lang="ja" xlink:type="resource" xlink:label="jpcrp030000-asr_E27294-000_HagioYoheiMember_label" xlink:role="http://www.xbrl.org/2003/role/label">萩尾 陽平</link:label>
    <link:label xml:lang="ja" xlink:type="resource" xlink:label="jpcrp030000-asr_E27294-000_HagioYoheiMember_label_1" xlink:role="http://www.xbrl.org/2003/role/verboseLabel">萩尾 陽平 [メンバー]</link:label>
    <link:label xml:lang="ja" xlink:type="resource" xlink:label="jpcrp030000-asr_E27294-000_ImaizumiTakahiroMember_label" xlink:role="http://www.xbrl.org/2003/role/label">今泉 貴広</link:label>
    <link:label xml:lang="ja" xlink:type="resource" xlink:label="jpcrp030000-asr_E27294-000_ImaizumiTakahiroMember_label_1" xlink:role="http://www.xbrl.org/2003/role/verboseLabel">今泉 貴広 [メンバー]</link:label>
    <link:label xml:lang="ja" xlink:type="resource" xlink:label="jpcrp030000-asr_E27294-000_InterimDividendPaidPerShareClassAPreferredStockSummaryOfBusinessResults_label" xlink:role="http://www.xbrl.org/2003/role/label">１株当たり中間配当額、A種優先株式</link:label>
    <link:label xml:lang="ja" xlink:type="resource" xlink:label="jpcrp030000-asr_E27294-000_InterimDividendPaidPerShareClassAPreferredStockSummaryOfBusinessResults_label_1" xlink:role="http://www.xbrl.org/2003/role/verboseLabel">１株当たり中間配当額、A種優先株式、経営指標等</link:label>
    <link:label xml:lang="ja" xlink:type="resource" xlink:label="jpcrp030000-asr_E27294-000_KanemotoAkihikoMember_label" xlink:role="http://www.xbrl.org/2003/role/label">金本 彰彦</link:label>
    <link:label xml:lang="ja" xlink:type="resource" xlink:label="jpcrp030000-asr_E27294-000_KanemotoAkihikoMember_label_1" xlink:role="http://www.xbrl.org/2003/role/verboseLabel">金本 彰彦 [メンバー]</link:label>
    <link:label xml:lang="ja" xlink:type="resource" xlink:label="jpcrp030000-asr_E27294-000_KatoTsugioMember_label" xlink:role="http://www.xbrl.org/2003/role/label">加藤 次夫</link:label>
    <link:label xml:lang="ja" xlink:type="resource" xlink:label="jpcrp030000-asr_E27294-000_KatoTsugioMember_label_1" xlink:role="http://www.xbrl.org/2003/role/verboseLabel">加藤 次夫 [メンバー]</link:label>
    <link:label xml:lang="ja" xlink:type="resource" xlink:label="jpcrp030000-asr_E27294-000_KawaharaNatsukoMember_label" xlink:role="http://www.xbrl.org/2003/role/label">川原 夏子</link:label>
    <link:label xml:lang="ja" xlink:type="resource" xlink:label="jpcrp030000-asr_E27294-000_KawaharaNatsukoMember_label_1" xlink:role="http://www.xbrl.org/2003/role/verboseLabel">川原 夏子 [メンバー]</link:label>
    <link:label xml:lang="ja" xlink:type="resource" xlink:label="jpcrp030000-asr_E27294-000_KoizumiMariMember_label" xlink:role="http://www.xbrl.org/2003/role/label">小泉 まり</link:label>
    <link:label xml:lang="ja" xlink:type="resource" xlink:label="jpcrp030000-asr_E27294-000_KoizumiMariMember_label_1" xlink:role="http://www.xbrl.org/2003/role/verboseLabel">小泉 まり [メンバー]</link:label>
    <link:label xml:lang="ja" xlink:type="resource" xlink:label="jpcrp030000-asr_E27294-000_MatsunagaKoichiMember_label" xlink:role="http://www.xbrl.org/2003/role/label">松永 光市</link:label>
    <link:label xml:lang="ja" xlink:type="resource" xlink:label="jpcrp030000-asr_E27294-000_MatsunagaKoichiMember_label_1" xlink:role="http://www.xbrl.org/2003/role/verboseLabel">松永 光市 [メンバー]</link:label>
    <link:label xml:lang="ja" xlink:type="resource" xlink:label="jpcrp030000-asr_E27294-000_MuraguchiKazutakaMember_label" xlink:role="http://www.xbrl.org/2003/role/label">村口 和孝</link:label>
    <link:label xml:lang="ja" xlink:type="resource" xlink:label="jpcrp030000-asr_E27294-000_MuraguchiKazutakaMember_label_1" xlink:role="http://www.xbrl.org/2003/role/verboseLabel">村口 和孝 [メンバー]</link:label>
    <link:label xml:lang="ja" xlink:type="resource" xlink:label="jpcrp030000-asr_E27294-000_NaganoHideakiMember_label" xlink:role="http://www.xbrl.org/2003/role/label">長野 成晃</link:label>
    <link:label xml:lang="ja" xlink:type="resource" xlink:label="jpcrp030000-asr_E27294-000_NaganoHideakiMember_label_1" xlink:role="http://www.xbrl.org/2003/role/verboseLabel">長野 成晃 [メンバー]</link:label>
    <link:label xml:lang="ja" xlink:type="resource" xlink:label="jpcrp030000-asr_E27294-000_NotesRegardingFinancialCovenantClausesTextBlock_label" xlink:role="http://www.xbrl.org/2003/role/label">財務制限条項に関する注記</link:label>
    <link:label xml:lang="ja" xlink:type="resource" xlink:label="jpcrp030000-asr_E27294-000_NotesRegardingFinancialCovenantClausesTextBlock_label_1" xlink:role="http://www.xbrl.org/2003/role/verboseLabel">財務制限条項に関する注記 [テキストブロック]</link:label>
    <link:label xml:lang="ja" xlink:type="resource" xlink:label="jpcrp030000-asr_E27294-000_NotesRegardingGainOnSalesOfInvestmentSecuritiesTextBlock_label" xlink:role="http://www.xbrl.org/2003/role/label">投資有価証券売却益に関する注記</link:label>
    <link:label xml:lang="ja" xlink:type="resource" xlink:label="jpcrp030000-asr_E27294-000_NotesRegardingGainOnSalesOfInvestmentSecuritiesTextBlock_label_1" xlink:role="http://www.xbrl.org/2003/role/verboseLabel">投資有価証券売却益に関する注記 [テキストブロック]</link:label>
    <link:label xml:lang="ja" xlink:type="resource" xlink:label="jpcrp030000-asr_E27294-000_NotesRegardingGainOnSalesOfSharesOfSubsidiariesTextBlock_label" xlink:role="http://www.xbrl.org/2003/role/label">子会社株式売却益に関する注記</link:label>
    <link:label xml:lang="ja" xlink:type="resource" xlink:label="jpcrp030000-asr_E27294-000_NotesRegardingGainOnSalesOfSharesOfSubsidiariesTextBlock_label_1" xlink:role="http://www.xbrl.org/2003/role/verboseLabel">子会社株式売却益に関する注記 [テキストブロック]</link:label>
    <link:label xml:lang="ja" xlink:type="resource" xlink:label="jpcrp030000-asr_E27294-000_NotesRegardingLossOnSaleOfSharesOfSubsidiarieTextBlock_label" xlink:role="http://www.xbrl.org/2003/role/label">子会社株式売却損に関する注記</link:label>
    <link:label xml:lang="ja" xlink:type="resource" xlink:label="jpcrp030000-asr_E27294-000_NotesRegardingLossOnSaleOfSharesOfSubsidiarieTextBlock_label_1" xlink:role="http://www.xbrl.org/2003/role/verboseLabel">子会社株式売却損に関する注記 [テキストブロック]</link:label>
    <link:label xml:lang="ja" xlink:type="resource" xlink:label="jpcrp030000-asr_E27294-000_NumberOfEmployeesIFRSSummaryOfBusinessResults_label" xlink:role="http://www.xbrl.org/2003/role/label">従業員数</link:label>
    <link:label xml:lang="ja" xlink:type="resource" xlink:label="jpcrp030000-asr_E27294-000_NumberOfEmployeesIFRSSummaryOfBusinessResults_label_1" xlink:role="http://www.xbrl.org/2003/role/verboseLabel">従業員数（IFRS）、経営指標等</link:label>
    <link:label xml:lang="ja" xlink:type="resource" xlink:label="jpcrp030000-asr_E27294-000_OutsideDirectorAuditAndSupervisoryCommitteeMemberMember_label" xlink:role="http://www.xbrl.org/2003/role/label">社外取締役（監査等委員）</link:label>
    <link:label xml:lang="ja" xlink:type="resource" xlink:label="jpcrp030000-asr_E27294-000_OutsideDirectorAuditAndSupervisoryCommitteeMemberMember_label_1" xlink:role="http://www.xbrl.org/2003/role/verboseLabel">社外取締役（監査等委員） [メンバー]</link:label>
    <link:label xml:lang="ja" xlink:type="resource" xlink:label="jpcrp030000-asr_E27294-000_OutsideDirectorExcludingAuditAndSupervisoryCommitteeMemberMember_label" xlink:role="http://www.xbrl.org/2003/role/label">社外取締役（監査等委員を除く）</link:label>
    <link:label xml:lang="ja" xlink:type="resource" xlink:label="jpcrp030000-asr_E27294-000_OutsideDirectorExcludingAuditAndSupervisoryCommitteeMemberMember_label_1" xlink:role="http://www.xbrl.org/2003/role/verboseLabel">社外取締役（監査等委員を除く） [メンバー]</link:label>
    <link:label xml:lang="ja" xlink:type="resource" xlink:label="jpcrp030000-asr_E27294-000_ProceedsFromLongTermInterestBearingDebtFinCFIFRS_label" xlink:role="http://www.xbrl.org/2003/role/label">長期有利子負債の収入</link:label>
    <link:label xml:lang="ja" xlink:type="resource" xlink:label="jpcrp030000-asr_E27294-000_ProceedsFromLongTermInterestBearingDebtFinCFIFRS_label_1" xlink:role="http://www.xbrl.org/2003/role/verboseLabel">長期有利子負債の収入、財務活動によるキャッシュ・フロー（IFRS）</link:label>
    <link:label xml:lang="ja" xlink:type="resource" xlink:label="jpcrp030000-asr_E27294-000_ProceedsFromLossOfControlOfSubsidiariesInvCFIFRS_label" xlink:role="http://www.xbrl.org/2003/role/label">子会社の支配喪失による収支（△は支出）</link:label>
    <link:label xml:lang="ja" xlink:type="resource" xlink:label="jpcrp030000-asr_E27294-000_ProceedsFromLossOfControlOfSubsidiariesInvCFIFRS_label_1" xlink:role="http://www.xbrl.org/2003/role/verboseLabel">子会社の支配喪失による収支（△は支出）、投資活動によるキャッシュ・フロー（IFRS）</link:label>
    <link:label xml:lang="ja" xlink:type="resource" xlink:label="jpcrp030000-asr_E27294-000_ProceedsFromRepaymentOfLeaseAndGuaranteeDepositsInvCFIFRS_label" xlink:role="http://www.xbrl.org/2003/role/label">敷金及び保証金の返還による収入</link:label>
    <link:label xml:lang="ja" xlink:type="resource" xlink:label="jpcrp030000-asr_E27294-000_ProceedsFromRepaymentOfLeaseAndGuaranteeDepositsInvCFIFRS_label_1" xlink:role="http://www.xbrl.org/2003/role/verboseLabel">敷金及び保証金の返還による収入、投資活動によるキャッシュ・フロー（IFRS）</link:label>
    <link:label xml:lang="ja" xlink:type="resource" xlink:label="jpcrp030000-asr_E27294-000_ProfitLossFromRemeasurementOfResidualInterestInASubsidiaryForWhichControlWasLostOtherExpensesIFRS_label" xlink:role="http://www.xbrl.org/2003/role/label">支配を喪失した子会社の残余持分の再測定による損益</link:label>
    <link:label xml:lang="ja" xlink:type="resource" xlink:label="jpcrp030000-asr_E27294-000_ProfitLossFromRemeasurementOfResidualInterestInASubsidiaryForWhichControlWasLostOtherExpensesIFRS_label_1" xlink:role="http://www.xbrl.org/2003/role/verboseLabel">支配を喪失した子会社の残余持分の再測定による損益、その他の費用（IFRS）</link:label>
    <link:label xml:lang="ja" xlink:type="resource" xlink:label="jpcrp030000-asr_E27294-000_ProvisionOfReservesIFRS_label" xlink:role="http://www.xbrl.org/2003/role/label">引当金繰入</link:label>
    <link:label xml:lang="ja" xlink:type="resource" xlink:label="jpcrp030000-asr_E27294-000_ProvisionOfReservesIFRS_label_1" xlink:role="http://www.xbrl.org/2003/role/verboseLabel">引当金繰入（IFRS）</link:label>
    <link:label xml:lang="ja" xlink:type="resource" xlink:label="jpcrp030000-asr_E27294-000_PurchaseOfSharesOfSubsidiariesAndAssociatesInvCFIFRS_label" xlink:role="http://www.xbrl.org/2003/role/label">関係会社株式の取得による支出</link:label>
    <link:label xml:lang="ja" xlink:type="resource" xlink:label="jpcrp030000-asr_E27294-000_PurchaseOfSharesOfSubsidiariesAndAssociatesInvCFIFRS_label_1" xlink:role="http://www.xbrl.org/2003/role/verboseLabel">関係会社株式の取得による支出、投資活動によるキャッシュ・フロー（IFRS）</link:label>
    <link:label xml:lang="ja" xlink:type="resource" xlink:label="jpcrp030000-asr_E27294-000_ReceiptIndemnityOtherIncomeIFRS_label" xlink:role="http://www.xbrl.org/2003/role/label">受取損害賠償金</link:label>
    <link:label xml:lang="ja" xlink:type="resource" xlink:label="jpcrp030000-asr_E27294-000_ReceiptIndemnityOtherIncomeIFRS_label_1" xlink:role="http://www.xbrl.org/2003/role/verboseLabel">受取損害賠償金、その他の収益（IFRS）</link:label>
    <link:label xml:lang="ja" xlink:type="resource" xlink:label="jpcrp030000-asr_E27294-000_RentalAssetsAccumulatedDepreciationAndImpairmentLossesIFRS_label" xlink:role="http://www.xbrl.org/2003/role/label">レンタル用資産</link:label>
    <link:label xml:lang="ja" xlink:type="resource" xlink:label="jpcrp030000-asr_E27294-000_RentalAssetsAccumulatedDepreciationAndImpairmentLossesIFRS_label_1" xlink:role="http://www.xbrl.org/2003/role/verboseLabel">レンタル用資産、減価償却累計額及び減損損失累計額（IFRS）</link:label>
    <link:label xml:lang="ja" xlink:type="resource" xlink:label="jpcrp030000-asr_E27294-000_RentalAssetsAcquisitionCostIFRS_label" xlink:role="http://www.xbrl.org/2003/role/label">レンタル用資産</link:label>
    <link:label xml:lang="ja" xlink:type="resource" xlink:label="jpcrp030000-asr_E27294-000_RentalAssetsAcquisitionCostIFRS_label_1" xlink:role="http://www.xbrl.org/2003/role/verboseLabel">レンタル用資産、取得原価（IFRS）</link:label>
    <link:label xml:lang="ja" xlink:type="resource" xlink:label="jpcrp030000-asr_E27294-000_RentalAssetsIFRS_label" xlink:role="http://www.xbrl.org/2003/role/label">レンタル用資産</link:label>
    <link:label xml:lang="ja" xlink:type="resource" xlink:label="jpcrp030000-asr_E27294-000_RentalAssetsIFRS_label_1" xlink:role="http://www.xbrl.org/2003/role/verboseLabel">レンタル用資産（IFRS）</link:label>
    <link:label xml:lang="ja" xlink:type="resource" xlink:label="jpcrp030000-asr_E27294-000_RepaymentOfLongTermInterestBearingDebtFinCFIFRS_label" xlink:role="http://www.xbrl.org/2003/role/label">長期有利子負債の支出</link:label>
    <link:label xml:lang="ja" xlink:type="resource" xlink:label="jpcrp030000-asr_E27294-000_RepaymentOfLongTermInterestBearingDebtFinCFIFRS_label_1" xlink:role="http://www.xbrl.org/2003/role/verboseLabel">長期有利子負債の支出、財務活動によるキャッシュ・フロー（IFRS）</link:label>
    <link:label xml:lang="ja" xlink:type="resource" xlink:label="jpcrp030000-asr_E27294-000_SubsidyOpeCFIFRS_label" xlink:role="http://www.xbrl.org/2003/role/label">助成金</link:label>
    <link:label xml:lang="ja" xlink:type="resource" xlink:label="jpcrp030000-asr_E27294-000_SubsidyOpeCFIFRS_label_1" xlink:role="http://www.xbrl.org/2003/role/verboseLabel">助成金（IFRS）</link:label>
    <link:label xml:lang="ja" xlink:type="resource" xlink:label="jpcrp030000-asr_E27294-000_SugitaMasaoMember_label" xlink:role="http://www.xbrl.org/2003/role/label">杉田 将夫</link:label>
    <link:label xml:lang="ja" xlink:type="resource" xlink:label="jpcrp030000-asr_E27294-000_SugitaMasaoMember_label_1" xlink:role="http://www.xbrl.org/2003/role/verboseLabel">杉田 将夫 [メンバー]</link:label>
    <link:label xml:lang="ja" xlink:type="resource" xlink:label="jpcrp030000-asr_E27294-000_TakahashiKuniyoshiMember_label" xlink:role="http://www.xbrl.org/2003/role/label">髙橋 邦美</link:label>
    <link:label xml:lang="ja" xlink:type="resource" xlink:label="jpcrp030000-asr_E27294-000_TakahashiKuniyoshiMember_label_1" xlink:role="http://www.xbrl.org/2003/role/verboseLabel">髙橋 邦美 [メンバー]</link:label>
    <link:label xml:lang="ja" xlink:type="resource" xlink:label="jpcrp030000-asr_E27294-000_TakeiMichioMember_label" xlink:role="http://www.xbrl.org/2003/role/label">武井 道雄</link:label>
    <link:label xml:lang="ja" xlink:type="resource" xlink:label="jpcrp030000-asr_E27294-000_TakeiMichioMember_label_1" xlink:role="http://www.xbrl.org/2003/role/verboseLabel">武井 道雄 [メンバー]</link:label>
    <link:label xml:lang="ja" xlink:type="resource" xlink:label="jpcrp030000-asr_E27294-000_UchidaMasayukiMember_label" xlink:role="http://www.xbrl.org/2003/role/label">内田 正之</link:label>
    <link:label xml:lang="ja" xlink:type="resource" xlink:label="jpcrp030000-asr_E27294-000_UchidaMasayukiMember_label_1" xlink:role="http://www.xbrl.org/2003/role/verboseLabel">内田 正之 [メンバー]</link:label>
    <link:label xml:lang="ja" xlink:type="resource" xlink:label="jpcrp030000-asr_E27294-000_WadaHideakiMember_label" xlink:role="http://www.xbrl.org/2003/role/label">和田 英明</link:label>
    <link:label xml:lang="ja" xlink:type="resource" xlink:label="jpcrp030000-asr_E27294-000_WadaHideakiMember_label_1" xlink:role="http://www.xbrl.org/2003/role/verboseLabel">和田 英明 [メンバー]</link:label>
    <link:label xml:lang="ja" xlink:type="resource" xlink:label="jpigp_cor_BasicEarningsLossPerShareIFRS_label" xlink:role="http://disclosure.edinet-fsa.go.jp/jpcrp/alt/role/label">基本的１株当たり当期利益（△は損失）</link:label>
    <link:label xml:lang="ja" xlink:type="resource" xlink:label="jpigp_cor_CashAndCashEquivalentsIFRS_label" xlink:role="http://disclosure.edinet-fsa.go.jp/jpcrp/alt/role/periodEndLabel">現金及び現金同等物の当期末残高</link:label>
    <link:label xml:lang="ja" xlink:type="resource" xlink:label="jpigp_cor_ComprehensiveIncomeIFRS_label" xlink:role="http://disclosure.edinet-fsa.go.jp/jpcrp/alt/role/totalLabel">当期包括利益合計</link:label>
    <link:label xml:lang="ja" xlink:type="resource" xlink:label="jpigp_cor_DecreaseIncreaseInInventoriesOpeCFIFRS_label" xlink:role="http://disclosure.edinet-fsa.go.jp/jpcrp/alt/role/label">棚卸資産の増減（△は増加）</link:label>
    <link:label xml:lang="ja" xlink:type="resource" xlink:label="jpigp_cor_DecreaseIncreaseInTradeAndOtherReceivablesOpeCFIFRS_label" xlink:role="http://disclosure.edinet-fsa.go.jp/jpcrp/alt/role/label">営業債権及びその他の債権の増減（△は増加）</link:label>
    <link:label xml:lang="ja" xlink:type="resource" xlink:label="jpigp_cor_DilutedEarningsLossPerShareIFRS_label" xlink:role="http://disclosure.edinet-fsa.go.jp/jpcrp/alt/role/label">希薄化後１株当たり当期利益（△は損失）</link:label>
    <link:label xml:lang="ja" xlink:type="resource" xlink:label="jpigp_cor_EarningsLossPerShareIFRSAbstract_label" xlink:role="http://disclosure.edinet-fsa.go.jp/jpcrp/alt/role/label">１株当たり当期利益（△は損失）</link:label>
    <link:label xml:lang="ja" xlink:type="resource" xlink:label="jpigp_cor_ExerciseOfShareAcquisitionRightsSSIFRS_label" xlink:role="http://disclosure.edinet-fsa.go.jp/jpcrp/alt/role/label">新株の発行（新株予約権の行使）</link:label>
    <link:label xml:lang="ja" xlink:type="resource" xlink:label="jpigp_cor_IncomeTaxesRefundPaidOpeCFIFRS_label" xlink:role="http://disclosure.edinet-fsa.go.jp/jpcrp/alt/role/label">法人所得税の支払額又は還付額</link:label>
    <link:label xml:lang="ja" xlink:type="resource" xlink:label="jpigp_cor_IncreaseDecreaseInTradeAndOtherPayablesOpeCFIFRS_label" xlink:role="http://disclosure.edinet-fsa.go.jp/jpcrp/alt/role/label">営業債務及びその他の債務の増減（△は減少）</link:label>
    <link:label xml:lang="ja" xlink:type="resource" xlink:label="jpigp_cor_ProceedsFromExerciseOfShareAcquisitionRightsFinCFIFRS_label" xlink:role="http://disclosure.edinet-fsa.go.jp/jpcrp/alt/role/label">新株予約権の行使による株式の発行による収入</link:label>
    <link:label xml:lang="ja" xlink:type="resource" xlink:label="jpigp_cor_ProfitLossAttributableToIFRSAbstract_label" xlink:role="http://disclosure.edinet-fsa.go.jp/jpcrp/alt/role/label">当期利益（△は損失）の帰属</link:label>
    <link:label xml:lang="ja" xlink:type="resource" xlink:label="jpigp_cor_ProfitLossIFRS_label" xlink:role="http://disclosure.edinet-fsa.go.jp/jpcrp/alt/role/label">当期利益（△は損失）</link:label>
    <link:label xml:lang="ja" xlink:type="resource" xlink:label="jpigp_cor_ProfitLossIFRS_label_1" xlink:role="http://disclosure.edinet-fsa.go.jp/jpcrp/alt2/role/label">当期利益又は当期損失（△）</link:label>
    <link:label xml:lang="ja" xlink:type="resource" xlink:label="jpigp_cor_ShareOfProfitLossOfInvestmentsAccountedForUsingEquityMethodIFRS_label" xlink:role="http://disclosure.edinet-fsa.go.jp/jpcrp/alt/role/label">持分法による投資損益</link:label>
    <link:label xml:lang="ja" xlink:type="resource" xlink:label="jpigp_cor_TotalTransactionsWithOwnersIFRS_label" xlink:role="http://disclosure.edinet-fsa.go.jp/jpcrp/alt/role/label">所有者との取引額等合計</link:label>
    <link:label xml:lang="ja" xlink:type="resource" xlink:label="jpigp_cor_TransactionsWithOwnersIFRSAbstract_label" xlink:role="http://disclosure.edinet-fsa.go.jp/jpcrp/alt/role/label">所有者との取引額等</link:label>
    <link:loc xlink:type="locator" xlink:href="http://disclosure.edinet-fsa.go.jp/taxonomy/jpigp/2023-12-01/jpigp_cor_2023-12-01.xsd#jpigp_cor_BasicEarningsLossPerShareIFRS" xlink:label="jpigp_cor_BasicEarningsLossPerShareIFRS" />
    <link:loc xlink:type="locator" xlink:href="http://disclosure.edinet-fsa.go.jp/taxonomy/jpigp/2023-12-01/jpigp_cor_2023-12-01.xsd#jpigp_cor_CashAndCashEquivalentsIFRS" xlink:label="jpigp_cor_CashAndCashEquivalentsIFRS" />
    <link:loc xlink:type="locator" xlink:href="http://disclosure.edinet-fsa.go.jp/taxonomy/jpigp/2023-12-01/jpigp_cor_2023-12-01.xsd#jpigp_cor_ComprehensiveIncomeIFRS" xlink:label="jpigp_cor_ComprehensiveIncomeIFRS" />
    <link:loc xlink:type="locator" xlink:href="http://disclosure.edinet-fsa.go.jp/taxonomy/jpigp/2023-12-01/jpigp_cor_2023-12-01.xsd#jpigp_cor_DecreaseIncreaseInInventoriesOpeCFIFRS" xlink:label="jpigp_cor_DecreaseIncreaseInInventoriesOpeCFIFRS" />
    <link:loc xlink:type="locator" xlink:href="http://disclosure.edinet-fsa.go.jp/taxonomy/jpigp/2023-12-01/jpigp_cor_2023-12-01.xsd#jpigp_cor_DecreaseIncreaseInTradeAndOtherReceivablesOpeCFIFRS" xlink:label="jpigp_cor_DecreaseIncreaseInTradeAndOtherReceivablesOpeCFIFRS" />
    <link:loc xlink:type="locator" xlink:href="http://disclosure.edinet-fsa.go.jp/taxonomy/jpigp/2023-12-01/jpigp_cor_2023-12-01.xsd#jpigp_cor_DilutedEarningsLossPerShareIFRS" xlink:label="jpigp_cor_DilutedEarningsLossPerShareIFRS" />
    <link:loc xlink:type="locator" xlink:href="http://disclosure.edinet-fsa.go.jp/taxonomy/jpigp/2023-12-01/jpigp_cor_2023-12-01.xsd#jpigp_cor_EarningsLossPerShareIFRSAbstract" xlink:label="jpigp_cor_EarningsLossPerShareIFRSAbstract" />
    <link:loc xlink:type="locator" xlink:href="http://disclosure.edinet-fsa.go.jp/taxonomy/jpigp/2023-12-01/jpigp_cor_2023-12-01.xsd#jpigp_cor_ExerciseOfShareAcquisitionRightsSSIFRS" xlink:label="jpigp_cor_ExerciseOfShareAcquisitionRightsSSIFRS" />
    <link:loc xlink:type="locator" xlink:href="http://disclosure.edinet-fsa.go.jp/taxonomy/jpigp/2023-12-01/jpigp_cor_2023-12-01.xsd#jpigp_cor_IncomeTaxesRefundPaidOpeCFIFRS" xlink:label="jpigp_cor_IncomeTaxesRefundPaidOpeCFIFRS" />
    <link:loc xlink:type="locator" xlink:href="http://disclosure.edinet-fsa.go.jp/taxonomy/jpigp/2023-12-01/jpigp_cor_2023-12-01.xsd#jpigp_cor_IncreaseDecreaseInTradeAndOtherPayablesOpeCFIFRS" xlink:label="jpigp_cor_IncreaseDecreaseInTradeAndOtherPayablesOpeCFIFRS" />
    <link:loc xlink:type="locator" xlink:href="http://disclosure.edinet-fsa.go.jp/taxonomy/jpigp/2023-12-01/jpigp_cor_2023-12-01.xsd#jpigp_cor_ProceedsFromExerciseOfShareAcquisitionRightsFinCFIFRS" xlink:label="jpigp_cor_ProceedsFromExerciseOfShareAcquisitionRightsFinCFIFRS" />
    <link:loc xlink:type="locator" xlink:href="http://disclosure.edinet-fsa.go.jp/taxonomy/jpigp/2023-12-01/jpigp_cor_2023-12-01.xsd#jpigp_cor_ProfitLossAttributableToIFRSAbstract" xlink:label="jpigp_cor_ProfitLossAttributableToIFRSAbstract" />
    <link:loc xlink:type="locator" xlink:href="http://disclosure.edinet-fsa.go.jp/taxonomy/jpigp/2023-12-01/jpigp_cor_2023-12-01.xsd#jpigp_cor_ProfitLossIFRS" xlink:label="jpigp_cor_ProfitLossIFRS" />
    <link:loc xlink:type="locator" xlink:href="http://disclosure.edinet-fsa.go.jp/taxonomy/jpigp/2023-12-01/jpigp_cor_2023-12-01.xsd#jpigp_cor_ShareOfProfitLossOfInvestmentsAccountedForUsingEquityMethodIFRS" xlink:label="jpigp_cor_ShareOfProfitLossOfInvestmentsAccountedForUsingEquityMethodIFRS" />
    <link:loc xlink:type="locator" xlink:href="http://disclosure.edinet-fsa.go.jp/taxonomy/jpigp/2023-12-01/jpigp_cor_2023-12-01.xsd#jpigp_cor_TotalTransactionsWithOwnersIFRS" xlink:label="jpigp_cor_TotalTransactionsWithOwnersIFRS" />
    <link:loc xlink:type="locator" xlink:href="http://disclosure.edinet-fsa.go.jp/taxonomy/jpigp/2023-12-01/jpigp_cor_2023-12-01.xsd#jpigp_cor_TransactionsWithOwnersIFRSAbstract" xlink:label="jpigp_cor_TransactionsWithOwnersIFRSAbstract" />
    <link:loc xlink:type="locator" xlink:href="jpcrp030000-asr-001_E27294-000_2024-03-31_01_2024-06-20.xsd#jpcrp030000-asr_E27294-000_AritaMichioMember" xlink:label="jpcrp030000-asr_E27294-000_AritaMichioMember" />
    <link:loc xlink:type="locator" xlink:href="jpcrp030000-asr-001_E27294-000_2024-03-31_01_2024-06-20.xsd#jpcrp030000-asr_E27294-000_ASharesKeyFinancialData" xlink:label="jpcrp030000-asr_E27294-000_ASharesKeyFinancialData" />
    <link:loc xlink:type="locator" xlink:href="jpcrp030000-asr-001_E27294-000_2024-03-31_01_2024-06-20.xsd#jpcrp030000-asr_E27294-000_AverageNumberOfTemporaryWorkersIFRSSummaryOfBusinessResults" xlink:label="jpcrp030000-asr_E27294-000_AverageNumberOfTemporaryWorkersIFRSSummaryOfBusinessResults" />
    <link:loc xlink:type="locator" xlink:href="jpcrp030000-asr-001_E27294-000_2024-03-31_01_2024-06-20.xsd#jpcrp030000-asr_E27294-000_ChangesInContractCostsOpeCFIFRS" xlink:label="jpcrp030000-asr_E27294-000_ChangesInContractCostsOpeCFIFRS" />
    <link:loc xlink:type="locator" xlink:href="jpcrp030000-asr-001_E27294-000_2024-03-31_01_2024-06-20.xsd#jpcrp030000-asr_E27294-000_ClassAPreferredSharesSharesWithNoVotingRightsMember" xlink:label="jpcrp030000-asr_E27294-000_ClassAPreferredSharesSharesWithNoVotingRightsMember" />
    <link:loc xlink:type="locator" xlink:href="jpcrp030000-asr-001_E27294-000_2024-03-31_01_2024-06-20.xsd#jpcrp030000-asr_E27294-000_ContractCostAmortizationExpenseIFRS" xlink:label="jpcrp030000-asr_E27294-000_ContractCostAmortizationExpenseIFRS" />
    <link:loc xlink:type="locator" xlink:href="jpcrp030000-asr-001_E27294-000_2024-03-31_01_2024-06-20.xsd#jpcrp030000-asr_E27294-000_ContractCostsNCAIFRS" xlink:label="jpcrp030000-asr_E27294-000_ContractCostsNCAIFRS" />
    <link:loc xlink:type="locator" xlink:href="jpcrp030000-asr-001_E27294-000_2024-03-31_01_2024-06-20.xsd#jpcrp030000-asr_E27294-000_EmployeeAndDirectorBenefitsExpenseOperatingExpensesIFRS" xlink:label="jpcrp030000-asr_E27294-000_EmployeeAndDirectorBenefitsExpenseOperatingExpensesIFRS" />
    <link:loc xlink:type="locator" xlink:href="jpcrp030000-asr-001_E27294-000_2024-03-31_01_2024-06-20.xsd#jpcrp030000-asr_E27294-000_FuruyaKeigoMember" xlink:label="jpcrp030000-asr_E27294-000_FuruyaKeigoMember" />
    <link:loc xlink:type="locator" xlink:href="jpcrp030000-asr-001_E27294-000_2024-03-31_01_2024-06-20.xsd#jpcrp030000-asr_E27294-000_GainOnBadDebtsRecoveredOpeCFIFRS" xlink:label="jpcrp030000-asr_E27294-000_GainOnBadDebtsRecoveredOpeCFIFRS" />
    <link:loc xlink:type="locator" xlink:href="jpcrp030000-asr-001_E27294-000_2024-03-31_01_2024-06-20.xsd#jpcrp030000-asr_E27294-000_GainRelatingToLossOfControlOverSubsidiariesOpeCFIFRS" xlink:label="jpcrp030000-asr_E27294-000_GainRelatingToLossOfControlOverSubsidiariesOpeCFIFRS" />
    <link:loc xlink:type="locator" xlink:href="jpcrp030000-asr-001_E27294-000_2024-03-31_01_2024-06-20.xsd#jpcrp030000-asr_E27294-000_GoodsAndProductsFreightageIFRS" xlink:label="jpcrp030000-asr_E27294-000_GoodsAndProductsFreightageIFRS" />
    <link:loc xlink:type="locator" xlink:href="jpcrp030000-asr-001_E27294-000_2024-03-31_01_2024-06-20.xsd#jpcrp030000-asr_E27294-000_HagioYoheiMember" xlink:label="jpcrp030000-asr_E27294-000_HagioYoheiMember" />
    <link:loc xlink:type="locator" xlink:href="jpcrp030000-asr-001_E27294-000_2024-03-31_01_2024-06-20.xsd#jpcrp030000-asr_E27294-000_ImaizumiTakahiroMember" xlink:label="jpcrp030000-asr_E27294-000_ImaizumiTakahiroMember" />
    <link:loc xlink:type="locator" xlink:href="jpcrp030000-asr-001_E27294-000_2024-03-31_01_2024-06-20.xsd#jpcrp030000-asr_E27294-000_InterimDividendPaidPerShareClassAPreferredStockSummaryOfBusinessResults" xlink:label="jpcrp030000-asr_E27294-000_InterimDividendPaidPerShareClassAPreferredStockSummaryOfBusinessResults" />
    <link:loc xlink:type="locator" xlink:href="jpcrp030000-asr-001_E27294-000_2024-03-31_01_2024-06-20.xsd#jpcrp030000-asr_E27294-000_KanemotoAkihikoMember" xlink:label="jpcrp030000-asr_E27294-000_KanemotoAkihikoMember" />
    <link:loc xlink:type="locator" xlink:href="jpcrp030000-asr-001_E27294-000_2024-03-31_01_2024-06-20.xsd#jpcrp030000-asr_E27294-000_KatoTsugioMember" xlink:label="jpcrp030000-asr_E27294-000_KatoTsugioMember" />
    <link:loc xlink:type="locator" xlink:href="jpcrp030000-asr-001_E27294-000_2024-03-31_01_2024-06-20.xsd#jpcrp030000-asr_E27294-000_KawaharaNatsukoMember" xlink:label="jpcrp030000-asr_E27294-000_KawaharaNatsukoMember" />
    <link:loc xlink:type="locator" xlink:href="jpcrp030000-asr-001_E27294-000_2024-03-31_01_2024-06-20.xsd#jpcrp030000-asr_E27294-000_KoizumiMariMember" xlink:label="jpcrp030000-asr_E27294-000_KoizumiMariMember" />
    <link:loc xlink:type="locator" xlink:href="jpcrp030000-asr-001_E27294-000_2024-03-31_01_2024-06-20.xsd#jpcrp030000-asr_E27294-000_MatsunagaKoichiMember" xlink:label="jpcrp030000-asr_E27294-000_MatsunagaKoichiMember" />
    <link:loc xlink:type="locator" xlink:href="jpcrp030000-asr-001_E27294-000_2024-03-31_01_2024-06-20.xsd#jpcrp030000-asr_E27294-000_MuraguchiKazutakaMember" xlink:label="jpcrp030000-asr_E27294-000_MuraguchiKazutakaMember" />
    <link:loc xlink:type="locator" xlink:href="jpcrp030000-asr-001_E27294-000_2024-03-31_01_2024-06-20.xsd#jpcrp030000-asr_E27294-000_NaganoHideakiMember" xlink:label="jpcrp030000-asr_E27294-000_NaganoHideakiMember" />
    <link:loc xlink:type="locator" xlink:href="jpcrp030000-asr-001_E27294-000_2024-03-31_01_2024-06-20.xsd#jpcrp030000-asr_E27294-000_NotesRegardingFinancialCovenantClausesTextBlock" xlink:label="jpcrp030000-asr_E27294-000_NotesRegardingFinancialCovenantClausesTextBlock" />
    <link:loc xlink:type="locator" xlink:href="jpcrp030000-asr-001_E27294-000_2024-03-31_01_2024-06-20.xsd#jpcrp030000-asr_E27294-000_NotesRegardingGainOnSalesOfInvestmentSecuritiesTextBlock" xlink:label="jpcrp030000-asr_E27294-000_NotesRegardingGainOnSalesOfInvestmentSecuritiesTextBlock" />
    <link:loc xlink:type="locator" xlink:href="jpcrp030000-asr-001_E27294-000_2024-03-31_01_2024-06-20.xsd#jpcrp030000-asr_E27294-000_NotesRegardingGainOnSalesOfSharesOfSubsidiariesTextBlock" xlink:label="jpcrp030000-asr_E27294-000_NotesRegardingGainOnSalesOfSharesOfSubsidiariesTextBlock" />
    <link:loc xlink:type="locator" xlink:href="jpcrp030000-asr-001_E27294-000_2024-03-31_01_2024-06-20.xsd#jpcrp030000-asr_E27294-000_NotesRegardingLossOnSaleOfSharesOfSubsidiarieTextBlock" xlink:label="jpcrp030000-asr_E27294-000_NotesRegardingLossOnSaleOfSharesOfSubsidiarieTextBlock" />
    <link:loc xlink:type="locator" xlink:href="jpcrp030000-asr-001_E27294-000_2024-03-31_01_2024-06-20.xsd#jpcrp030000-asr_E27294-000_NumberOfEmployeesIFRSSummaryOfBusinessResults" xlink:label="jpcrp030000-asr_E27294-000_NumberOfEmployeesIFRSSummaryOfBusinessResults" />
    <link:loc xlink:type="locator" xlink:href="jpcrp030000-asr-001_E27294-000_2024-03-31_01_2024-06-20.xsd#jpcrp030000-asr_E27294-000_OutsideDirectorAuditAndSupervisoryCommitteeMemberMember" xlink:label="jpcrp030000-asr_E27294-000_OutsideDirectorAuditAndSupervisoryCommitteeMemberMember" />
    <link:loc xlink:type="locator" xlink:href="jpcrp030000-asr-001_E27294-000_2024-03-31_01_2024-06-20.xsd#jpcrp030000-asr_E27294-000_OutsideDirectorExcludingAuditAndSupervisoryCommitteeMemberMember" xlink:label="jpcrp030000-asr_E27294-000_OutsideDirectorExcludingAuditAndSupervisoryCommitteeMemberMember" />
    <link:loc xlink:type="locator" xlink:href="jpcrp030000-asr-001_E27294-000_2024-03-31_01_2024-06-20.xsd#jpcrp030000-asr_E27294-000_ProceedsFromLongTermInterestBearingDebtFinCFIFRS" xlink:label="jpcrp030000-asr_E27294-000_ProceedsFromLongTermInterestBearingDebtFinCFIFRS" />
    <link:loc xlink:type="locator" xlink:href="jpcrp030000-asr-001_E27294-000_2024-03-31_01_2024-06-20.xsd#jpcrp030000-asr_E27294-000_ProceedsFromLossOfControlOfSubsidiariesInvCFIFRS" xlink:label="jpcrp030000-asr_E27294-000_ProceedsFromLossOfControlOfSubsidiariesInvCFIFRS" />
    <link:loc xlink:type="locator" xlink:href="jpcrp030000-asr-001_E27294-000_2024-03-31_01_2024-06-20.xsd#jpcrp030000-asr_E27294-000_ProceedsFromRepaymentOfLeaseAndGuaranteeDepositsInvCFIFRS" xlink:label="jpcrp030000-asr_E27294-000_ProceedsFromRepaymentOfLeaseAndGuaranteeDepositsInvCFIFRS" />
    <link:loc xlink:type="locator" xlink:href="jpcrp030000-asr-001_E27294-000_2024-03-31_01_2024-06-20.xsd#jpcrp030000-asr_E27294-000_ProfitLossFromRemeasurementOfResidualInterestInASubsidiaryForWhichControlWasLostOtherExpensesIFRS" xlink:label="jpcrp030000-asr_E27294-000_ProfitLossFromRemeasurementOfResidualInterestInASubsidiaryForWhichControlWasLostOtherExpensesIFRS" />
    <link:loc xlink:type="locator" xlink:href="jpcrp030000-asr-001_E27294-000_2024-03-31_01_2024-06-20.xsd#jpcrp030000-asr_E27294-000_ProvisionOfReservesIFRS" xlink:label="jpcrp030000-asr_E27294-000_ProvisionOfReservesIFRS" />
    <link:loc xlink:type="locator" xlink:href="jpcrp030000-asr-001_E27294-000_2024-03-31_01_2024-06-20.xsd#jpcrp030000-asr_E27294-000_PurchaseOfSharesOfSubsidiariesAndAssociatesInvCFIFRS" xlink:label="jpcrp030000-asr_E27294-000_PurchaseOfSharesOfSubsidiariesAndAssociatesInvCFIFRS" />
    <link:loc xlink:type="locator" xlink:href="jpcrp030000-asr-001_E27294-000_2024-03-31_01_2024-06-20.xsd#jpcrp030000-asr_E27294-000_ReceiptIndemnityOtherIncomeIFRS" xlink:label="jpcrp030000-asr_E27294-000_ReceiptIndemnityOtherIncomeIFRS" />
    <link:loc xlink:type="locator" xlink:href="jpcrp030000-asr-001_E27294-000_2024-03-31_01_2024-06-20.xsd#jpcrp030000-asr_E27294-000_RentalAssetsAccumulatedDepreciationAndImpairmentLossesIFRS" xlink:label="jpcrp030000-asr_E27294-000_RentalAssetsAccumulatedDepreciationAndImpairmentLossesIFRS" />
    <link:loc xlink:type="locator" xlink:href="jpcrp030000-asr-001_E27294-000_2024-03-31_01_2024-06-20.xsd#jpcrp030000-asr_E27294-000_RentalAssetsAcquisitionCostIFRS" xlink:label="jpcrp030000-asr_E27294-000_RentalAssetsAcquisitionCostIFRS" />
    <link:loc xlink:type="locator" xlink:href="jpcrp030000-asr-001_E27294-000_2024-03-31_01_2024-06-20.xsd#jpcrp030000-asr_E27294-000_RentalAssetsIFRS" xlink:label="jpcrp030000-asr_E27294-000_RentalAssetsIFRS" />
    <link:loc xlink:type="locator" xlink:href="jpcrp030000-asr-001_E27294-000_2024-03-31_01_2024-06-20.xsd#jpcrp030000-asr_E27294-000_RepaymentOfLongTermInterestBearingDebtFinCFIFRS" xlink:label="jpcrp030000-asr_E27294-000_RepaymentOfLongTermInterestBearingDebtFinCFIFRS" />
    <link:loc xlink:type="locator" xlink:href="jpcrp030000-asr-001_E27294-000_2024-03-31_01_2024-06-20.xsd#jpcrp030000-asr_E27294-000_SubsidyOpeCFIFRS" xlink:label="jpcrp030000-asr_E27294-000_SubsidyOpeCFIFRS" />
    <link:loc xlink:type="locator" xlink:href="jpcrp030000-asr-001_E27294-000_2024-03-31_01_2024-06-20.xsd#jpcrp030000-asr_E27294-000_SugitaMasaoMember" xlink:label="jpcrp030000-asr_E27294-000_SugitaMasaoMember" />
    <link:loc xlink:type="locator" xlink:href="jpcrp030000-asr-001_E27294-000_2024-03-31_01_2024-06-20.xsd#jpcrp030000-asr_E27294-000_TakahashiKuniyoshiMember" xlink:label="jpcrp030000-asr_E27294-000_TakahashiKuniyoshiMember" />
    <link:loc xlink:type="locator" xlink:href="jpcrp030000-asr-001_E27294-000_2024-03-31_01_2024-06-20.xsd#jpcrp030000-asr_E27294-000_TakeiMichioMember" xlink:label="jpcrp030000-asr_E27294-000_TakeiMichioMember" />
    <link:loc xlink:type="locator" xlink:href="jpcrp030000-asr-001_E27294-000_2024-03-31_01_2024-06-20.xsd#jpcrp030000-asr_E27294-000_UchidaMasayukiMember" xlink:label="jpcrp030000-asr_E27294-000_UchidaMasayukiMember" />
    <link:loc xlink:type="locator" xlink:href="jpcrp030000-asr-001_E27294-000_2024-03-31_01_2024-06-20.xsd#jpcrp030000-asr_E27294-000_WadaHideakiMember" xlink:label="jpcrp030000-asr_E27294-000_WadaHideakiMember" />
    <link:labelArc xlink:type="arc" xlink:from="jpcrp030000-asr_E27294-000_AritaMichioMember" xlink:to="jpcrp030000-asr_E27294-000_AritaMichioMember_label" xlink:arcrole="http://www.xbrl.org/2003/arcrole/concept-label" order="1" />
    <link:labelArc xlink:type="arc" xlink:from="jpcrp030000-asr_E27294-000_AritaMichioMember" xlink:to="jpcrp030000-asr_E27294-000_AritaMichioMember_label_1" xlink:arcrole="http://www.xbrl.org/2003/arcrole/concept-label" order="1" />
    <link:labelArc xlink:type="arc" xlink:from="jpcrp030000-asr_E27294-000_ASharesKeyFinancialData" xlink:to="jpcrp030000-asr_E27294-000_ASharesKeyFinancialData_label" xlink:arcrole="http://www.xbrl.org/2003/arcrole/concept-label" order="1" />
    <link:labelArc xlink:type="arc" xlink:from="jpcrp030000-asr_E27294-000_ASharesKeyFinancialData" xlink:to="jpcrp030000-asr_E27294-000_ASharesKeyFinancialData_label_1" xlink:arcrole="http://www.xbrl.org/2003/arcrole/concept-label" order="1" />
    <link:labelArc xlink:type="arc" xlink:from="jpcrp030000-asr_E27294-000_AverageNumberOfTemporaryWorkersIFRSSummaryOfBusinessResults" xlink:to="jpcrp030000-asr_E27294-000_AverageNumberOfTemporaryWorkersIFRSSummaryOfBusinessResults_label" xlink:arcrole="http://www.xbrl.org/2003/arcrole/concept-label" order="1" />
    <link:labelArc xlink:type="arc" xlink:from="jpcrp030000-asr_E27294-000_AverageNumberOfTemporaryWorkersIFRSSummaryOfBusinessResults" xlink:to="jpcrp030000-asr_E27294-000_AverageNumberOfTemporaryWorkersIFRSSummaryOfBusinessResults_label_1" xlink:arcrole="http://www.xbrl.org/2003/arcrole/concept-label" order="1" />
    <link:labelArc xlink:type="arc" xlink:from="jpcrp030000-asr_E27294-000_ChangesInContractCostsOpeCFIFRS" xlink:to="jpcrp030000-asr_E27294-000_ChangesInContractCostsOpeCFIFRS_label" xlink:arcrole="http://www.xbrl.org/2003/arcrole/concept-label" order="1" />
    <link:labelArc xlink:type="arc" xlink:from="jpcrp030000-asr_E27294-000_ChangesInContractCostsOpeCFIFRS" xlink:to="jpcrp030000-asr_E27294-000_ChangesInContractCostsOpeCFIFRS_label_1" xlink:arcrole="http://www.xbrl.org/2003/arcrole/concept-label" order="1" />
    <link:labelArc xlink:type="arc" xlink:from="jpcrp030000-asr_E27294-000_ChangesInContractCostsOpeCFIFRS" xlink:to="jpcrp030000-asr_E27294-000_ChangesInContractCostsOpeCFIFRS_label_2" xlink:arcrole="http://www.xbrl.org/2003/arcrole/concept-label" order="1" />
    <link:labelArc xlink:type="arc" xlink:from="jpcrp030000-asr_E27294-000_ClassAPreferredSharesSharesWithNoVotingRightsMember" xlink:to="jpcrp030000-asr_E27294-000_ClassAPreferredSharesSharesWithNoVotingRightsMember_label" xlink:arcrole="http://www.xbrl.org/2003/arcrole/concept-label" order="1" />
    <link:labelArc xlink:type="arc" xlink:from="jpcrp030000-asr_E27294-000_ClassAPreferredSharesSharesWithNoVotingRightsMember" xlink:to="jpcrp030000-asr_E27294-000_ClassAPreferredSharesSharesWithNoVotingRightsMember_label_1" xlink:arcrole="http://www.xbrl.org/2003/arcrole/concept-label" order="1" />
    <link:labelArc xlink:type="arc" xlink:from="jpcrp030000-asr_E27294-000_ContractCostAmortizationExpenseIFRS" xlink:to="jpcrp030000-asr_E27294-000_ContractCostAmortizationExpenseIFRS_label_1" xlink:arcrole="http://www.xbrl.org/2003/arcrole/concept-label" order="1" />
    <link:labelArc xlink:type="arc" xlink:from="jpcrp030000-asr_E27294-000_ContractCostAmortizationExpenseIFRS" xlink:to="jpcrp030000-asr_E27294-000_ContractCostAmortizationExpenseIFRS_label" xlink:arcrole="http://www.xbrl.org/2003/arcrole/concept-label" order="1" />
    <link:labelArc xlink:type="arc" xlink:from="jpcrp030000-asr_E27294-000_ContractCostsNCAIFRS" xlink:to="jpcrp030000-asr_E27294-000_ContractCostsNCAIFRS_label" xlink:arcrole="http://www.xbrl.org/2003/arcrole/concept-label" order="1" />
    <link:labelArc xlink:type="arc" xlink:from="jpcrp030000-asr_E27294-000_ContractCostsNCAIFRS" xlink:to="jpcrp030000-asr_E27294-000_ContractCostsNCAIFRS_label_1" xlink:arcrole="http://www.xbrl.org/2003/arcrole/concept-label" order="1" />
    <link:labelArc xlink:type="arc" xlink:from="jpcrp030000-asr_E27294-000_EmployeeAndDirectorBenefitsExpenseOperatingExpensesIFRS" xlink:to="jpcrp030000-asr_E27294-000_EmployeeAndDirectorBenefitsExpenseOperatingExpensesIFRS_label" xlink:arcrole="http://www.xbrl.org/2003/arcrole/concept-label" order="1" />
    <link:labelArc xlink:type="arc" xlink:from="jpcrp030000-asr_E27294-000_EmployeeAndDirectorBenefitsExpenseOperatingExpensesIFRS" xlink:to="jpcrp030000-asr_E27294-000_EmployeeAndDirectorBenefitsExpenseOperatingExpensesIFRS_label_1" xlink:arcrole="http://www.xbrl.org/2003/arcrole/concept-label" order="1" />
    <link:labelArc xlink:type="arc" xlink:from="jpcrp030000-asr_E27294-000_FuruyaKeigoMember" xlink:to="jpcrp030000-asr_E27294-000_FuruyaKeigoMember_label" xlink:arcrole="http://www.xbrl.org/2003/arcrole/concept-label" order="1" />
    <link:labelArc xlink:type="arc" xlink:from="jpcrp030000-asr_E27294-000_FuruyaKeigoMember" xlink:to="jpcrp030000-asr_E27294-000_FuruyaKeigoMember_label_1" xlink:arcrole="http://www.xbrl.org/2003/arcrole/concept-label" order="1" />
    <link:labelArc xlink:type="arc" xlink:from="jpcrp030000-asr_E27294-000_GainOnBadDebtsRecoveredOpeCFIFRS" xlink:to="jpcrp030000-asr_E27294-000_GainOnBadDebtsRecoveredOpeCFIFRS_label" xlink:arcrole="http://www.xbrl.org/2003/arcrole/concept-label" order="1" />
    <link:labelArc xlink:type="arc" xlink:from="jpcrp030000-asr_E27294-000_GainOnBadDebtsRecoveredOpeCFIFRS" xlink:to="jpcrp030000-asr_E27294-000_GainOnBadDebtsRecoveredOpeCFIFRS_label_1" xlink:arcrole="http://www.xbrl.org/2003/arcrole/concept-label" order="1" />
    <link:labelArc xlink:type="arc" xlink:from="jpcrp030000-asr_E27294-000_GainRelatingToLossOfControlOverSubsidiariesOpeCFIFRS" xlink:to="jpcrp030000-asr_E27294-000_GainRelatingToLossOfControlOverSubsidiariesOpeCFIFRS_label" xlink:arcrole="http://www.xbrl.org/2003/arcrole/concept-label" order="1" />
    <link:labelArc xlink:type="arc" xlink:from="jpcrp030000-asr_E27294-000_GainRelatingToLossOfControlOverSubsidiariesOpeCFIFRS" xlink:to="jpcrp030000-asr_E27294-000_GainRelatingToLossOfControlOverSubsidiariesOpeCFIFRS_label_1" xlink:arcrole="http://www.xbrl.org/2003/arcrole/concept-label" order="1" />
    <link:labelArc xlink:type="arc" xlink:from="jpcrp030000-asr_E27294-000_GoodsAndProductsFreightageIFRS" xlink:to="jpcrp030000-asr_E27294-000_GoodsAndProductsFreightageIFRS_label" xlink:arcrole="http://www.xbrl.org/2003/arcrole/concept-label" order="1" />
    <link:labelArc xlink:type="arc" xlink:from="jpcrp030000-asr_E27294-000_GoodsAndProductsFreightageIFRS" xlink:to="jpcrp030000-asr_E27294-000_GoodsAndProductsFreightageIFRS_label_1" xlink:arcrole="http://www.xbrl.org/2003/arcrole/concept-label" order="1" />
    <link:labelArc xlink:type="arc" xlink:from="jpcrp030000-asr_E27294-000_HagioYoheiMember" xlink:to="jpcrp030000-asr_E27294-000_HagioYoheiMember_label_1" xlink:arcrole="http://www.xbrl.org/2003/arcrole/concept-label" order="1" />
    <link:labelArc xlink:type="arc" xlink:from="jpcrp030000-asr_E27294-000_HagioYoheiMember" xlink:to="jpcrp030000-asr_E27294-000_HagioYoheiMember_label" xlink:arcrole="http://www.xbrl.org/2003/arcrole/concept-label" order="1" />
    <link:labelArc xlink:type="arc" xlink:from="jpcrp030000-asr_E27294-000_ImaizumiTakahiroMember" xlink:to="jpcrp030000-asr_E27294-000_ImaizumiTakahiroMember_label" xlink:arcrole="http://www.xbrl.org/2003/arcrole/concept-label" order="1" />
    <link:labelArc xlink:type="arc" xlink:from="jpcrp030000-asr_E27294-000_ImaizumiTakahiroMember" xlink:to="jpcrp030000-asr_E27294-000_ImaizumiTakahiroMember_label_1" xlink:arcrole="http://www.xbrl.org/2003/arcrole/concept-label" order="1" />
    <link:labelArc xlink:type="arc" xlink:from="jpcrp030000-asr_E27294-000_InterimDividendPaidPerShareClassAPreferredStockSummaryOfBusinessResults" xlink:to="jpcrp030000-asr_E27294-000_InterimDividendPaidPerShareClassAPreferredStockSummaryOfBusinessResults_label" xlink:arcrole="http://www.xbrl.org/2003/arcrole/concept-label" order="1" />
    <link:labelArc xlink:type="arc" xlink:from="jpcrp030000-asr_E27294-000_InterimDividendPaidPerShareClassAPreferredStockSummaryOfBusinessResults" xlink:to="jpcrp030000-asr_E27294-000_InterimDividendPaidPerShareClassAPreferredStockSummaryOfBusinessResults_label_1" xlink:arcrole="http://www.xbrl.org/2003/arcrole/concept-label" order="1" />
    <link:labelArc xlink:type="arc" xlink:from="jpcrp030000-asr_E27294-000_KanemotoAkihikoMember" xlink:to="jpcrp030000-asr_E27294-000_KanemotoAkihikoMember_label" xlink:arcrole="http://www.xbrl.org/2003/arcrole/concept-label" order="1" />
    <link:labelArc xlink:type="arc" xlink:from="jpcrp030000-asr_E27294-000_KanemotoAkihikoMember" xlink:to="jpcrp030000-asr_E27294-000_KanemotoAkihikoMember_label_1" xlink:arcrole="http://www.xbrl.org/2003/arcrole/concept-label" order="1" />
    <link:labelArc xlink:type="arc" xlink:from="jpcrp030000-asr_E27294-000_KatoTsugioMember" xlink:to="jpcrp030000-asr_E27294-000_KatoTsugioMember_label" xlink:arcrole="http://www.xbrl.org/2003/arcrole/concept-label" order="1" />
    <link:labelArc xlink:type="arc" xlink:from="jpcrp030000-asr_E27294-000_KatoTsugioMember" xlink:to="jpcrp030000-asr_E27294-000_KatoTsugioMember_label_1" xlink:arcrole="http://www.xbrl.org/2003/arcrole/concept-label" order="1" />
    <link:labelArc xlink:type="arc" xlink:from="jpcrp030000-asr_E27294-000_KawaharaNatsukoMember" xlink:to="jpcrp030000-asr_E27294-000_KawaharaNatsukoMember_label" xlink:arcrole="http://www.xbrl.org/2003/arcrole/concept-label" order="1" />
    <link:labelArc xlink:type="arc" xlink:from="jpcrp030000-asr_E27294-000_KawaharaNatsukoMember" xlink:to="jpcrp030000-asr_E27294-000_KawaharaNatsukoMember_label_1" xlink:arcrole="http://www.xbrl.org/2003/arcrole/concept-label" order="1" />
    <link:labelArc xlink:type="arc" xlink:from="jpcrp030000-asr_E27294-000_KoizumiMariMember" xlink:to="jpcrp030000-asr_E27294-000_KoizumiMariMember_label_1" xlink:arcrole="http://www.xbrl.org/2003/arcrole/concept-label" order="1" />
    <link:labelArc xlink:type="arc" xlink:from="jpcrp030000-asr_E27294-000_KoizumiMariMember" xlink:to="jpcrp030000-asr_E27294-000_KoizumiMariMember_label" xlink:arcrole="http://www.xbrl.org/2003/arcrole/concept-label" order="1" />
    <link:labelArc xlink:type="arc" xlink:from="jpcrp030000-asr_E27294-000_MatsunagaKoichiMember" xlink:to="jpcrp030000-asr_E27294-000_MatsunagaKoichiMember_label_1" xlink:arcrole="http://www.xbrl.org/2003/arcrole/concept-label" order="1" />
    <link:labelArc xlink:type="arc" xlink:from="jpcrp030000-asr_E27294-000_MatsunagaKoichiMember" xlink:to="jpcrp030000-asr_E27294-000_MatsunagaKoichiMember_label" xlink:arcrole="http://www.xbrl.org/2003/arcrole/concept-label" order="1" />
    <link:labelArc xlink:type="arc" xlink:from="jpcrp030000-asr_E27294-000_MuraguchiKazutakaMember" xlink:to="jpcrp030000-asr_E27294-000_MuraguchiKazutakaMember_label" xlink:arcrole="http://www.xbrl.org/2003/arcrole/concept-label" order="1" />
    <link:labelArc xlink:type="arc" xlink:from="jpcrp030000-asr_E27294-000_MuraguchiKazutakaMember" xlink:to="jpcrp030000-asr_E27294-000_MuraguchiKazutakaMember_label_1" xlink:arcrole="http://www.xbrl.org/2003/arcrole/concept-label" order="1" />
    <link:labelArc xlink:type="arc" xlink:from="jpcrp030000-asr_E27294-000_NaganoHideakiMember" xlink:to="jpcrp030000-asr_E27294-000_NaganoHideakiMember_label" xlink:arcrole="http://www.xbrl.org/2003/arcrole/concept-label" order="1" />
    <link:labelArc xlink:type="arc" xlink:from="jpcrp030000-asr_E27294-000_NaganoHideakiMember" xlink:to="jpcrp030000-asr_E27294-000_NaganoHideakiMember_label_1" xlink:arcrole="http://www.xbrl.org/2003/arcrole/concept-label" order="1" />
    <link:labelArc xlink:type="arc" xlink:from="jpcrp030000-asr_E27294-000_NotesRegardingFinancialCovenantClausesTextBlock" xlink:to="jpcrp030000-asr_E27294-000_NotesRegardingFinancialCovenantClausesTextBlock_label" xlink:arcrole="http://www.xbrl.org/2003/arcrole/concept-label" order="1" />
    <link:labelArc xlink:type="arc" xlink:from="jpcrp030000-asr_E27294-000_NotesRegardingFinancialCovenantClausesTextBlock" xlink:to="jpcrp030000-asr_E27294-000_NotesRegardingFinancialCovenantClausesTextBlock_label_1" xlink:arcrole="http://www.xbrl.org/2003/arcrole/concept-label" order="1" />
    <link:labelArc xlink:type="arc" xlink:from="jpcrp030000-asr_E27294-000_NotesRegardingGainOnSalesOfInvestmentSecuritiesTextBlock" xlink:to="jpcrp030000-asr_E27294-000_NotesRegardingGainOnSalesOfInvestmentSecuritiesTextBlock_label" xlink:arcrole="http://www.xbrl.org/2003/arcrole/concept-label" order="1" />
    <link:labelArc xlink:type="arc" xlink:from="jpcrp030000-asr_E27294-000_NotesRegardingGainOnSalesOfInvestmentSecuritiesTextBlock" xlink:to="jpcrp030000-asr_E27294-000_NotesRegardingGainOnSalesOfInvestmentSecuritiesTextBlock_label_1" xlink:arcrole="http://www.xbrl.org/2003/arcrole/concept-label" order="1" />
    <link:labelArc xlink:type="arc" xlink:from="jpcrp030000-asr_E27294-000_NotesRegardingGainOnSalesOfSharesOfSubsidiariesTextBlock" xlink:to="jpcrp030000-asr_E27294-000_NotesRegardingGainOnSalesOfSharesOfSubsidiariesTextBlock_label" xlink:arcrole="http://www.xbrl.org/2003/arcrole/concept-label" order="1" />
    <link:labelArc xlink:type="arc" xlink:from="jpcrp030000-asr_E27294-000_NotesRegardingGainOnSalesOfSharesOfSubsidiariesTextBlock" xlink:to="jpcrp030000-asr_E27294-000_NotesRegardingGainOnSalesOfSharesOfSubsidiariesTextBlock_label_1" xlink:arcrole="http://www.xbrl.org/2003/arcrole/concept-label" order="1" />
    <link:labelArc xlink:type="arc" xlink:from="jpcrp030000-asr_E27294-000_NotesRegardingLossOnSaleOfSharesOfSubsidiarieTextBlock" xlink:to="jpcrp030000-asr_E27294-000_NotesRegardingLossOnSaleOfSharesOfSubsidiarieTextBlock_label" xlink:arcrole="http://www.xbrl.org/2003/arcrole/concept-label" order="1" />
    <link:labelArc xlink:type="arc" xlink:from="jpcrp030000-asr_E27294-000_NotesRegardingLossOnSaleOfSharesOfSubsidiarieTextBlock" xlink:to="jpcrp030000-asr_E27294-000_NotesRegardingLossOnSaleOfSharesOfSubsidiarieTextBlock_label_1" xlink:arcrole="http://www.xbrl.org/2003/arcrole/concept-label" order="1" />
    <link:labelArc xlink:type="arc" xlink:from="jpcrp030000-asr_E27294-000_NumberOfEmployeesIFRSSummaryOfBusinessResults" xlink:to="jpcrp030000-asr_E27294-000_NumberOfEmployeesIFRSSummaryOfBusinessResults_label_1" xlink:arcrole="http://www.xbrl.org/2003/arcrole/concept-label" order="1" />
    <link:labelArc xlink:type="arc" xlink:from="jpcrp030000-asr_E27294-000_NumberOfEmployeesIFRSSummaryOfBusinessResults" xlink:to="jpcrp030000-asr_E27294-000_NumberOfEmployeesIFRSSummaryOfBusinessResults_label" xlink:arcrole="http://www.xbrl.org/2003/arcrole/concept-label" order="1" />
    <link:labelArc xlink:type="arc" xlink:from="jpcrp030000-asr_E27294-000_OutsideDirectorAuditAndSupervisoryCommitteeMemberMember" xlink:to="jpcrp030000-asr_E27294-000_OutsideDirectorAuditAndSupervisoryCommitteeMemberMember_label" xlink:arcrole="http://www.xbrl.org/2003/arcrole/concept-label" order="1" />
    <link:labelArc xlink:type="arc" xlink:from="jpcrp030000-asr_E27294-000_OutsideDirectorAuditAndSupervisoryCommitteeMemberMember" xlink:to="jpcrp030000-asr_E27294-000_OutsideDirectorAuditAndSupervisoryCommitteeMemberMember_label_1" xlink:arcrole="http://www.xbrl.org/2003/arcrole/concept-label" order="1" />
    <link:labelArc xlink:type="arc" xlink:from="jpcrp030000-asr_E27294-000_OutsideDirectorExcludingAuditAndSupervisoryCommitteeMemberMember" xlink:to="jpcrp030000-asr_E27294-000_OutsideDirectorExcludingAuditAndSupervisoryCommitteeMemberMember_label" xlink:arcrole="http://www.xbrl.org/2003/arcrole/concept-label" order="1" />
    <link:labelArc xlink:type="arc" xlink:from="jpcrp030000-asr_E27294-000_OutsideDirectorExcludingAuditAndSupervisoryCommitteeMemberMember" xlink:to="jpcrp030000-asr_E27294-000_OutsideDirectorExcludingAuditAndSupervisoryCommitteeMemberMember_label_1" xlink:arcrole="http://www.xbrl.org/2003/arcrole/concept-label" order="1" />
    <link:labelArc xlink:type="arc" xlink:from="jpcrp030000-asr_E27294-000_ProceedsFromLongTermInterestBearingDebtFinCFIFRS" xlink:to="jpcrp030000-asr_E27294-000_ProceedsFromLongTermInterestBearingDebtFinCFIFRS_label" xlink:arcrole="http://www.xbrl.org/2003/arcrole/concept-label" order="1" />
    <link:labelArc xlink:type="arc" xlink:from="jpcrp030000-asr_E27294-000_ProceedsFromLongTermInterestBearingDebtFinCFIFRS" xlink:to="jpcrp030000-asr_E27294-000_ProceedsFromLongTermInterestBearingDebtFinCFIFRS_label_1" xlink:arcrole="http://www.xbrl.org/2003/arcrole/concept-label" order="1" />
    <link:labelArc xlink:type="arc" xlink:from="jpcrp030000-asr_E27294-000_ProceedsFromLossOfControlOfSubsidiariesInvCFIFRS" xlink:to="jpcrp030000-asr_E27294-000_ProceedsFromLossOfControlOfSubsidiariesInvCFIFRS_label" xlink:arcrole="http://www.xbrl.org/2003/arcrole/concept-label" order="1" />
    <link:labelArc xlink:type="arc" xlink:from="jpcrp030000-asr_E27294-000_ProceedsFromLossOfControlOfSubsidiariesInvCFIFRS" xlink:to="jpcrp030000-asr_E27294-000_ProceedsFromLossOfControlOfSubsidiariesInvCFIFRS_label_1" xlink:arcrole="http://www.xbrl.org/2003/arcrole/concept-label" order="1" />
    <link:labelArc xlink:type="arc" xlink:from="jpcrp030000-asr_E27294-000_ProceedsFromRepaymentOfLeaseAndGuaranteeDepositsInvCFIFRS" xlink:to="jpcrp030000-asr_E27294-000_ProceedsFromRepaymentOfLeaseAndGuaranteeDepositsInvCFIFRS_label" xlink:arcrole="http://www.xbrl.org/2003/arcrole/concept-label" order="1" />
    <link:labelArc xlink:type="arc" xlink:from="jpcrp030000-asr_E27294-000_ProceedsFromRepaymentOfLeaseAndGuaranteeDepositsInvCFIFRS" xlink:to="jpcrp030000-asr_E27294-000_ProceedsFromRepaymentOfLeaseAndGuaranteeDepositsInvCFIFRS_label_1" xlink:arcrole="http://www.xbrl.org/2003/arcrole/concept-label" order="1" />
    <link:labelArc xlink:type="arc" xlink:from="jpcrp030000-asr_E27294-000_ProfitLossFromRemeasurementOfResidualInterestInASubsidiaryForWhichControlWasLostOtherExpensesIFRS" xlink:to="jpcrp030000-asr_E27294-000_ProfitLossFromRemeasurementOfResidualInterestInASubsidiaryForWhichControlWasLostOtherExpensesIFRS_label" xlink:arcrole="http://www.xbrl.org/2003/arcrole/concept-label" order="1" />
    <link:labelArc xlink:type="arc" xlink:from="jpcrp030000-asr_E27294-000_ProfitLossFromRemeasurementOfResidualInterestInASubsidiaryForWhichControlWasLostOtherExpensesIFRS" xlink:to="jpcrp030000-asr_E27294-000_ProfitLossFromRemeasurementOfResidualInterestInASubsidiaryForWhichControlWasLostOtherExpensesIFRS_label_1" xlink:arcrole="http://www.xbrl.org/2003/arcrole/concept-label" order="1" />
    <link:labelArc xlink:type="arc" xlink:from="jpcrp030000-asr_E27294-000_ProvisionOfReservesIFRS" xlink:to="jpcrp030000-asr_E27294-000_ProvisionOfReservesIFRS_label_1" xlink:arcrole="http://www.xbrl.org/2003/arcrole/concept-label" order="1" />
    <link:labelArc xlink:type="arc" xlink:from="jpcrp030000-asr_E27294-000_ProvisionOfReservesIFRS" xlink:to="jpcrp030000-asr_E27294-000_ProvisionOfReservesIFRS_label" xlink:arcrole="http://www.xbrl.org/2003/arcrole/concept-label" order="1" />
    <link:labelArc xlink:type="arc" xlink:from="jpcrp030000-asr_E27294-000_PurchaseOfSharesOfSubsidiariesAndAssociatesInvCFIFRS" xlink:to="jpcrp030000-asr_E27294-000_PurchaseOfSharesOfSubsidiariesAndAssociatesInvCFIFRS_label" xlink:arcrole="http://www.xbrl.org/2003/arcrole/concept-label" order="1" />
    <link:labelArc xlink:type="arc" xlink:from="jpcrp030000-asr_E27294-000_PurchaseOfSharesOfSubsidiariesAndAssociatesInvCFIFRS" xlink:to="jpcrp030000-asr_E27294-000_PurchaseOfSharesOfSubsidiariesAndAssociatesInvCFIFRS_label_1" xlink:arcrole="http://www.xbrl.org/2003/arcrole/concept-label" order="1" />
    <link:labelArc xlink:type="arc" xlink:from="jpcrp030000-asr_E27294-000_ReceiptIndemnityOtherIncomeIFRS" xlink:to="jpcrp030000-asr_E27294-000_ReceiptIndemnityOtherIncomeIFRS_label" xlink:arcrole="http://www.xbrl.org/2003/arcrole/concept-label" order="1" />
    <link:labelArc xlink:type="arc" xlink:from="jpcrp030000-asr_E27294-000_ReceiptIndemnityOtherIncomeIFRS" xlink:to="jpcrp030000-asr_E27294-000_ReceiptIndemnityOtherIncomeIFRS_label_1" xlink:arcrole="http://www.xbrl.org/2003/arcrole/concept-label" order="1" />
    <link:labelArc xlink:type="arc" xlink:from="jpcrp030000-asr_E27294-000_RentalAssetsAccumulatedDepreciationAndImpairmentLossesIFRS" xlink:to="jpcrp030000-asr_E27294-000_RentalAssetsAccumulatedDepreciationAndImpairmentLossesIFRS_label" xlink:arcrole="http://www.xbrl.org/2003/arcrole/concept-label" order="1" />
    <link:labelArc xlink:type="arc" xlink:from="jpcrp030000-asr_E27294-000_RentalAssetsAccumulatedDepreciationAndImpairmentLossesIFRS" xlink:to="jpcrp030000-asr_E27294-000_RentalAssetsAccumulatedDepreciationAndImpairmentLossesIFRS_label_1" xlink:arcrole="http://www.xbrl.org/2003/arcrole/concept-label" order="1" />
    <link:labelArc xlink:type="arc" xlink:from="jpcrp030000-asr_E27294-000_RentalAssetsAcquisitionCostIFRS" xlink:to="jpcrp030000-asr_E27294-000_RentalAssetsAcquisitionCostIFRS_label" xlink:arcrole="http://www.xbrl.org/2003/arcrole/concept-label" order="1" />
    <link:labelArc xlink:type="arc" xlink:from="jpcrp030000-asr_E27294-000_RentalAssetsAcquisitionCostIFRS" xlink:to="jpcrp030000-asr_E27294-000_RentalAssetsAcquisitionCostIFRS_label_1" xlink:arcrole="http://www.xbrl.org/2003/arcrole/concept-label" order="1" />
    <link:labelArc xlink:type="arc" xlink:from="jpcrp030000-asr_E27294-000_RentalAssetsIFRS" xlink:to="jpcrp030000-asr_E27294-000_RentalAssetsIFRS_label" xlink:arcrole="http://www.xbrl.org/2003/arcrole/concept-label" order="1" />
    <link:labelArc xlink:type="arc" xlink:from="jpcrp030000-asr_E27294-000_RentalAssetsIFRS" xlink:to="jpcrp030000-asr_E27294-000_RentalAssetsIFRS_label_1" xlink:arcrole="http://www.xbrl.org/2003/arcrole/concept-label" order="1" />
    <link:labelArc xlink:type="arc" xlink:from="jpcrp030000-asr_E27294-000_RepaymentOfLongTermInterestBearingDebtFinCFIFRS" xlink:to="jpcrp030000-asr_E27294-000_RepaymentOfLongTermInterestBearingDebtFinCFIFRS_label" xlink:arcrole="http://www.xbrl.org/2003/arcrole/concept-label" order="1" />
    <link:labelArc xlink:type="arc" xlink:from="jpcrp030000-asr_E27294-000_RepaymentOfLongTermInterestBearingDebtFinCFIFRS" xlink:to="jpcrp030000-asr_E27294-000_RepaymentOfLongTermInterestBearingDebtFinCFIFRS_label_1" xlink:arcrole="http://www.xbrl.org/2003/arcrole/concept-label" order="1" />
    <link:labelArc xlink:type="arc" xlink:from="jpcrp030000-asr_E27294-000_SubsidyOpeCFIFRS" xlink:to="jpcrp030000-asr_E27294-000_SubsidyOpeCFIFRS_label_1" xlink:arcrole="http://www.xbrl.org/2003/arcrole/concept-label" order="1" />
    <link:labelArc xlink:type="arc" xlink:from="jpcrp030000-asr_E27294-000_SubsidyOpeCFIFRS" xlink:to="jpcrp030000-asr_E27294-000_SubsidyOpeCFIFRS_label" xlink:arcrole="http://www.xbrl.org/2003/arcrole/concept-label" order="1" />
    <link:labelArc xlink:type="arc" xlink:from="jpcrp030000-asr_E27294-000_SugitaMasaoMember" xlink:to="jpcrp030000-asr_E27294-000_SugitaMasaoMember_label" xlink:arcrole="http://www.xbrl.org/2003/arcrole/concept-label" order="1" />
    <link:labelArc xlink:type="arc" xlink:from="jpcrp030000-asr_E27294-000_SugitaMasaoMember" xlink:to="jpcrp030000-asr_E27294-000_SugitaMasaoMember_label_1" xlink:arcrole="http://www.xbrl.org/2003/arcrole/concept-label" order="1" />
    <link:labelArc xlink:type="arc" xlink:from="jpcrp030000-asr_E27294-000_TakahashiKuniyoshiMember" xlink:to="jpcrp030000-asr_E27294-000_TakahashiKuniyoshiMember_label" xlink:arcrole="http://www.xbrl.org/2003/arcrole/concept-label" order="1" />
    <link:labelArc xlink:type="arc" xlink:from="jpcrp030000-asr_E27294-000_TakahashiKuniyoshiMember" xlink:to="jpcrp030000-asr_E27294-000_TakahashiKuniyoshiMember_label_1" xlink:arcrole="http://www.xbrl.org/2003/arcrole/concept-label" order="1" />
    <link:labelArc xlink:type="arc" xlink:from="jpcrp030000-asr_E27294-000_TakeiMichioMember" xlink:to="jpcrp030000-asr_E27294-000_TakeiMichioMember_label" xlink:arcrole="http://www.xbrl.org/2003/arcrole/concept-label" order="1" />
    <link:labelArc xlink:type="arc" xlink:from="jpcrp030000-asr_E27294-000_TakeiMichioMember" xlink:to="jpcrp030000-asr_E27294-000_TakeiMichioMember_label_1" xlink:arcrole="http://www.xbrl.org/2003/arcrole/concept-label" order="1" />
    <link:labelArc xlink:type="arc" xlink:from="jpcrp030000-asr_E27294-000_UchidaMasayukiMember" xlink:to="jpcrp030000-asr_E27294-000_UchidaMasayukiMember_label" xlink:arcrole="http://www.xbrl.org/2003/arcrole/concept-label" order="1" />
    <link:labelArc xlink:type="arc" xlink:from="jpcrp030000-asr_E27294-000_UchidaMasayukiMember" xlink:to="jpcrp030000-asr_E27294-000_UchidaMasayukiMember_label_1" xlink:arcrole="http://www.xbrl.org/2003/arcrole/concept-label" order="1" />
    <link:labelArc xlink:type="arc" xlink:from="jpcrp030000-asr_E27294-000_WadaHideakiMember" xlink:to="jpcrp030000-asr_E27294-000_WadaHideakiMember_label" xlink:arcrole="http://www.xbrl.org/2003/arcrole/concept-label" order="1" />
    <link:labelArc xlink:type="arc" xlink:from="jpcrp030000-asr_E27294-000_WadaHideakiMember" xlink:to="jpcrp030000-asr_E27294-000_WadaHideakiMember_label_1" xlink:arcrole="http://www.xbrl.org/2003/arcrole/concept-label" order="1" />
    <link:labelArc xlink:type="arc" xlink:from="jpigp_cor_BasicEarningsLossPerShareIFRS" xlink:to="jpigp_cor_BasicEarningsLossPerShareIFRS_label" xlink:arcrole="http://www.xbrl.org/2003/arcrole/concept-label" order="1" />
    <link:labelArc xlink:type="arc" xlink:from="jpigp_cor_CashAndCashEquivalentsIFRS" xlink:to="jpigp_cor_CashAndCashEquivalentsIFRS_label" xlink:arcrole="http://www.xbrl.org/2003/arcrole/concept-label" order="1" />
    <link:labelArc xlink:type="arc" xlink:from="jpigp_cor_ComprehensiveIncomeIFRS" xlink:to="jpigp_cor_ComprehensiveIncomeIFRS_label" xlink:arcrole="http://www.xbrl.org/2003/arcrole/concept-label" order="1" />
    <link:labelArc xlink:type="arc" xlink:from="jpigp_cor_DecreaseIncreaseInInventoriesOpeCFIFRS" xlink:to="jpigp_cor_DecreaseIncreaseInInventoriesOpeCFIFRS_label" xlink:arcrole="http://www.xbrl.org/2003/arcrole/concept-label" order="1" />
    <link:labelArc xlink:type="arc" xlink:from="jpigp_cor_DecreaseIncreaseInTradeAndOtherReceivablesOpeCFIFRS" xlink:to="jpigp_cor_DecreaseIncreaseInTradeAndOtherReceivablesOpeCFIFRS_label" xlink:arcrole="http://www.xbrl.org/2003/arcrole/concept-label" order="1" />
    <link:labelArc xlink:type="arc" xlink:from="jpigp_cor_DilutedEarningsLossPerShareIFRS" xlink:to="jpigp_cor_DilutedEarningsLossPerShareIFRS_label" xlink:arcrole="http://www.xbrl.org/2003/arcrole/concept-label" order="1" />
    <link:labelArc xlink:type="arc" xlink:from="jpigp_cor_EarningsLossPerShareIFRSAbstract" xlink:to="jpigp_cor_EarningsLossPerShareIFRSAbstract_label" xlink:arcrole="http://www.xbrl.org/2003/arcrole/concept-label" order="1" />
    <link:labelArc xlink:type="arc" xlink:from="jpigp_cor_ExerciseOfShareAcquisitionRightsSSIFRS" xlink:to="jpigp_cor_ExerciseOfShareAcquisitionRightsSSIFRS_label" xlink:arcrole="http://www.xbrl.org/2003/arcrole/concept-label" order="1" />
    <link:labelArc xlink:type="arc" xlink:from="jpigp_cor_IncomeTaxesRefundPaidOpeCFIFRS" xlink:to="jpigp_cor_IncomeTaxesRefundPaidOpeCFIFRS_label" xlink:arcrole="http://www.xbrl.org/2003/arcrole/concept-label" order="1" />
    <link:labelArc xlink:type="arc" xlink:from="jpigp_cor_IncreaseDecreaseInTradeAndOtherPayablesOpeCFIFRS" xlink:to="jpigp_cor_IncreaseDecreaseInTradeAndOtherPayablesOpeCFIFRS_label" xlink:arcrole="http://www.xbrl.org/2003/arcrole/concept-label" order="1" />
    <link:labelArc xlink:type="arc" xlink:from="jpigp_cor_ProceedsFromExerciseOfShareAcquisitionRightsFinCFIFRS" xlink:to="jpigp_cor_ProceedsFromExerciseOfShareAcquisitionRightsFinCFIFRS_label" xlink:arcrole="http://www.xbrl.org/2003/arcrole/concept-label" order="1" />
    <link:labelArc xlink:type="arc" xlink:from="jpigp_cor_ProfitLossAttributableToIFRSAbstract" xlink:to="jpigp_cor_ProfitLossAttributableToIFRSAbstract_label" xlink:arcrole="http://www.xbrl.org/2003/arcrole/concept-label" order="1" />
    <link:labelArc xlink:type="arc" xlink:from="jpigp_cor_ProfitLossIFRS" xlink:to="jpigp_cor_ProfitLossIFRS_label" xlink:arcrole="http://www.xbrl.org/2003/arcrole/concept-label" order="1" />
    <link:labelArc xlink:type="arc" xlink:from="jpigp_cor_ProfitLossIFRS" xlink:to="jpigp_cor_ProfitLossIFRS_label_1" xlink:arcrole="http://www.xbrl.org/2003/arcrole/concept-label" order="1" />
    <link:labelArc xlink:type="arc" xlink:from="jpigp_cor_ShareOfProfitLossOfInvestmentsAccountedForUsingEquityMethodIFRS" xlink:to="jpigp_cor_ShareOfProfitLossOfInvestmentsAccountedForUsingEquityMethodIFRS_label" xlink:arcrole="http://www.xbrl.org/2003/arcrole/concept-label" order="1" />
    <link:labelArc xlink:type="arc" xlink:from="jpigp_cor_TotalTransactionsWithOwnersIFRS" xlink:to="jpigp_cor_TotalTransactionsWithOwnersIFRS_label" xlink:arcrole="http://www.xbrl.org/2003/arcrole/concept-label" order="1" />
    <link:labelArc xlink:type="arc" xlink:from="jpigp_cor_TransactionsWithOwnersIFRSAbstract" xlink:to="jpigp_cor_TransactionsWithOwnersIFRSAbstract_label" xlink:arcrole="http://www.xbrl.org/2003/arcrole/concept-label" order="1" />
  </link:labelLink>
</link:linkbase>