﻿<?xml version="1.0" encoding="utf-8"?>
<!-- XBRL Document Created with WizLabo Platform -->
<link:linkbase xmlns:xlink="http://www.w3.org/1999/xlink" xmlns:xsi="http://www.w3.org/2001/XMLSchema-instance" xmlns:link="http://www.xbrl.org/2003/linkbase">
  <link:roleRef xlink:type="simple" xlink:href="http://disclosure.edinet-fsa.go.jp/taxonomy/jpcrp/2023-12-01/jpcrp_rt_2023-12-01.xsd#rol_altLabel" roleURI="http://disclosure.edinet-fsa.go.jp/jpcrp/alt/role/label" />
  <link:roleRef xlink:type="simple" xlink:href="http://disclosure.edinet-fsa.go.jp/taxonomy/jpcrp/2023-12-01/jpcrp_rt_2023-12-01.xsd#rol_altPeriodEndLabel" roleURI="http://disclosure.edinet-fsa.go.jp/jpcrp/alt/role/periodEndLabel" />
  <link:roleRef xlink:type="simple" xlink:href="http://disclosure.edinet-fsa.go.jp/taxonomy/jpcrp/2023-12-01/jpcrp_rt_2023-12-01.xsd#rol_altTotalLabel" roleURI="http://disclosure.edinet-fsa.go.jp/jpcrp/alt/role/totalLabel" />
  <link:roleRef xlink:type="simple" xlink:href="jpcrp030000-asr-001_E27294-000_2024-03-31_01_2024-06-20.xsd#at1" roleURI="http://disclosure.edinet-fsa.go.jp/jpcrp/alt2/role/label" />
  <link:roleRef xlink:type="simple" xlink:href="http://disclosure.edinet-fsa.go.jp/taxonomy/jpcrp/2023-12-01/jpcrp_rt_2023-12-01.xsd#rol_std_altLabel" roleURI="http://disclosure.edinet-fsa.go.jp/jpcrp/std/alt/role/label" />
  <link:roleRef xlink:type="simple" xlink:href="http://disclosure.edinet-fsa.go.jp/taxonomy/jpcrp/2023-12-01/jpcrp_rt_2023-12-01.xsd#rol_std_altTotalLabel" roleURI="http://disclosure.edinet-fsa.go.jp/jpcrp/std/alt/role/totalLabel" />
  <link:labelLink xlink:type="extended" xlink:role="http://www.xbrl.org/2003/role/link">
    <link:label xml:lang="en" xlink:type="resource" xlink:label="jpcrp030000-asr_E27294-000_AritaMichioMember_label" xlink:role="http://www.xbrl.org/2003/role/label">Arita, Michio</link:label>
    <link:label xml:lang="en" xlink:type="resource" xlink:label="jpcrp030000-asr_E27294-000_AritaMichioMember_label_1" xlink:role="http://www.xbrl.org/2003/role/verboseLabel">Arita, Michio [member]</link:label>
    <link:label xml:lang="en" xlink:type="resource" xlink:label="jpcrp030000-asr_E27294-000_ASharesKeyFinancialData_label" xlink:role="http://www.xbrl.org/2003/role/label">A Shares</link:label>
    <link:label xml:lang="en" xlink:type="resource" xlink:label="jpcrp030000-asr_E27294-000_ASharesKeyFinancialData_label_1" xlink:role="http://www.xbrl.org/2003/role/verboseLabel">A Shares, Key financial data</link:label>
    <link:label xml:lang="en" xlink:type="resource" xlink:label="jpcrp030000-asr_E27294-000_AverageNumberOfTemporaryWorkersIFRSSummaryOfBusinessResults_label" xlink:role="http://www.xbrl.org/2003/role/label">Average number of temporary workers</link:label>
    <link:label xml:lang="en" xlink:type="resource" xlink:label="jpcrp030000-asr_E27294-000_AverageNumberOfTemporaryWorkersIFRSSummaryOfBusinessResults_label_1" xlink:role="http://www.xbrl.org/2003/role/verboseLabel">Average number of temporary workers (IFRS), Summary of business results</link:label>
    <link:label xml:lang="en" xlink:type="resource" xlink:label="jpcrp030000-asr_E27294-000_ChangesInContractCostsOpeCFIFRS_label_1" xlink:role="http://www.xbrl.org/2003/role/label">Changes in contract costs</link:label>
    <link:label xml:lang="en" xlink:type="resource" xlink:label="jpcrp030000-asr_E27294-000_ChangesInContractCostsOpeCFIFRS_label_2" xlink:role="http://www.xbrl.org/2003/role/verboseLabel">Changes in contract costs-OpeCF (IFRS)</link:label>
    <link:label xml:lang="en" xlink:type="resource" xlink:label="jpcrp030000-asr_E27294-000_ChangesInContractCostsOpeCFIFRS_label" xlink:role="http://disclosure.edinet-fsa.go.jp/jpcrp/alt/role/label">Changes in contract costs</link:label>
    <link:label xml:lang="en" xlink:type="resource" xlink:label="jpcrp030000-asr_E27294-000_ClassAPreferredSharesSharesWithNoVotingRightsMember_label" xlink:role="http://www.xbrl.org/2003/role/label">Class A preferred shares</link:label>
    <link:label xml:lang="en" xlink:type="resource" xlink:label="jpcrp030000-asr_E27294-000_ClassAPreferredSharesSharesWithNoVotingRightsMember_label_1" xlink:role="http://www.xbrl.org/2003/role/verboseLabel">Class A preferred shares, Shares with no voting rights [member]</link:label>
    <link:label xml:lang="en" xlink:type="resource" xlink:label="jpcrp030000-asr_E27294-000_ContractCostAmortizationExpenseIFRS_label" xlink:role="http://www.xbrl.org/2003/role/label">Contract cost amortization expense</link:label>
    <link:label xml:lang="en" xlink:type="resource" xlink:label="jpcrp030000-asr_E27294-000_ContractCostAmortizationExpenseIFRS_label_1" xlink:role="http://www.xbrl.org/2003/role/verboseLabel">Contract cost amortization expense (IFRS)</link:label>
    <link:label xml:lang="en" xlink:type="resource" xlink:label="jpcrp030000-asr_E27294-000_ContractCostsNCAIFRS_label" xlink:role="http://www.xbrl.org/2003/role/label">Contract costs</link:label>
    <link:label xml:lang="en" xlink:type="resource" xlink:label="jpcrp030000-asr_E27294-000_ContractCostsNCAIFRS_label_1" xlink:role="http://www.xbrl.org/2003/role/verboseLabel">Contract costs-NCA (IFRS)</link:label>
    <link:label xml:lang="en" xlink:type="resource" xlink:label="jpcrp030000-asr_E27294-000_EmployeeAndDirectorBenefitsExpenseOperatingExpensesIFRS_label" xlink:role="http://www.xbrl.org/2003/role/label">Employee and director benefits expense</link:label>
    <link:label xml:lang="en" xlink:type="resource" xlink:label="jpcrp030000-asr_E27294-000_EmployeeAndDirectorBenefitsExpenseOperatingExpensesIFRS_label_1" xlink:role="http://www.xbrl.org/2003/role/verboseLabel">Employee and director benefits expense-Operating expenses (IFRS)</link:label>
    <link:label xml:lang="en" xlink:type="resource" xlink:label="jpcrp030000-asr_E27294-000_FuruyaKeigoMember_label" xlink:role="http://www.xbrl.org/2003/role/label">Furuya, Keigo</link:label>
    <link:label xml:lang="en" xlink:type="resource" xlink:label="jpcrp030000-asr_E27294-000_FuruyaKeigoMember_label_1" xlink:role="http://www.xbrl.org/2003/role/verboseLabel">Furuya, Keigo [member]</link:label>
    <link:label xml:lang="en" xlink:type="resource" xlink:label="jpcrp030000-asr_E27294-000_GainOnBadDebtsRecoveredOpeCFIFRS_label" xlink:role="http://www.xbrl.org/2003/role/label">Gain on bad debts recovered</link:label>
    <link:label xml:lang="en" xlink:type="resource" xlink:label="jpcrp030000-asr_E27294-000_GainOnBadDebtsRecoveredOpeCFIFRS_label_1" xlink:role="http://www.xbrl.org/2003/role/verboseLabel">Gain on bad debts recovered-OpeCF (IFRS)</link:label>
    <link:label xml:lang="en" xlink:type="resource" xlink:label="jpcrp030000-asr_E27294-000_GainRelatingToLossOfControlOverSubsidiariesOpeCFIFRS_label" xlink:role="http://www.xbrl.org/2003/role/label">Gain relating to loss of control over subsidiaries</link:label>
    <link:label xml:lang="en" xlink:type="resource" xlink:label="jpcrp030000-asr_E27294-000_GainRelatingToLossOfControlOverSubsidiariesOpeCFIFRS_label_1" xlink:role="http://www.xbrl.org/2003/role/verboseLabel">Gain relating to loss of control over subsidiaries-OpeCF (IFRS)</link:label>
    <link:label xml:lang="en" xlink:type="resource" xlink:label="jpcrp030000-asr_E27294-000_GoodsAndProductsFreightageIFRS_label" xlink:role="http://www.xbrl.org/2003/role/label">Goods and products freightage</link:label>
    <link:label xml:lang="en" xlink:type="resource" xlink:label="jpcrp030000-asr_E27294-000_GoodsAndProductsFreightageIFRS_label_1" xlink:role="http://www.xbrl.org/2003/role/verboseLabel">Goods and products freightage (IFRS)</link:label>
    <link:label xml:lang="en" xlink:type="resource" xlink:label="jpcrp030000-asr_E27294-000_HagioYoheiMember_label" xlink:role="http://www.xbrl.org/2003/role/label">Hagio, Yohei</link:label>
    <link:label xml:lang="en" xlink:type="resource" xlink:label="jpcrp030000-asr_E27294-000_HagioYoheiMember_label_1" xlink:role="http://www.xbrl.org/2003/role/verboseLabel">Hagio, Yohei [member]</link:label>
    <link:label xml:lang="en" xlink:type="resource" xlink:label="jpcrp030000-asr_E27294-000_ImaizumiTakahiroMember_label" xlink:role="http://www.xbrl.org/2003/role/label">Imaizumi, Takahiro</link:label>
    <link:label xml:lang="en" xlink:type="resource" xlink:label="jpcrp030000-asr_E27294-000_ImaizumiTakahiroMember_label_1" xlink:role="http://www.xbrl.org/2003/role/verboseLabel">Imaizumi, Takahiro [member]</link:label>
    <link:label xml:lang="en" xlink:type="resource" xlink:label="jpcrp030000-asr_E27294-000_InterimDividendPaidPerShareClassAPreferredStockSummaryOfBusinessResults_label" xlink:role="http://www.xbrl.org/2003/role/label">Interim dividend paid per share, Class A preferred stock</link:label>
    <link:label xml:lang="en" xlink:type="resource" xlink:label="jpcrp030000-asr_E27294-000_InterimDividendPaidPerShareClassAPreferredStockSummaryOfBusinessResults_label_1" xlink:role="http://www.xbrl.org/2003/role/verboseLabel">Interim dividend paid per share, Class A preferred stock, Summary of business results</link:label>
    <link:label xml:lang="en" xlink:type="resource" xlink:label="jpcrp030000-asr_E27294-000_KanemotoAkihikoMember_label" xlink:role="http://www.xbrl.org/2003/role/label">Kanemoto, Akihiko</link:label>
    <link:label xml:lang="en" xlink:type="resource" xlink:label="jpcrp030000-asr_E27294-000_KanemotoAkihikoMember_label_1" xlink:role="http://www.xbrl.org/2003/role/verboseLabel">Kanemoto, Akihiko [member]</link:label>
    <link:label xml:lang="en" xlink:type="resource" xlink:label="jpcrp030000-asr_E27294-000_KatoTsugioMember_label" xlink:role="http://www.xbrl.org/2003/role/label">Kato, Tsugio</link:label>
    <link:label xml:lang="en" xlink:type="resource" xlink:label="jpcrp030000-asr_E27294-000_KatoTsugioMember_label_1" xlink:role="http://www.xbrl.org/2003/role/verboseLabel">Kato, Tsugio [member]</link:label>
    <link:label xml:lang="en" xlink:type="resource" xlink:label="jpcrp030000-asr_E27294-000_KawaharaNatsukoMember_label" xlink:role="http://www.xbrl.org/2003/role/label">Kawahara, Natsuko</link:label>
    <link:label xml:lang="en" xlink:type="resource" xlink:label="jpcrp030000-asr_E27294-000_KawaharaNatsukoMember_label_1" xlink:role="http://www.xbrl.org/2003/role/verboseLabel">Kawahara, Natsuko [member]</link:label>
    <link:label xml:lang="en" xlink:type="resource" xlink:label="jpcrp030000-asr_E27294-000_KoizumiMariMember_label" xlink:role="http://www.xbrl.org/2003/role/label">Koizumi, Mari</link:label>
    <link:label xml:lang="en" xlink:type="resource" xlink:label="jpcrp030000-asr_E27294-000_KoizumiMariMember_label_1" xlink:role="http://www.xbrl.org/2003/role/verboseLabel">Koizumi, Mari [member]</link:label>
    <link:label xml:lang="en" xlink:type="resource" xlink:label="jpcrp030000-asr_E27294-000_MatsunagaKoichiMember_label" xlink:role="http://www.xbrl.org/2003/role/label">Matsunaga, Koichi</link:label>
    <link:label xml:lang="en" xlink:type="resource" xlink:label="jpcrp030000-asr_E27294-000_MatsunagaKoichiMember_label_1" xlink:role="http://www.xbrl.org/2003/role/verboseLabel">Matsunaga, Koichi [member]</link:label>
    <link:label xml:lang="en" xlink:type="resource" xlink:label="jpcrp030000-asr_E27294-000_MuraguchiKazutakaMember_label" xlink:role="http://www.xbrl.org/2003/role/label">Muraguchi, Kazutaka</link:label>
    <link:label xml:lang="en" xlink:type="resource" xlink:label="jpcrp030000-asr_E27294-000_MuraguchiKazutakaMember_label_1" xlink:role="http://www.xbrl.org/2003/role/verboseLabel">Muraguchi, Kazutaka [member]</link:label>
    <link:label xml:lang="en" xlink:type="resource" xlink:label="jpcrp030000-asr_E27294-000_NaganoHideakiMember_label" xlink:role="http://www.xbrl.org/2003/role/label">Nagano, Hideaki</link:label>
    <link:label xml:lang="en" xlink:type="resource" xlink:label="jpcrp030000-asr_E27294-000_NaganoHideakiMember_label_1" xlink:role="http://www.xbrl.org/2003/role/verboseLabel">Nagano, Hideaki [member]</link:label>
    <link:label xml:lang="en" xlink:type="resource" xlink:label="jpcrp030000-asr_E27294-000_NotesRegardingFinancialCovenantClausesTextBlock_label" xlink:role="http://www.xbrl.org/2003/role/label">Notes regarding financial covenant clauses</link:label>
    <link:label xml:lang="en" xlink:type="resource" xlink:label="jpcrp030000-asr_E27294-000_NotesRegardingFinancialCovenantClausesTextBlock_label_1" xlink:role="http://www.xbrl.org/2003/role/verboseLabel">Notes regarding financial covenant clauses [text block]</link:label>
    <link:label xml:lang="en" xlink:type="resource" xlink:label="jpcrp030000-asr_E27294-000_NotesRegardingGainOnSalesOfInvestmentSecuritiesTextBlock_label" xlink:role="http://www.xbrl.org/2003/role/label">Notes regarding gain on sales of investment securities</link:label>
    <link:label xml:lang="en" xlink:type="resource" xlink:label="jpcrp030000-asr_E27294-000_NotesRegardingGainOnSalesOfInvestmentSecuritiesTextBlock_label_1" xlink:role="http://www.xbrl.org/2003/role/verboseLabel">Notes regarding gain on sales of investment securities [text block]</link:label>
    <link:label xml:lang="en" xlink:type="resource" xlink:label="jpcrp030000-asr_E27294-000_NotesRegardingGainOnSalesOfSharesOfSubsidiariesTextBlock_label" xlink:role="http://www.xbrl.org/2003/role/label">Notes regarding gain on sales of shares of subsidiaries</link:label>
    <link:label xml:lang="en" xlink:type="resource" xlink:label="jpcrp030000-asr_E27294-000_NotesRegardingGainOnSalesOfSharesOfSubsidiariesTextBlock_label_1" xlink:role="http://www.xbrl.org/2003/role/verboseLabel">Notes regarding gain on sales of shares of subsidiaries [text block]</link:label>
    <link:label xml:lang="en" xlink:type="resource" xlink:label="jpcrp030000-asr_E27294-000_NotesRegardingLossOnSaleOfSharesOfSubsidiarieTextBlock_label" xlink:role="http://www.xbrl.org/2003/role/label">Notes regarding loss on sale of shares of subsidiarie</link:label>
    <link:label xml:lang="en" xlink:type="resource" xlink:label="jpcrp030000-asr_E27294-000_NotesRegardingLossOnSaleOfSharesOfSubsidiarieTextBlock_label_1" xlink:role="http://www.xbrl.org/2003/role/verboseLabel">Notes regarding loss on sale of shares of subsidiarie [text block]</link:label>
    <link:label xml:lang="en" xlink:type="resource" xlink:label="jpcrp030000-asr_E27294-000_NumberOfEmployeesIFRSSummaryOfBusinessResults_label" xlink:role="http://www.xbrl.org/2003/role/label">Number of employees</link:label>
    <link:label xml:lang="en" xlink:type="resource" xlink:label="jpcrp030000-asr_E27294-000_NumberOfEmployeesIFRSSummaryOfBusinessResults_label_1" xlink:role="http://www.xbrl.org/2003/role/verboseLabel">Number of employees (IFRS), Summary of business results</link:label>
    <link:label xml:lang="en" xlink:type="resource" xlink:label="jpcrp030000-asr_E27294-000_OutsideDirectorAuditAndSupervisoryCommitteeMemberMember_label" xlink:role="http://www.xbrl.org/2003/role/label">Outside director (Audit and Supervisory Committee Member)</link:label>
    <link:label xml:lang="en" xlink:type="resource" xlink:label="jpcrp030000-asr_E27294-000_OutsideDirectorAuditAndSupervisoryCommitteeMemberMember_label_1" xlink:role="http://www.xbrl.org/2003/role/verboseLabel">Outside director (Audit and Supervisory Committee Member) [member]</link:label>
    <link:label xml:lang="en" xlink:type="resource" xlink:label="jpcrp030000-asr_E27294-000_OutsideDirectorExcludingAuditAndSupervisoryCommitteeMemberMember_label" xlink:role="http://www.xbrl.org/2003/role/label">Outside director (excluding Audit and Supervisory Committee Member)</link:label>
    <link:label xml:lang="en" xlink:type="resource" xlink:label="jpcrp030000-asr_E27294-000_OutsideDirectorExcludingAuditAndSupervisoryCommitteeMemberMember_label_1" xlink:role="http://www.xbrl.org/2003/role/verboseLabel">Outside director (excluding Audit and Supervisory Committee Member) [member]</link:label>
    <link:label xml:lang="en" xlink:type="resource" xlink:label="jpcrp030000-asr_E27294-000_ProceedsFromLongTermInterestBearingDebtFinCFIFRS_label" xlink:role="http://www.xbrl.org/2003/role/label">Proceeds from long-term interest-bearing debt</link:label>
    <link:label xml:lang="en" xlink:type="resource" xlink:label="jpcrp030000-asr_E27294-000_ProceedsFromLongTermInterestBearingDebtFinCFIFRS_label_1" xlink:role="http://www.xbrl.org/2003/role/verboseLabel">Proceeds from long-term interest-bearing debt-FinCF (IFRS)</link:label>
    <link:label xml:lang="en" xlink:type="resource" xlink:label="jpcrp030000-asr_E27294-000_ProceedsFromLossOfControlOfSubsidiariesInvCFIFRS_label" xlink:role="http://www.xbrl.org/2003/role/label">Proceeds from loss of control of subsidiaries</link:label>
    <link:label xml:lang="en" xlink:type="resource" xlink:label="jpcrp030000-asr_E27294-000_ProceedsFromLossOfControlOfSubsidiariesInvCFIFRS_label_1" xlink:role="http://www.xbrl.org/2003/role/verboseLabel">Proceeds from loss of control of subsidiaries-InvCF (IFRS)</link:label>
    <link:label xml:lang="en" xlink:type="resource" xlink:label="jpcrp030000-asr_E27294-000_ProceedsFromRepaymentOfLeaseAndGuaranteeDepositsInvCFIFRS_label" xlink:role="http://www.xbrl.org/2003/role/label">Proceeds from repayment of lease and guarantee deposits</link:label>
    <link:label xml:lang="en" xlink:type="resource" xlink:label="jpcrp030000-asr_E27294-000_ProceedsFromRepaymentOfLeaseAndGuaranteeDepositsInvCFIFRS_label_1" xlink:role="http://www.xbrl.org/2003/role/verboseLabel">Proceeds from repayment of lease and guarantee deposits-InvCF (IFRS)</link:label>
    <link:label xml:lang="en" xlink:type="resource" xlink:label="jpcrp030000-asr_E27294-000_ProfitLossFromRemeasurementOfResidualInterestInASubsidiaryForWhichControlWasLostOtherExpensesIFRS_label" xlink:role="http://www.xbrl.org/2003/role/label">Profit (loss) from remeasurement of residual interest in a subsidiary for which control was lost</link:label>
    <link:label xml:lang="en" xlink:type="resource" xlink:label="jpcrp030000-asr_E27294-000_ProfitLossFromRemeasurementOfResidualInterestInASubsidiaryForWhichControlWasLostOtherExpensesIFRS_label_1" xlink:role="http://www.xbrl.org/2003/role/verboseLabel">Profit (loss) from remeasurement of residual interest in a subsidiary for which control was lost, Other expenses (IFRS)</link:label>
    <link:label xml:lang="en" xlink:type="resource" xlink:label="jpcrp030000-asr_E27294-000_ProvisionOfReservesIFRS_label" xlink:role="http://www.xbrl.org/2003/role/label">Provision of reserves</link:label>
    <link:label xml:lang="en" xlink:type="resource" xlink:label="jpcrp030000-asr_E27294-000_ProvisionOfReservesIFRS_label_1" xlink:role="http://www.xbrl.org/2003/role/verboseLabel">Provision of reserves (IFRS)</link:label>
    <link:label xml:lang="en" xlink:type="resource" xlink:label="jpcrp030000-asr_E27294-000_PurchaseOfSharesOfSubsidiariesAndAssociatesInvCFIFRS_label" xlink:role="http://www.xbrl.org/2003/role/label">Purchase of shares of subsidiaries and associates</link:label>
    <link:label xml:lang="en" xlink:type="resource" xlink:label="jpcrp030000-asr_E27294-000_PurchaseOfSharesOfSubsidiariesAndAssociatesInvCFIFRS_label_1" xlink:role="http://www.xbrl.org/2003/role/verboseLabel">Purchase of shares of subsidiaries and associates-InvCF (IFRS)</link:label>
    <link:label xml:lang="en" xlink:type="resource" xlink:label="jpcrp030000-asr_E27294-000_ReceiptIndemnityOtherIncomeIFRS_label" xlink:role="http://www.xbrl.org/2003/role/label">Receipt indemnity</link:label>
    <link:label xml:lang="en" xlink:type="resource" xlink:label="jpcrp030000-asr_E27294-000_ReceiptIndemnityOtherIncomeIFRS_label_1" xlink:role="http://www.xbrl.org/2003/role/verboseLabel">Receipt indemnity, Other income (IFRS)</link:label>
    <link:label xml:lang="en" xlink:type="resource" xlink:label="jpcrp030000-asr_E27294-000_RentalAssetsAccumulatedDepreciationAndImpairmentLossesIFRS_label" xlink:role="http://www.xbrl.org/2003/role/label">Rental assets</link:label>
    <link:label xml:lang="en" xlink:type="resource" xlink:label="jpcrp030000-asr_E27294-000_RentalAssetsAccumulatedDepreciationAndImpairmentLossesIFRS_label_1" xlink:role="http://www.xbrl.org/2003/role/verboseLabel">Rental assets, Accumulated depreciation and impairment losses (IFRS)</link:label>
    <link:label xml:lang="en" xlink:type="resource" xlink:label="jpcrp030000-asr_E27294-000_RentalAssetsAcquisitionCostIFRS_label" xlink:role="http://www.xbrl.org/2003/role/label">Rental assets</link:label>
    <link:label xml:lang="en" xlink:type="resource" xlink:label="jpcrp030000-asr_E27294-000_RentalAssetsAcquisitionCostIFRS_label_1" xlink:role="http://www.xbrl.org/2003/role/verboseLabel">Rental assets, Acquisition cost (IFRS)</link:label>
    <link:label xml:lang="en" xlink:type="resource" xlink:label="jpcrp030000-asr_E27294-000_RentalAssetsIFRS_label" xlink:role="http://www.xbrl.org/2003/role/label">Rental assets</link:label>
    <link:label xml:lang="en" xlink:type="resource" xlink:label="jpcrp030000-asr_E27294-000_RentalAssetsIFRS_label_1" xlink:role="http://www.xbrl.org/2003/role/verboseLabel">Rental assets (IFRS)</link:label>
    <link:label xml:lang="en" xlink:type="resource" xlink:label="jpcrp030000-asr_E27294-000_RepaymentOfLongTermInterestBearingDebtFinCFIFRS_label" xlink:role="http://www.xbrl.org/2003/role/label">Repayment of long-term interest-bearing debt</link:label>
    <link:label xml:lang="en" xlink:type="resource" xlink:label="jpcrp030000-asr_E27294-000_RepaymentOfLongTermInterestBearingDebtFinCFIFRS_label_1" xlink:role="http://www.xbrl.org/2003/role/verboseLabel">Repayment of long-term interest-bearing debt-FinCF (IFRS)</link:label>
    <link:label xml:lang="en" xlink:type="resource" xlink:label="jpcrp030000-asr_E27294-000_SubsidyOpeCFIFRS_label" xlink:role="http://www.xbrl.org/2003/role/label">Subsidy</link:label>
    <link:label xml:lang="en" xlink:type="resource" xlink:label="jpcrp030000-asr_E27294-000_SubsidyOpeCFIFRS_label_1" xlink:role="http://www.xbrl.org/2003/role/verboseLabel">Subsidy-OpeCF (IFRS)</link:label>
    <link:label xml:lang="en" xlink:type="resource" xlink:label="jpcrp030000-asr_E27294-000_SugitaMasaoMember_label" xlink:role="http://www.xbrl.org/2003/role/label">Sugita, Masao</link:label>
    <link:label xml:lang="en" xlink:type="resource" xlink:label="jpcrp030000-asr_E27294-000_SugitaMasaoMember_label_1" xlink:role="http://www.xbrl.org/2003/role/verboseLabel">Sugita, Masao [member]</link:label>
    <link:label xml:lang="en" xlink:type="resource" xlink:label="jpcrp030000-asr_E27294-000_TakahashiKuniyoshiMember_label" xlink:role="http://www.xbrl.org/2003/role/label">Takahashi, Kuniyoshi</link:label>
    <link:label xml:lang="en" xlink:type="resource" xlink:label="jpcrp030000-asr_E27294-000_TakahashiKuniyoshiMember_label_1" xlink:role="http://www.xbrl.org/2003/role/verboseLabel">Takahashi, Kuniyoshi [member]</link:label>
    <link:label xml:lang="en" xlink:type="resource" xlink:label="jpcrp030000-asr_E27294-000_TakeiMichioMember_label" xlink:role="http://www.xbrl.org/2003/role/label">Takei, Michio</link:label>
    <link:label xml:lang="en" xlink:type="resource" xlink:label="jpcrp030000-asr_E27294-000_TakeiMichioMember_label_1" xlink:role="http://www.xbrl.org/2003/role/verboseLabel">Takei, Michio [member]</link:label>
    <link:label xml:lang="en" xlink:type="resource" xlink:label="jpcrp030000-asr_E27294-000_UchidaMasayukiMember_label" xlink:role="http://www.xbrl.org/2003/role/label">Uchida, Masayuki</link:label>
    <link:label xml:lang="en" xlink:type="resource" xlink:label="jpcrp030000-asr_E27294-000_UchidaMasayukiMember_label_1" xlink:role="http://www.xbrl.org/2003/role/verboseLabel">Uchida, Masayuki [member]</link:label>
    <link:label xml:lang="en" xlink:type="resource" xlink:label="jpcrp030000-asr_E27294-000_WadaHideakiMember_label" xlink:role="http://www.xbrl.org/2003/role/label">Wada, Hideaki</link:label>
    <link:label xml:lang="en" xlink:type="resource" xlink:label="jpcrp030000-asr_E27294-000_WadaHideakiMember_label_1" xlink:role="http://www.xbrl.org/2003/role/verboseLabel">Wada, Hideaki [member]</link:label>
    <link:label xml:lang="en" xlink:type="resource" xlink:label="jpigp_cor_BasicEarningsLossPerShareIFRS_label" xlink:role="http://disclosure.edinet-fsa.go.jp/jpcrp/alt/role/label">Basic earnings (loss) per share</link:label>
    <link:label xml:lang="en" xlink:type="resource" xlink:label="jpigp_cor_CashAndCashEquivalentsIFRS_label" xlink:role="http://disclosure.edinet-fsa.go.jp/jpcrp/alt/role/periodEndLabel">Cash and cash equivalents at end of period</link:label>
    <link:label xml:lang="en" xlink:type="resource" xlink:label="jpigp_cor_ComprehensiveIncomeIFRS_label" xlink:role="http://disclosure.edinet-fsa.go.jp/jpcrp/alt/role/totalLabel">Comprehensive income</link:label>
    <link:label xml:lang="en" xlink:type="resource" xlink:label="jpigp_cor_DecreaseIncreaseInInventoriesOpeCFIFRS_label" xlink:role="http://disclosure.edinet-fsa.go.jp/jpcrp/alt/role/label">Decrease (increase) in inventories</link:label>
    <link:label xml:lang="en" xlink:type="resource" xlink:label="jpigp_cor_DecreaseIncreaseInTradeAndOtherReceivablesOpeCFIFRS_label" xlink:role="http://disclosure.edinet-fsa.go.jp/jpcrp/alt/role/label">Decrease (increase) in trade and other receivables</link:label>
    <link:label xml:lang="en" xlink:type="resource" xlink:label="jpigp_cor_DilutedEarningsLossPerShareIFRS_label" xlink:role="http://disclosure.edinet-fsa.go.jp/jpcrp/alt/role/label">Diluted earnings (loss) per share</link:label>
    <link:label xml:lang="en" xlink:type="resource" xlink:label="jpigp_cor_EarningsLossPerShareIFRSAbstract_label" xlink:role="http://disclosure.edinet-fsa.go.jp/jpcrp/alt/role/label">Earnings (loss) per share</link:label>
    <link:label xml:lang="en" xlink:type="resource" xlink:label="jpigp_cor_EquityIFRSMember_label" xlink:role="http://disclosure.edinet-fsa.go.jp/jpcrp/std/alt/role/totalLabel">Total</link:label>
    <link:label xml:lang="en" xlink:type="resource" xlink:label="jpigp_cor_ExerciseOfShareAcquisitionRightsSSIFRS_label" xlink:role="http://disclosure.edinet-fsa.go.jp/jpcrp/alt/role/label">Exercise of share acquisition rights</link:label>
    <link:label xml:lang="en" xlink:type="resource" xlink:label="jpigp_cor_IncomeTaxesRefundPaidOpeCFIFRS_label" xlink:role="http://disclosure.edinet-fsa.go.jp/jpcrp/alt/role/label">Income taxes refund (paid)</link:label>
    <link:label xml:lang="en" xlink:type="resource" xlink:label="jpigp_cor_IncreaseDecreaseInTradeAndOtherPayablesOpeCFIFRS_label" xlink:role="http://disclosure.edinet-fsa.go.jp/jpcrp/alt/role/label">Increase (decrease) in trade and other payables</link:label>
    <link:label xml:lang="en" xlink:type="resource" xlink:label="jpigp_cor_NetChangeInFairValueOfEquityInstrumentsDesignatedAsMeasuredAtFairValueThroughOtherComprehensiveIncomeNetOfTaxItemsThatWillNotBeReclassifiedToProfitOrLossOCIIFRS_label" xlink:role="http://disclosure.edinet-fsa.go.jp/jpcrp/std/alt/role/label">Net change in fair value of equity instruments designated as measured at fair value through other comprehensive income</link:label>
    <link:label xml:lang="en" xlink:type="resource" xlink:label="jpigp_cor_ProceedsFromExerciseOfShareAcquisitionRightsFinCFIFRS_label" xlink:role="http://disclosure.edinet-fsa.go.jp/jpcrp/alt/role/label">Proceeds from exercise of share acquisition rights</link:label>
    <link:label xml:lang="en" xlink:type="resource" xlink:label="jpigp_cor_ProfitLossAttributableToIFRSAbstract_label" xlink:role="http://disclosure.edinet-fsa.go.jp/jpcrp/alt/role/label">Profit (loss) attributable to</link:label>
    <link:label xml:lang="en" xlink:type="resource" xlink:label="jpigp_cor_ProfitLossIFRS_label" xlink:role="http://disclosure.edinet-fsa.go.jp/jpcrp/alt/role/label">Profit (loss)</link:label>
    <link:label xml:lang="en" xlink:type="resource" xlink:label="jpigp_cor_ProfitLossIFRS_label_1" xlink:role="http://disclosure.edinet-fsa.go.jp/jpcrp/alt2/role/label">Profit (loss)</link:label>
    <link:label xml:lang="en" xlink:type="resource" xlink:label="jpigp_cor_ShareOfProfitLossOfInvestmentsAccountedForUsingEquityMethodIFRS_label" xlink:role="http://disclosure.edinet-fsa.go.jp/jpcrp/alt/role/label">Share of profit (loss) of investments accounted for using equity method</link:label>
    <link:label xml:lang="en" xlink:type="resource" xlink:label="jpigp_cor_TotalTransactionsWithOwnersIFRS_label" xlink:role="http://disclosure.edinet-fsa.go.jp/jpcrp/alt/role/label">Total transactions with owners</link:label>
    <link:label xml:lang="en" xlink:type="resource" xlink:label="jpigp_cor_TransactionsWithOwnersIFRSAbstract_label" xlink:role="http://disclosure.edinet-fsa.go.jp/jpcrp/alt/role/label">Transactions with owners</link:label>
    <link:loc xlink:type="locator" xlink:href="http://disclosure.edinet-fsa.go.jp/taxonomy/jpigp/2023-12-01/jpigp_cor_2023-12-01.xsd#jpigp_cor_BasicEarningsLossPerShareIFRS" xlink:label="jpigp_cor_BasicEarningsLossPerShareIFRS" />
    <link:loc xlink:type="locator" xlink:href="http://disclosure.edinet-fsa.go.jp/taxonomy/jpigp/2023-12-01/jpigp_cor_2023-12-01.xsd#jpigp_cor_CashAndCashEquivalentsIFRS" xlink:label="jpigp_cor_CashAndCashEquivalentsIFRS" />
    <link:loc xlink:type="locator" xlink:href="http://disclosure.edinet-fsa.go.jp/taxonomy/jpigp/2023-12-01/jpigp_cor_2023-12-01.xsd#jpigp_cor_ComprehensiveIncomeIFRS" xlink:label="jpigp_cor_ComprehensiveIncomeIFRS" />
    <link:loc xlink:type="locator" xlink:href="http://disclosure.edinet-fsa.go.jp/taxonomy/jpigp/2023-12-01/jpigp_cor_2023-12-01.xsd#jpigp_cor_DecreaseIncreaseInInventoriesOpeCFIFRS" xlink:label="jpigp_cor_DecreaseIncreaseInInventoriesOpeCFIFRS" />
    <link:loc xlink:type="locator" xlink:href="http://disclosure.edinet-fsa.go.jp/taxonomy/jpigp/2023-12-01/jpigp_cor_2023-12-01.xsd#jpigp_cor_DecreaseIncreaseInTradeAndOtherReceivablesOpeCFIFRS" xlink:label="jpigp_cor_DecreaseIncreaseInTradeAndOtherReceivablesOpeCFIFRS" />
    <link:loc xlink:type="locator" xlink:href="http://disclosure.edinet-fsa.go.jp/taxonomy/jpigp/2023-12-01/jpigp_cor_2023-12-01.xsd#jpigp_cor_DilutedEarningsLossPerShareIFRS" xlink:label="jpigp_cor_DilutedEarningsLossPerShareIFRS" />
    <link:loc xlink:type="locator" xlink:href="http://disclosure.edinet-fsa.go.jp/taxonomy/jpigp/2023-12-01/jpigp_cor_2023-12-01.xsd#jpigp_cor_EarningsLossPerShareIFRSAbstract" xlink:label="jpigp_cor_EarningsLossPerShareIFRSAbstract" />
    <link:loc xlink:type="locator" xlink:href="http://disclosure.edinet-fsa.go.jp/taxonomy/jpigp/2023-12-01/jpigp_cor_2023-12-01.xsd#jpigp_cor_EquityIFRSMember" xlink:label="jpigp_cor_EquityIFRSMember" />
    <link:loc xlink:type="locator" xlink:href="http://disclosure.edinet-fsa.go.jp/taxonomy/jpigp/2023-12-01/jpigp_cor_2023-12-01.xsd#jpigp_cor_ExerciseOfShareAcquisitionRightsSSIFRS" xlink:label="jpigp_cor_ExerciseOfShareAcquisitionRightsSSIFRS" />
    <link:loc xlink:type="locator" xlink:href="http://disclosure.edinet-fsa.go.jp/taxonomy/jpigp/2023-12-01/jpigp_cor_2023-12-01.xsd#jpigp_cor_IncomeTaxesRefundPaidOpeCFIFRS" xlink:label="jpigp_cor_IncomeTaxesRefundPaidOpeCFIFRS" />
    <link:loc xlink:type="locator" xlink:href="http://disclosure.edinet-fsa.go.jp/taxonomy/jpigp/2023-12-01/jpigp_cor_2023-12-01.xsd#jpigp_cor_IncreaseDecreaseInTradeAndOtherPayablesOpeCFIFRS" xlink:label="jpigp_cor_IncreaseDecreaseInTradeAndOtherPayablesOpeCFIFRS" />
    <link:loc xlink:type="locator" xlink:href="http://disclosure.edinet-fsa.go.jp/taxonomy/jpigp/2023-12-01/jpigp_cor_2023-12-01.xsd#jpigp_cor_NetChangeInFairValueOfEquityInstrumentsDesignatedAsMeasuredAtFairValueThroughOtherComprehensiveIncomeNetOfTaxItemsThatWillNotBeReclassifiedToProfitOrLossOCIIFRS" xlink:label="jpigp_cor_NetChangeInFairValueOfEquityInstrumentsDesignatedAsMeasuredAtFairValueThroughOtherComprehensiveIncomeNetOfTaxItemsThatWillNotBeReclassifiedToProfitOrLossOCIIFRS" />
    <link:loc xlink:type="locator" xlink:href="http://disclosure.edinet-fsa.go.jp/taxonomy/jpigp/2023-12-01/jpigp_cor_2023-12-01.xsd#jpigp_cor_ProceedsFromExerciseOfShareAcquisitionRightsFinCFIFRS" xlink:label="jpigp_cor_ProceedsFromExerciseOfShareAcquisitionRightsFinCFIFRS" />
    <link:loc xlink:type="locator" xlink:href="http://disclosure.edinet-fsa.go.jp/taxonomy/jpigp/2023-12-01/jpigp_cor_2023-12-01.xsd#jpigp_cor_ProfitLossAttributableToIFRSAbstract" xlink:label="jpigp_cor_ProfitLossAttributableToIFRSAbstract" />
    <link:loc xlink:type="locator" xlink:href="http://disclosure.edinet-fsa.go.jp/taxonomy/jpigp/2023-12-01/jpigp_cor_2023-12-01.xsd#jpigp_cor_ProfitLossIFRS" xlink:label="jpigp_cor_ProfitLossIFRS" />
    <link:loc xlink:type="locator" xlink:href="http://disclosure.edinet-fsa.go.jp/taxonomy/jpigp/2023-12-01/jpigp_cor_2023-12-01.xsd#jpigp_cor_ShareOfProfitLossOfInvestmentsAccountedForUsingEquityMethodIFRS" xlink:label="jpigp_cor_ShareOfProfitLossOfInvestmentsAccountedForUsingEquityMethodIFRS" />
    <link:loc xlink:type="locator" xlink:href="http://disclosure.edinet-fsa.go.jp/taxonomy/jpigp/2023-12-01/jpigp_cor_2023-12-01.xsd#jpigp_cor_TotalTransactionsWithOwnersIFRS" xlink:label="jpigp_cor_TotalTransactionsWithOwnersIFRS" />
    <link:loc xlink:type="locator" xlink:href="http://disclosure.edinet-fsa.go.jp/taxonomy/jpigp/2023-12-01/jpigp_cor_2023-12-01.xsd#jpigp_cor_TransactionsWithOwnersIFRSAbstract" xlink:label="jpigp_cor_TransactionsWithOwnersIFRSAbstract" />
    <link:loc xlink:type="locator" xlink:href="http://disclosure.edinet-fsa.go.jp/taxonomy/jpigp/2023-12-01/label/jpigp_2023-12-01_lab-en.xml#label_EquityIFRSMember_4" xlink:label="label_EquityIFRSMember_4" />
    <link:loc xlink:type="locator" xlink:href="http://disclosure.edinet-fsa.go.jp/taxonomy/jpigp/2023-12-01/label/jpigp_2023-12-01_lab-en.xml#label_NetChangeInFairValueOfEquityInstrumentsDesignatedAsMeasuredAtFairValueThroughOtherComprehensiveIncomeNetOfTaxItemsThatWillNotBeReclassifiedToProfitOrLossOCIIFRS_3" xlink:label="label_NetChangeInFairValueOfEquityInstrumentsDesignatedAsMeasuredAtFairValueThroughOtherComprehensiveIncomeNetOfTaxItemsThatWillNotBeReclassifiedToProfitOrLossOCIIFRS_3" />
    <link:loc xlink:type="locator" xlink:href="jpcrp030000-asr-001_E27294-000_2024-03-31_01_2024-06-20.xsd#jpcrp030000-asr_E27294-000_AritaMichioMember" xlink:label="jpcrp030000-asr_E27294-000_AritaMichioMember" />
    <link:loc xlink:type="locator" xlink:href="jpcrp030000-asr-001_E27294-000_2024-03-31_01_2024-06-20.xsd#jpcrp030000-asr_E27294-000_ASharesKeyFinancialData" xlink:label="jpcrp030000-asr_E27294-000_ASharesKeyFinancialData" />
    <link:loc xlink:type="locator" xlink:href="jpcrp030000-asr-001_E27294-000_2024-03-31_01_2024-06-20.xsd#jpcrp030000-asr_E27294-000_AverageNumberOfTemporaryWorkersIFRSSummaryOfBusinessResults" xlink:label="jpcrp030000-asr_E27294-000_AverageNumberOfTemporaryWorkersIFRSSummaryOfBusinessResults" />
    <link:loc xlink:type="locator" xlink:href="jpcrp030000-asr-001_E27294-000_2024-03-31_01_2024-06-20.xsd#jpcrp030000-asr_E27294-000_ChangesInContractCostsOpeCFIFRS" xlink:label="jpcrp030000-asr_E27294-000_ChangesInContractCostsOpeCFIFRS" />
    <link:loc xlink:type="locator" xlink:href="jpcrp030000-asr-001_E27294-000_2024-03-31_01_2024-06-20.xsd#jpcrp030000-asr_E27294-000_ClassAPreferredSharesSharesWithNoVotingRightsMember" xlink:label="jpcrp030000-asr_E27294-000_ClassAPreferredSharesSharesWithNoVotingRightsMember" />
    <link:loc xlink:type="locator" xlink:href="jpcrp030000-asr-001_E27294-000_2024-03-31_01_2024-06-20.xsd#jpcrp030000-asr_E27294-000_ContractCostAmortizationExpenseIFRS" xlink:label="jpcrp030000-asr_E27294-000_ContractCostAmortizationExpenseIFRS" />
    <link:loc xlink:type="locator" xlink:href="jpcrp030000-asr-001_E27294-000_2024-03-31_01_2024-06-20.xsd#jpcrp030000-asr_E27294-000_ContractCostsNCAIFRS" xlink:label="jpcrp030000-asr_E27294-000_ContractCostsNCAIFRS" />
    <link:loc xlink:type="locator" xlink:href="jpcrp030000-asr-001_E27294-000_2024-03-31_01_2024-06-20.xsd#jpcrp030000-asr_E27294-000_EmployeeAndDirectorBenefitsExpenseOperatingExpensesIFRS" xlink:label="jpcrp030000-asr_E27294-000_EmployeeAndDirectorBenefitsExpenseOperatingExpensesIFRS" />
    <link:loc xlink:type="locator" xlink:href="jpcrp030000-asr-001_E27294-000_2024-03-31_01_2024-06-20.xsd#jpcrp030000-asr_E27294-000_FuruyaKeigoMember" xlink:label="jpcrp030000-asr_E27294-000_FuruyaKeigoMember" />
    <link:loc xlink:type="locator" xlink:href="jpcrp030000-asr-001_E27294-000_2024-03-31_01_2024-06-20.xsd#jpcrp030000-asr_E27294-000_GainOnBadDebtsRecoveredOpeCFIFRS" xlink:label="jpcrp030000-asr_E27294-000_GainOnBadDebtsRecoveredOpeCFIFRS" />
    <link:loc xlink:type="locator" xlink:href="jpcrp030000-asr-001_E27294-000_2024-03-31_01_2024-06-20.xsd#jpcrp030000-asr_E27294-000_GainRelatingToLossOfControlOverSubsidiariesOpeCFIFRS" xlink:label="jpcrp030000-asr_E27294-000_GainRelatingToLossOfControlOverSubsidiariesOpeCFIFRS" />
    <link:loc xlink:type="locator" xlink:href="jpcrp030000-asr-001_E27294-000_2024-03-31_01_2024-06-20.xsd#jpcrp030000-asr_E27294-000_GoodsAndProductsFreightageIFRS" xlink:label="jpcrp030000-asr_E27294-000_GoodsAndProductsFreightageIFRS" />
    <link:loc xlink:type="locator" xlink:href="jpcrp030000-asr-001_E27294-000_2024-03-31_01_2024-06-20.xsd#jpcrp030000-asr_E27294-000_HagioYoheiMember" xlink:label="jpcrp030000-asr_E27294-000_HagioYoheiMember" />
    <link:loc xlink:type="locator" xlink:href="jpcrp030000-asr-001_E27294-000_2024-03-31_01_2024-06-20.xsd#jpcrp030000-asr_E27294-000_ImaizumiTakahiroMember" xlink:label="jpcrp030000-asr_E27294-000_ImaizumiTakahiroMember" />
    <link:loc xlink:type="locator" xlink:href="jpcrp030000-asr-001_E27294-000_2024-03-31_01_2024-06-20.xsd#jpcrp030000-asr_E27294-000_InterimDividendPaidPerShareClassAPreferredStockSummaryOfBusinessResults" xlink:label="jpcrp030000-asr_E27294-000_InterimDividendPaidPerShareClassAPreferredStockSummaryOfBusinessResults" />
    <link:loc xlink:type="locator" xlink:href="jpcrp030000-asr-001_E27294-000_2024-03-31_01_2024-06-20.xsd#jpcrp030000-asr_E27294-000_KanemotoAkihikoMember" xlink:label="jpcrp030000-asr_E27294-000_KanemotoAkihikoMember" />
    <link:loc xlink:type="locator" xlink:href="jpcrp030000-asr-001_E27294-000_2024-03-31_01_2024-06-20.xsd#jpcrp030000-asr_E27294-000_KatoTsugioMember" xlink:label="jpcrp030000-asr_E27294-000_KatoTsugioMember" />
    <link:loc xlink:type="locator" xlink:href="jpcrp030000-asr-001_E27294-000_2024-03-31_01_2024-06-20.xsd#jpcrp030000-asr_E27294-000_KawaharaNatsukoMember" xlink:label="jpcrp030000-asr_E27294-000_KawaharaNatsukoMember" />
    <link:loc xlink:type="locator" xlink:href="jpcrp030000-asr-001_E27294-000_2024-03-31_01_2024-06-20.xsd#jpcrp030000-asr_E27294-000_KoizumiMariMember" xlink:label="jpcrp030000-asr_E27294-000_KoizumiMariMember" />
    <link:loc xlink:type="locator" xlink:href="jpcrp030000-asr-001_E27294-000_2024-03-31_01_2024-06-20.xsd#jpcrp030000-asr_E27294-000_MatsunagaKoichiMember" xlink:label="jpcrp030000-asr_E27294-000_MatsunagaKoichiMember" />
    <link:loc xlink:type="locator" xlink:href="jpcrp030000-asr-001_E27294-000_2024-03-31_01_2024-06-20.xsd#jpcrp030000-asr_E27294-000_MuraguchiKazutakaMember" xlink:label="jpcrp030000-asr_E27294-000_MuraguchiKazutakaMember" />
    <link:loc xlink:type="locator" xlink:href="jpcrp030000-asr-001_E27294-000_2024-03-31_01_2024-06-20.xsd#jpcrp030000-asr_E27294-000_NaganoHideakiMember" xlink:label="jpcrp030000-asr_E27294-000_NaganoHideakiMember" />
    <link:loc xlink:type="locator" xlink:href="jpcrp030000-asr-001_E27294-000_2024-03-31_01_2024-06-20.xsd#jpcrp030000-asr_E27294-000_NotesRegardingFinancialCovenantClausesTextBlock" xlink:label="jpcrp030000-asr_E27294-000_NotesRegardingFinancialCovenantClausesTextBlock" />
    <link:loc xlink:type="locator" xlink:href="jpcrp030000-asr-001_E27294-000_2024-03-31_01_2024-06-20.xsd#jpcrp030000-asr_E27294-000_NotesRegardingGainOnSalesOfInvestmentSecuritiesTextBlock" xlink:label="jpcrp030000-asr_E27294-000_NotesRegardingGainOnSalesOfInvestmentSecuritiesTextBlock" />
    <link:loc xlink:type="locator" xlink:href="jpcrp030000-asr-001_E27294-000_2024-03-31_01_2024-06-20.xsd#jpcrp030000-asr_E27294-000_NotesRegardingGainOnSalesOfSharesOfSubsidiariesTextBlock" xlink:label="jpcrp030000-asr_E27294-000_NotesRegardingGainOnSalesOfSharesOfSubsidiariesTextBlock" />
    <link:loc xlink:type="locator" xlink:href="jpcrp030000-asr-001_E27294-000_2024-03-31_01_2024-06-20.xsd#jpcrp030000-asr_E27294-000_NotesRegardingLossOnSaleOfSharesOfSubsidiarieTextBlock" xlink:label="jpcrp030000-asr_E27294-000_NotesRegardingLossOnSaleOfSharesOfSubsidiarieTextBlock" />
    <link:loc xlink:type="locator" xlink:href="jpcrp030000-asr-001_E27294-000_2024-03-31_01_2024-06-20.xsd#jpcrp030000-asr_E27294-000_NumberOfEmployeesIFRSSummaryOfBusinessResults" xlink:label="jpcrp030000-asr_E27294-000_NumberOfEmployeesIFRSSummaryOfBusinessResults" />
    <link:loc xlink:type="locator" xlink:href="jpcrp030000-asr-001_E27294-000_2024-03-31_01_2024-06-20.xsd#jpcrp030000-asr_E27294-000_OutsideDirectorAuditAndSupervisoryCommitteeMemberMember" xlink:label="jpcrp030000-asr_E27294-000_OutsideDirectorAuditAndSupervisoryCommitteeMemberMember" />
    <link:loc xlink:type="locator" xlink:href="jpcrp030000-asr-001_E27294-000_2024-03-31_01_2024-06-20.xsd#jpcrp030000-asr_E27294-000_OutsideDirectorExcludingAuditAndSupervisoryCommitteeMemberMember" xlink:label="jpcrp030000-asr_E27294-000_OutsideDirectorExcludingAuditAndSupervisoryCommitteeMemberMember" />
    <link:loc xlink:type="locator" xlink:href="jpcrp030000-asr-001_E27294-000_2024-03-31_01_2024-06-20.xsd#jpcrp030000-asr_E27294-000_ProceedsFromLongTermInterestBearingDebtFinCFIFRS" xlink:label="jpcrp030000-asr_E27294-000_ProceedsFromLongTermInterestBearingDebtFinCFIFRS" />
    <link:loc xlink:type="locator" xlink:href="jpcrp030000-asr-001_E27294-000_2024-03-31_01_2024-06-20.xsd#jpcrp030000-asr_E27294-000_ProceedsFromLossOfControlOfSubsidiariesInvCFIFRS" xlink:label="jpcrp030000-asr_E27294-000_ProceedsFromLossOfControlOfSubsidiariesInvCFIFRS" />
    <link:loc xlink:type="locator" xlink:href="jpcrp030000-asr-001_E27294-000_2024-03-31_01_2024-06-20.xsd#jpcrp030000-asr_E27294-000_ProceedsFromRepaymentOfLeaseAndGuaranteeDepositsInvCFIFRS" xlink:label="jpcrp030000-asr_E27294-000_ProceedsFromRepaymentOfLeaseAndGuaranteeDepositsInvCFIFRS" />
    <link:loc xlink:type="locator" xlink:href="jpcrp030000-asr-001_E27294-000_2024-03-31_01_2024-06-20.xsd#jpcrp030000-asr_E27294-000_ProfitLossFromRemeasurementOfResidualInterestInASubsidiaryForWhichControlWasLostOtherExpensesIFRS" xlink:label="jpcrp030000-asr_E27294-000_ProfitLossFromRemeasurementOfResidualInterestInASubsidiaryForWhichControlWasLostOtherExpensesIFRS" />
    <link:loc xlink:type="locator" xlink:href="jpcrp030000-asr-001_E27294-000_2024-03-31_01_2024-06-20.xsd#jpcrp030000-asr_E27294-000_ProvisionOfReservesIFRS" xlink:label="jpcrp030000-asr_E27294-000_ProvisionOfReservesIFRS" />
    <link:loc xlink:type="locator" xlink:href="jpcrp030000-asr-001_E27294-000_2024-03-31_01_2024-06-20.xsd#jpcrp030000-asr_E27294-000_PurchaseOfSharesOfSubsidiariesAndAssociatesInvCFIFRS" xlink:label="jpcrp030000-asr_E27294-000_PurchaseOfSharesOfSubsidiariesAndAssociatesInvCFIFRS" />
    <link:loc xlink:type="locator" xlink:href="jpcrp030000-asr-001_E27294-000_2024-03-31_01_2024-06-20.xsd#jpcrp030000-asr_E27294-000_ReceiptIndemnityOtherIncomeIFRS" xlink:label="jpcrp030000-asr_E27294-000_ReceiptIndemnityOtherIncomeIFRS" />
    <link:loc xlink:type="locator" xlink:href="jpcrp030000-asr-001_E27294-000_2024-03-31_01_2024-06-20.xsd#jpcrp030000-asr_E27294-000_RentalAssetsAccumulatedDepreciationAndImpairmentLossesIFRS" xlink:label="jpcrp030000-asr_E27294-000_RentalAssetsAccumulatedDepreciationAndImpairmentLossesIFRS" />
    <link:loc xlink:type="locator" xlink:href="jpcrp030000-asr-001_E27294-000_2024-03-31_01_2024-06-20.xsd#jpcrp030000-asr_E27294-000_RentalAssetsAcquisitionCostIFRS" xlink:label="jpcrp030000-asr_E27294-000_RentalAssetsAcquisitionCostIFRS" />
    <link:loc xlink:type="locator" xlink:href="jpcrp030000-asr-001_E27294-000_2024-03-31_01_2024-06-20.xsd#jpcrp030000-asr_E27294-000_RentalAssetsIFRS" xlink:label="jpcrp030000-asr_E27294-000_RentalAssetsIFRS" />
    <link:loc xlink:type="locator" xlink:href="jpcrp030000-asr-001_E27294-000_2024-03-31_01_2024-06-20.xsd#jpcrp030000-asr_E27294-000_RepaymentOfLongTermInterestBearingDebtFinCFIFRS" xlink:label="jpcrp030000-asr_E27294-000_RepaymentOfLongTermInterestBearingDebtFinCFIFRS" />
    <link:loc xlink:type="locator" xlink:href="jpcrp030000-asr-001_E27294-000_2024-03-31_01_2024-06-20.xsd#jpcrp030000-asr_E27294-000_SubsidyOpeCFIFRS" xlink:label="jpcrp030000-asr_E27294-000_SubsidyOpeCFIFRS" />
    <link:loc xlink:type="locator" xlink:href="jpcrp030000-asr-001_E27294-000_2024-03-31_01_2024-06-20.xsd#jpcrp030000-asr_E27294-000_SugitaMasaoMember" xlink:label="jpcrp030000-asr_E27294-000_SugitaMasaoMember" />
    <link:loc xlink:type="locator" xlink:href="jpcrp030000-asr-001_E27294-000_2024-03-31_01_2024-06-20.xsd#jpcrp030000-asr_E27294-000_TakahashiKuniyoshiMember" xlink:label="jpcrp030000-asr_E27294-000_TakahashiKuniyoshiMember" />
    <link:loc xlink:type="locator" xlink:href="jpcrp030000-asr-001_E27294-000_2024-03-31_01_2024-06-20.xsd#jpcrp030000-asr_E27294-000_TakeiMichioMember" xlink:label="jpcrp030000-asr_E27294-000_TakeiMichioMember" />
    <link:loc xlink:type="locator" xlink:href="jpcrp030000-asr-001_E27294-000_2024-03-31_01_2024-06-20.xsd#jpcrp030000-asr_E27294-000_UchidaMasayukiMember" xlink:label="jpcrp030000-asr_E27294-000_UchidaMasayukiMember" />
    <link:loc xlink:type="locator" xlink:href="jpcrp030000-asr-001_E27294-000_2024-03-31_01_2024-06-20.xsd#jpcrp030000-asr_E27294-000_WadaHideakiMember" xlink:label="jpcrp030000-asr_E27294-000_WadaHideakiMember" />
    <link:labelArc xlink:type="arc" xlink:from="jpcrp030000-asr_E27294-000_AritaMichioMember" xlink:to="jpcrp030000-asr_E27294-000_AritaMichioMember_label" xlink:arcrole="http://www.xbrl.org/2003/arcrole/concept-label" order="1" />
    <link:labelArc xlink:type="arc" xlink:from="jpcrp030000-asr_E27294-000_AritaMichioMember" xlink:to="jpcrp030000-asr_E27294-000_AritaMichioMember_label_1" xlink:arcrole="http://www.xbrl.org/2003/arcrole/concept-label" order="1" />
    <link:labelArc xlink:type="arc" xlink:from="jpcrp030000-asr_E27294-000_ASharesKeyFinancialData" xlink:to="jpcrp030000-asr_E27294-000_ASharesKeyFinancialData_label" xlink:arcrole="http://www.xbrl.org/2003/arcrole/concept-label" order="1" />
    <link:labelArc xlink:type="arc" xlink:from="jpcrp030000-asr_E27294-000_ASharesKeyFinancialData" xlink:to="jpcrp030000-asr_E27294-000_ASharesKeyFinancialData_label_1" xlink:arcrole="http://www.xbrl.org/2003/arcrole/concept-label" order="1" />
    <link:labelArc xlink:type="arc" xlink:from="jpcrp030000-asr_E27294-000_AverageNumberOfTemporaryWorkersIFRSSummaryOfBusinessResults" xlink:to="jpcrp030000-asr_E27294-000_AverageNumberOfTemporaryWorkersIFRSSummaryOfBusinessResults_label" xlink:arcrole="http://www.xbrl.org/2003/arcrole/concept-label" order="1" />
    <link:labelArc xlink:type="arc" xlink:from="jpcrp030000-asr_E27294-000_AverageNumberOfTemporaryWorkersIFRSSummaryOfBusinessResults" xlink:to="jpcrp030000-asr_E27294-000_AverageNumberOfTemporaryWorkersIFRSSummaryOfBusinessResults_label_1" xlink:arcrole="http://www.xbrl.org/2003/arcrole/concept-label" order="1" />
    <link:labelArc xlink:type="arc" xlink:from="jpcrp030000-asr_E27294-000_ChangesInContractCostsOpeCFIFRS" xlink:to="jpcrp030000-asr_E27294-000_ChangesInContractCostsOpeCFIFRS_label" xlink:arcrole="http://www.xbrl.org/2003/arcrole/concept-label" order="1" />
    <link:labelArc xlink:type="arc" xlink:from="jpcrp030000-asr_E27294-000_ChangesInContractCostsOpeCFIFRS" xlink:to="jpcrp030000-asr_E27294-000_ChangesInContractCostsOpeCFIFRS_label_1" xlink:arcrole="http://www.xbrl.org/2003/arcrole/concept-label" order="1" />
    <link:labelArc xlink:type="arc" xlink:from="jpcrp030000-asr_E27294-000_ChangesInContractCostsOpeCFIFRS" xlink:to="jpcrp030000-asr_E27294-000_ChangesInContractCostsOpeCFIFRS_label_2" xlink:arcrole="http://www.xbrl.org/2003/arcrole/concept-label" order="1" />
    <link:labelArc xlink:type="arc" xlink:from="jpcrp030000-asr_E27294-000_ClassAPreferredSharesSharesWithNoVotingRightsMember" xlink:to="jpcrp030000-asr_E27294-000_ClassAPreferredSharesSharesWithNoVotingRightsMember_label" xlink:arcrole="http://www.xbrl.org/2003/arcrole/concept-label" order="1" />
    <link:labelArc xlink:type="arc" xlink:from="jpcrp030000-asr_E27294-000_ClassAPreferredSharesSharesWithNoVotingRightsMember" xlink:to="jpcrp030000-asr_E27294-000_ClassAPreferredSharesSharesWithNoVotingRightsMember_label_1" xlink:arcrole="http://www.xbrl.org/2003/arcrole/concept-label" order="1" />
    <link:labelArc xlink:type="arc" xlink:from="jpcrp030000-asr_E27294-000_ContractCostAmortizationExpenseIFRS" xlink:to="jpcrp030000-asr_E27294-000_ContractCostAmortizationExpenseIFRS_label" xlink:arcrole="http://www.xbrl.org/2003/arcrole/concept-label" order="1" />
    <link:labelArc xlink:type="arc" xlink:from="jpcrp030000-asr_E27294-000_ContractCostAmortizationExpenseIFRS" xlink:to="jpcrp030000-asr_E27294-000_ContractCostAmortizationExpenseIFRS_label_1" xlink:arcrole="http://www.xbrl.org/2003/arcrole/concept-label" order="1" />
    <link:labelArc xlink:type="arc" xlink:from="jpcrp030000-asr_E27294-000_ContractCostsNCAIFRS" xlink:to="jpcrp030000-asr_E27294-000_ContractCostsNCAIFRS_label_1" xlink:arcrole="http://www.xbrl.org/2003/arcrole/concept-label" order="1" />
    <link:labelArc xlink:type="arc" xlink:from="jpcrp030000-asr_E27294-000_ContractCostsNCAIFRS" xlink:to="jpcrp030000-asr_E27294-000_ContractCostsNCAIFRS_label" xlink:arcrole="http://www.xbrl.org/2003/arcrole/concept-label" order="1" />
    <link:labelArc xlink:type="arc" xlink:from="jpcrp030000-asr_E27294-000_EmployeeAndDirectorBenefitsExpenseOperatingExpensesIFRS" xlink:to="jpcrp030000-asr_E27294-000_EmployeeAndDirectorBenefitsExpenseOperatingExpensesIFRS_label" xlink:arcrole="http://www.xbrl.org/2003/arcrole/concept-label" order="1" />
    <link:labelArc xlink:type="arc" xlink:from="jpcrp030000-asr_E27294-000_EmployeeAndDirectorBenefitsExpenseOperatingExpensesIFRS" xlink:to="jpcrp030000-asr_E27294-000_EmployeeAndDirectorBenefitsExpenseOperatingExpensesIFRS_label_1" xlink:arcrole="http://www.xbrl.org/2003/arcrole/concept-label" order="1" />
    <link:labelArc xlink:type="arc" xlink:from="jpcrp030000-asr_E27294-000_FuruyaKeigoMember" xlink:to="jpcrp030000-asr_E27294-000_FuruyaKeigoMember_label" xlink:arcrole="http://www.xbrl.org/2003/arcrole/concept-label" order="1" />
    <link:labelArc xlink:type="arc" xlink:from="jpcrp030000-asr_E27294-000_FuruyaKeigoMember" xlink:to="jpcrp030000-asr_E27294-000_FuruyaKeigoMember_label_1" xlink:arcrole="http://www.xbrl.org/2003/arcrole/concept-label" order="1" />
    <link:labelArc xlink:type="arc" xlink:from="jpcrp030000-asr_E27294-000_GainOnBadDebtsRecoveredOpeCFIFRS" xlink:to="jpcrp030000-asr_E27294-000_GainOnBadDebtsRecoveredOpeCFIFRS_label" xlink:arcrole="http://www.xbrl.org/2003/arcrole/concept-label" order="1" />
    <link:labelArc xlink:type="arc" xlink:from="jpcrp030000-asr_E27294-000_GainOnBadDebtsRecoveredOpeCFIFRS" xlink:to="jpcrp030000-asr_E27294-000_GainOnBadDebtsRecoveredOpeCFIFRS_label_1" xlink:arcrole="http://www.xbrl.org/2003/arcrole/concept-label" order="1" />
    <link:labelArc xlink:type="arc" xlink:from="jpcrp030000-asr_E27294-000_GainRelatingToLossOfControlOverSubsidiariesOpeCFIFRS" xlink:to="jpcrp030000-asr_E27294-000_GainRelatingToLossOfControlOverSubsidiariesOpeCFIFRS_label" xlink:arcrole="http://www.xbrl.org/2003/arcrole/concept-label" order="1" />
    <link:labelArc xlink:type="arc" xlink:from="jpcrp030000-asr_E27294-000_GainRelatingToLossOfControlOverSubsidiariesOpeCFIFRS" xlink:to="jpcrp030000-asr_E27294-000_GainRelatingToLossOfControlOverSubsidiariesOpeCFIFRS_label_1" xlink:arcrole="http://www.xbrl.org/2003/arcrole/concept-label" order="1" />
    <link:labelArc xlink:type="arc" xlink:from="jpcrp030000-asr_E27294-000_GoodsAndProductsFreightageIFRS" xlink:to="jpcrp030000-asr_E27294-000_GoodsAndProductsFreightageIFRS_label" xlink:arcrole="http://www.xbrl.org/2003/arcrole/concept-label" order="1" />
    <link:labelArc xlink:type="arc" xlink:from="jpcrp030000-asr_E27294-000_GoodsAndProductsFreightageIFRS" xlink:to="jpcrp030000-asr_E27294-000_GoodsAndProductsFreightageIFRS_label_1" xlink:arcrole="http://www.xbrl.org/2003/arcrole/concept-label" order="1" />
    <link:labelArc xlink:type="arc" xlink:from="jpcrp030000-asr_E27294-000_HagioYoheiMember" xlink:to="jpcrp030000-asr_E27294-000_HagioYoheiMember_label" xlink:arcrole="http://www.xbrl.org/2003/arcrole/concept-label" order="1" />
    <link:labelArc xlink:type="arc" xlink:from="jpcrp030000-asr_E27294-000_HagioYoheiMember" xlink:to="jpcrp030000-asr_E27294-000_HagioYoheiMember_label_1" xlink:arcrole="http://www.xbrl.org/2003/arcrole/concept-label" order="1" />
    <link:labelArc xlink:type="arc" xlink:from="jpcrp030000-asr_E27294-000_ImaizumiTakahiroMember" xlink:to="jpcrp030000-asr_E27294-000_ImaizumiTakahiroMember_label_1" xlink:arcrole="http://www.xbrl.org/2003/arcrole/concept-label" order="1" />
    <link:labelArc xlink:type="arc" xlink:from="jpcrp030000-asr_E27294-000_ImaizumiTakahiroMember" xlink:to="jpcrp030000-asr_E27294-000_ImaizumiTakahiroMember_label" xlink:arcrole="http://www.xbrl.org/2003/arcrole/concept-label" order="1" />
    <link:labelArc xlink:type="arc" xlink:from="jpcrp030000-asr_E27294-000_InterimDividendPaidPerShareClassAPreferredStockSummaryOfBusinessResults" xlink:to="jpcrp030000-asr_E27294-000_InterimDividendPaidPerShareClassAPreferredStockSummaryOfBusinessResults_label" xlink:arcrole="http://www.xbrl.org/2003/arcrole/concept-label" order="1" />
    <link:labelArc xlink:type="arc" xlink:from="jpcrp030000-asr_E27294-000_InterimDividendPaidPerShareClassAPreferredStockSummaryOfBusinessResults" xlink:to="jpcrp030000-asr_E27294-000_InterimDividendPaidPerShareClassAPreferredStockSummaryOfBusinessResults_label_1" xlink:arcrole="http://www.xbrl.org/2003/arcrole/concept-label" order="1" />
    <link:labelArc xlink:type="arc" xlink:from="jpcrp030000-asr_E27294-000_KanemotoAkihikoMember" xlink:to="jpcrp030000-asr_E27294-000_KanemotoAkihikoMember_label" xlink:arcrole="http://www.xbrl.org/2003/arcrole/concept-label" order="1" />
    <link:labelArc xlink:type="arc" xlink:from="jpcrp030000-asr_E27294-000_KanemotoAkihikoMember" xlink:to="jpcrp030000-asr_E27294-000_KanemotoAkihikoMember_label_1" xlink:arcrole="http://www.xbrl.org/2003/arcrole/concept-label" order="1" />
    <link:labelArc xlink:type="arc" xlink:from="jpcrp030000-asr_E27294-000_KatoTsugioMember" xlink:to="jpcrp030000-asr_E27294-000_KatoTsugioMember_label" xlink:arcrole="http://www.xbrl.org/2003/arcrole/concept-label" order="1" />
    <link:labelArc xlink:type="arc" xlink:from="jpcrp030000-asr_E27294-000_KatoTsugioMember" xlink:to="jpcrp030000-asr_E27294-000_KatoTsugioMember_label_1" xlink:arcrole="http://www.xbrl.org/2003/arcrole/concept-label" order="1" />
    <link:labelArc xlink:type="arc" xlink:from="jpcrp030000-asr_E27294-000_KawaharaNatsukoMember" xlink:to="jpcrp030000-asr_E27294-000_KawaharaNatsukoMember_label" xlink:arcrole="http://www.xbrl.org/2003/arcrole/concept-label" order="1" />
    <link:labelArc xlink:type="arc" xlink:from="jpcrp030000-asr_E27294-000_KawaharaNatsukoMember" xlink:to="jpcrp030000-asr_E27294-000_KawaharaNatsukoMember_label_1" xlink:arcrole="http://www.xbrl.org/2003/arcrole/concept-label" order="1" />
    <link:labelArc xlink:type="arc" xlink:from="jpcrp030000-asr_E27294-000_KoizumiMariMember" xlink:to="jpcrp030000-asr_E27294-000_KoizumiMariMember_label" xlink:arcrole="http://www.xbrl.org/2003/arcrole/concept-label" order="1" />
    <link:labelArc xlink:type="arc" xlink:from="jpcrp030000-asr_E27294-000_KoizumiMariMember" xlink:to="jpcrp030000-asr_E27294-000_KoizumiMariMember_label_1" xlink:arcrole="http://www.xbrl.org/2003/arcrole/concept-label" order="1" />
    <link:labelArc xlink:type="arc" xlink:from="jpcrp030000-asr_E27294-000_MatsunagaKoichiMember" xlink:to="jpcrp030000-asr_E27294-000_MatsunagaKoichiMember_label" xlink:arcrole="http://www.xbrl.org/2003/arcrole/concept-label" order="1" />
    <link:labelArc xlink:type="arc" xlink:from="jpcrp030000-asr_E27294-000_MatsunagaKoichiMember" xlink:to="jpcrp030000-asr_E27294-000_MatsunagaKoichiMember_label_1" xlink:arcrole="http://www.xbrl.org/2003/arcrole/concept-label" order="1" />
    <link:labelArc xlink:type="arc" xlink:from="jpcrp030000-asr_E27294-000_MuraguchiKazutakaMember" xlink:to="jpcrp030000-asr_E27294-000_MuraguchiKazutakaMember_label_1" xlink:arcrole="http://www.xbrl.org/2003/arcrole/concept-label" order="1" />
    <link:labelArc xlink:type="arc" xlink:from="jpcrp030000-asr_E27294-000_MuraguchiKazutakaMember" xlink:to="jpcrp030000-asr_E27294-000_MuraguchiKazutakaMember_label" xlink:arcrole="http://www.xbrl.org/2003/arcrole/concept-label" order="1" />
    <link:labelArc xlink:type="arc" xlink:from="jpcrp030000-asr_E27294-000_NaganoHideakiMember" xlink:to="jpcrp030000-asr_E27294-000_NaganoHideakiMember_label" xlink:arcrole="http://www.xbrl.org/2003/arcrole/concept-label" order="1" />
    <link:labelArc xlink:type="arc" xlink:from="jpcrp030000-asr_E27294-000_NaganoHideakiMember" xlink:to="jpcrp030000-asr_E27294-000_NaganoHideakiMember_label_1" xlink:arcrole="http://www.xbrl.org/2003/arcrole/concept-label" order="1" />
    <link:labelArc xlink:type="arc" xlink:from="jpcrp030000-asr_E27294-000_NotesRegardingFinancialCovenantClausesTextBlock" xlink:to="jpcrp030000-asr_E27294-000_NotesRegardingFinancialCovenantClausesTextBlock_label" xlink:arcrole="http://www.xbrl.org/2003/arcrole/concept-label" order="1" />
    <link:labelArc xlink:type="arc" xlink:from="jpcrp030000-asr_E27294-000_NotesRegardingFinancialCovenantClausesTextBlock" xlink:to="jpcrp030000-asr_E27294-000_NotesRegardingFinancialCovenantClausesTextBlock_label_1" xlink:arcrole="http://www.xbrl.org/2003/arcrole/concept-label" order="1" />
    <link:labelArc xlink:type="arc" xlink:from="jpcrp030000-asr_E27294-000_NotesRegardingGainOnSalesOfInvestmentSecuritiesTextBlock" xlink:to="jpcrp030000-asr_E27294-000_NotesRegardingGainOnSalesOfInvestmentSecuritiesTextBlock_label" xlink:arcrole="http://www.xbrl.org/2003/arcrole/concept-label" order="1" />
    <link:labelArc xlink:type="arc" xlink:from="jpcrp030000-asr_E27294-000_NotesRegardingGainOnSalesOfInvestmentSecuritiesTextBlock" xlink:to="jpcrp030000-asr_E27294-000_NotesRegardingGainOnSalesOfInvestmentSecuritiesTextBlock_label_1" xlink:arcrole="http://www.xbrl.org/2003/arcrole/concept-label" order="1" />
    <link:labelArc xlink:type="arc" xlink:from="jpcrp030000-asr_E27294-000_NotesRegardingGainOnSalesOfSharesOfSubsidiariesTextBlock" xlink:to="jpcrp030000-asr_E27294-000_NotesRegardingGainOnSalesOfSharesOfSubsidiariesTextBlock_label" xlink:arcrole="http://www.xbrl.org/2003/arcrole/concept-label" order="1" />
    <link:labelArc xlink:type="arc" xlink:from="jpcrp030000-asr_E27294-000_NotesRegardingGainOnSalesOfSharesOfSubsidiariesTextBlock" xlink:to="jpcrp030000-asr_E27294-000_NotesRegardingGainOnSalesOfSharesOfSubsidiariesTextBlock_label_1" xlink:arcrole="http://www.xbrl.org/2003/arcrole/concept-label" order="1" />
    <link:labelArc xlink:type="arc" xlink:from="jpcrp030000-asr_E27294-000_NotesRegardingLossOnSaleOfSharesOfSubsidiarieTextBlock" xlink:to="jpcrp030000-asr_E27294-000_NotesRegardingLossOnSaleOfSharesOfSubsidiarieTextBlock_label" xlink:arcrole="http://www.xbrl.org/2003/arcrole/concept-label" order="1" />
    <link:labelArc xlink:type="arc" xlink:from="jpcrp030000-asr_E27294-000_NotesRegardingLossOnSaleOfSharesOfSubsidiarieTextBlock" xlink:to="jpcrp030000-asr_E27294-000_NotesRegardingLossOnSaleOfSharesOfSubsidiarieTextBlock_label_1" xlink:arcrole="http://www.xbrl.org/2003/arcrole/concept-label" order="1" />
    <link:labelArc xlink:type="arc" xlink:from="jpcrp030000-asr_E27294-000_NumberOfEmployeesIFRSSummaryOfBusinessResults" xlink:to="jpcrp030000-asr_E27294-000_NumberOfEmployeesIFRSSummaryOfBusinessResults_label" xlink:arcrole="http://www.xbrl.org/2003/arcrole/concept-label" order="1" />
    <link:labelArc xlink:type="arc" xlink:from="jpcrp030000-asr_E27294-000_NumberOfEmployeesIFRSSummaryOfBusinessResults" xlink:to="jpcrp030000-asr_E27294-000_NumberOfEmployeesIFRSSummaryOfBusinessResults_label_1" xlink:arcrole="http://www.xbrl.org/2003/arcrole/concept-label" order="1" />
    <link:labelArc xlink:type="arc" xlink:from="jpcrp030000-asr_E27294-000_OutsideDirectorAuditAndSupervisoryCommitteeMemberMember" xlink:to="jpcrp030000-asr_E27294-000_OutsideDirectorAuditAndSupervisoryCommitteeMemberMember_label_1" xlink:arcrole="http://www.xbrl.org/2003/arcrole/concept-label" order="1" />
    <link:labelArc xlink:type="arc" xlink:from="jpcrp030000-asr_E27294-000_OutsideDirectorAuditAndSupervisoryCommitteeMemberMember" xlink:to="jpcrp030000-asr_E27294-000_OutsideDirectorAuditAndSupervisoryCommitteeMemberMember_label" xlink:arcrole="http://www.xbrl.org/2003/arcrole/concept-label" order="1" />
    <link:labelArc xlink:type="arc" xlink:from="jpcrp030000-asr_E27294-000_OutsideDirectorExcludingAuditAndSupervisoryCommitteeMemberMember" xlink:to="jpcrp030000-asr_E27294-000_OutsideDirectorExcludingAuditAndSupervisoryCommitteeMemberMember_label" xlink:arcrole="http://www.xbrl.org/2003/arcrole/concept-label" order="1" />
    <link:labelArc xlink:type="arc" xlink:from="jpcrp030000-asr_E27294-000_OutsideDirectorExcludingAuditAndSupervisoryCommitteeMemberMember" xlink:to="jpcrp030000-asr_E27294-000_OutsideDirectorExcludingAuditAndSupervisoryCommitteeMemberMember_label_1" xlink:arcrole="http://www.xbrl.org/2003/arcrole/concept-label" order="1" />
    <link:labelArc xlink:type="arc" xlink:from="jpcrp030000-asr_E27294-000_ProceedsFromLongTermInterestBearingDebtFinCFIFRS" xlink:to="jpcrp030000-asr_E27294-000_ProceedsFromLongTermInterestBearingDebtFinCFIFRS_label" xlink:arcrole="http://www.xbrl.org/2003/arcrole/concept-label" order="1" />
    <link:labelArc xlink:type="arc" xlink:from="jpcrp030000-asr_E27294-000_ProceedsFromLongTermInterestBearingDebtFinCFIFRS" xlink:to="jpcrp030000-asr_E27294-000_ProceedsFromLongTermInterestBearingDebtFinCFIFRS_label_1" xlink:arcrole="http://www.xbrl.org/2003/arcrole/concept-label" order="1" />
    <link:labelArc xlink:type="arc" xlink:from="jpcrp030000-asr_E27294-000_ProceedsFromLossOfControlOfSubsidiariesInvCFIFRS" xlink:to="jpcrp030000-asr_E27294-000_ProceedsFromLossOfControlOfSubsidiariesInvCFIFRS_label" xlink:arcrole="http://www.xbrl.org/2003/arcrole/concept-label" order="1" />
    <link:labelArc xlink:type="arc" xlink:from="jpcrp030000-asr_E27294-000_ProceedsFromLossOfControlOfSubsidiariesInvCFIFRS" xlink:to="jpcrp030000-asr_E27294-000_ProceedsFromLossOfControlOfSubsidiariesInvCFIFRS_label_1" xlink:arcrole="http://www.xbrl.org/2003/arcrole/concept-label" order="1" />
    <link:labelArc xlink:type="arc" xlink:from="jpcrp030000-asr_E27294-000_ProceedsFromRepaymentOfLeaseAndGuaranteeDepositsInvCFIFRS" xlink:to="jpcrp030000-asr_E27294-000_ProceedsFromRepaymentOfLeaseAndGuaranteeDepositsInvCFIFRS_label" xlink:arcrole="http://www.xbrl.org/2003/arcrole/concept-label" order="1" />
    <link:labelArc xlink:type="arc" xlink:from="jpcrp030000-asr_E27294-000_ProceedsFromRepaymentOfLeaseAndGuaranteeDepositsInvCFIFRS" xlink:to="jpcrp030000-asr_E27294-000_ProceedsFromRepaymentOfLeaseAndGuaranteeDepositsInvCFIFRS_label_1" xlink:arcrole="http://www.xbrl.org/2003/arcrole/concept-label" order="1" />
    <link:labelArc xlink:type="arc" xlink:from="jpcrp030000-asr_E27294-000_ProfitLossFromRemeasurementOfResidualInterestInASubsidiaryForWhichControlWasLostOtherExpensesIFRS" xlink:to="jpcrp030000-asr_E27294-000_ProfitLossFromRemeasurementOfResidualInterestInASubsidiaryForWhichControlWasLostOtherExpensesIFRS_label" xlink:arcrole="http://www.xbrl.org/2003/arcrole/concept-label" order="1" />
    <link:labelArc xlink:type="arc" xlink:from="jpcrp030000-asr_E27294-000_ProfitLossFromRemeasurementOfResidualInterestInASubsidiaryForWhichControlWasLostOtherExpensesIFRS" xlink:to="jpcrp030000-asr_E27294-000_ProfitLossFromRemeasurementOfResidualInterestInASubsidiaryForWhichControlWasLostOtherExpensesIFRS_label_1" xlink:arcrole="http://www.xbrl.org/2003/arcrole/concept-label" order="1" />
    <link:labelArc xlink:type="arc" xlink:from="jpcrp030000-asr_E27294-000_ProvisionOfReservesIFRS" xlink:to="jpcrp030000-asr_E27294-000_ProvisionOfReservesIFRS_label" xlink:arcrole="http://www.xbrl.org/2003/arcrole/concept-label" order="1" />
    <link:labelArc xlink:type="arc" xlink:from="jpcrp030000-asr_E27294-000_ProvisionOfReservesIFRS" xlink:to="jpcrp030000-asr_E27294-000_ProvisionOfReservesIFRS_label_1" xlink:arcrole="http://www.xbrl.org/2003/arcrole/concept-label" order="1" />
    <link:labelArc xlink:type="arc" xlink:from="jpcrp030000-asr_E27294-000_PurchaseOfSharesOfSubsidiariesAndAssociatesInvCFIFRS" xlink:to="jpcrp030000-asr_E27294-000_PurchaseOfSharesOfSubsidiariesAndAssociatesInvCFIFRS_label_1" xlink:arcrole="http://www.xbrl.org/2003/arcrole/concept-label" order="1" />
    <link:labelArc xlink:type="arc" xlink:from="jpcrp030000-asr_E27294-000_PurchaseOfSharesOfSubsidiariesAndAssociatesInvCFIFRS" xlink:to="jpcrp030000-asr_E27294-000_PurchaseOfSharesOfSubsidiariesAndAssociatesInvCFIFRS_label" xlink:arcrole="http://www.xbrl.org/2003/arcrole/concept-label" order="1" />
    <link:labelArc xlink:type="arc" xlink:from="jpcrp030000-asr_E27294-000_ReceiptIndemnityOtherIncomeIFRS" xlink:to="jpcrp030000-asr_E27294-000_ReceiptIndemnityOtherIncomeIFRS_label" xlink:arcrole="http://www.xbrl.org/2003/arcrole/concept-label" order="1" />
    <link:labelArc xlink:type="arc" xlink:from="jpcrp030000-asr_E27294-000_ReceiptIndemnityOtherIncomeIFRS" xlink:to="jpcrp030000-asr_E27294-000_ReceiptIndemnityOtherIncomeIFRS_label_1" xlink:arcrole="http://www.xbrl.org/2003/arcrole/concept-label" order="1" />
    <link:labelArc xlink:type="arc" xlink:from="jpcrp030000-asr_E27294-000_RentalAssetsAccumulatedDepreciationAndImpairmentLossesIFRS" xlink:to="jpcrp030000-asr_E27294-000_RentalAssetsAccumulatedDepreciationAndImpairmentLossesIFRS_label" xlink:arcrole="http://www.xbrl.org/2003/arcrole/concept-label" order="1" />
    <link:labelArc xlink:type="arc" xlink:from="jpcrp030000-asr_E27294-000_RentalAssetsAccumulatedDepreciationAndImpairmentLossesIFRS" xlink:to="jpcrp030000-asr_E27294-000_RentalAssetsAccumulatedDepreciationAndImpairmentLossesIFRS_label_1" xlink:arcrole="http://www.xbrl.org/2003/arcrole/concept-label" order="1" />
    <link:labelArc xlink:type="arc" xlink:from="jpcrp030000-asr_E27294-000_RentalAssetsAcquisitionCostIFRS" xlink:to="jpcrp030000-asr_E27294-000_RentalAssetsAcquisitionCostIFRS_label" xlink:arcrole="http://www.xbrl.org/2003/arcrole/concept-label" order="1" />
    <link:labelArc xlink:type="arc" xlink:from="jpcrp030000-asr_E27294-000_RentalAssetsAcquisitionCostIFRS" xlink:to="jpcrp030000-asr_E27294-000_RentalAssetsAcquisitionCostIFRS_label_1" xlink:arcrole="http://www.xbrl.org/2003/arcrole/concept-label" order="1" />
    <link:labelArc xlink:type="arc" xlink:from="jpcrp030000-asr_E27294-000_RentalAssetsIFRS" xlink:to="jpcrp030000-asr_E27294-000_RentalAssetsIFRS_label" xlink:arcrole="http://www.xbrl.org/2003/arcrole/concept-label" order="1" />
    <link:labelArc xlink:type="arc" xlink:from="jpcrp030000-asr_E27294-000_RentalAssetsIFRS" xlink:to="jpcrp030000-asr_E27294-000_RentalAssetsIFRS_label_1" xlink:arcrole="http://www.xbrl.org/2003/arcrole/concept-label" order="1" />
    <link:labelArc xlink:type="arc" xlink:from="jpcrp030000-asr_E27294-000_RepaymentOfLongTermInterestBearingDebtFinCFIFRS" xlink:to="jpcrp030000-asr_E27294-000_RepaymentOfLongTermInterestBearingDebtFinCFIFRS_label" xlink:arcrole="http://www.xbrl.org/2003/arcrole/concept-label" order="1" />
    <link:labelArc xlink:type="arc" xlink:from="jpcrp030000-asr_E27294-000_RepaymentOfLongTermInterestBearingDebtFinCFIFRS" xlink:to="jpcrp030000-asr_E27294-000_RepaymentOfLongTermInterestBearingDebtFinCFIFRS_label_1" xlink:arcrole="http://www.xbrl.org/2003/arcrole/concept-label" order="1" />
    <link:labelArc xlink:type="arc" xlink:from="jpcrp030000-asr_E27294-000_SubsidyOpeCFIFRS" xlink:to="jpcrp030000-asr_E27294-000_SubsidyOpeCFIFRS_label" xlink:arcrole="http://www.xbrl.org/2003/arcrole/concept-label" order="1" />
    <link:labelArc xlink:type="arc" xlink:from="jpcrp030000-asr_E27294-000_SubsidyOpeCFIFRS" xlink:to="jpcrp030000-asr_E27294-000_SubsidyOpeCFIFRS_label_1" xlink:arcrole="http://www.xbrl.org/2003/arcrole/concept-label" order="1" />
    <link:labelArc xlink:type="arc" xlink:from="jpcrp030000-asr_E27294-000_SugitaMasaoMember" xlink:to="jpcrp030000-asr_E27294-000_SugitaMasaoMember_label_1" xlink:arcrole="http://www.xbrl.org/2003/arcrole/concept-label" order="1" />
    <link:labelArc xlink:type="arc" xlink:from="jpcrp030000-asr_E27294-000_SugitaMasaoMember" xlink:to="jpcrp030000-asr_E27294-000_SugitaMasaoMember_label" xlink:arcrole="http://www.xbrl.org/2003/arcrole/concept-label" order="1" />
    <link:labelArc xlink:type="arc" xlink:from="jpcrp030000-asr_E27294-000_TakahashiKuniyoshiMember" xlink:to="jpcrp030000-asr_E27294-000_TakahashiKuniyoshiMember_label" xlink:arcrole="http://www.xbrl.org/2003/arcrole/concept-label" order="1" />
    <link:labelArc xlink:type="arc" xlink:from="jpcrp030000-asr_E27294-000_TakahashiKuniyoshiMember" xlink:to="jpcrp030000-asr_E27294-000_TakahashiKuniyoshiMember_label_1" xlink:arcrole="http://www.xbrl.org/2003/arcrole/concept-label" order="1" />
    <link:labelArc xlink:type="arc" xlink:from="jpcrp030000-asr_E27294-000_TakeiMichioMember" xlink:to="jpcrp030000-asr_E27294-000_TakeiMichioMember_label" xlink:arcrole="http://www.xbrl.org/2003/arcrole/concept-label" order="1" />
    <link:labelArc xlink:type="arc" xlink:from="jpcrp030000-asr_E27294-000_TakeiMichioMember" xlink:to="jpcrp030000-asr_E27294-000_TakeiMichioMember_label_1" xlink:arcrole="http://www.xbrl.org/2003/arcrole/concept-label" order="1" />
    <link:labelArc xlink:type="arc" xlink:from="jpcrp030000-asr_E27294-000_UchidaMasayukiMember" xlink:to="jpcrp030000-asr_E27294-000_UchidaMasayukiMember_label" xlink:arcrole="http://www.xbrl.org/2003/arcrole/concept-label" order="1" />
    <link:labelArc xlink:type="arc" xlink:from="jpcrp030000-asr_E27294-000_UchidaMasayukiMember" xlink:to="jpcrp030000-asr_E27294-000_UchidaMasayukiMember_label_1" xlink:arcrole="http://www.xbrl.org/2003/arcrole/concept-label" order="1" />
    <link:labelArc xlink:type="arc" xlink:from="jpcrp030000-asr_E27294-000_WadaHideakiMember" xlink:to="jpcrp030000-asr_E27294-000_WadaHideakiMember_label" xlink:arcrole="http://www.xbrl.org/2003/arcrole/concept-label" order="1" />
    <link:labelArc xlink:type="arc" xlink:from="jpcrp030000-asr_E27294-000_WadaHideakiMember" xlink:to="jpcrp030000-asr_E27294-000_WadaHideakiMember_label_1" xlink:arcrole="http://www.xbrl.org/2003/arcrole/concept-label" order="1" />
    <link:labelArc xlink:type="arc" xlink:from="jpigp_cor_BasicEarningsLossPerShareIFRS" xlink:to="jpigp_cor_BasicEarningsLossPerShareIFRS_label" xlink:arcrole="http://www.xbrl.org/2003/arcrole/concept-label" order="1" />
    <link:labelArc xlink:type="arc" xlink:from="jpigp_cor_CashAndCashEquivalentsIFRS" xlink:to="jpigp_cor_CashAndCashEquivalentsIFRS_label" xlink:arcrole="http://www.xbrl.org/2003/arcrole/concept-label" order="1" />
    <link:labelArc xlink:type="arc" xlink:from="jpigp_cor_ComprehensiveIncomeIFRS" xlink:to="jpigp_cor_ComprehensiveIncomeIFRS_label" xlink:arcrole="http://www.xbrl.org/2003/arcrole/concept-label" order="1" />
    <link:labelArc xlink:type="arc" xlink:from="jpigp_cor_DecreaseIncreaseInInventoriesOpeCFIFRS" xlink:to="jpigp_cor_DecreaseIncreaseInInventoriesOpeCFIFRS_label" xlink:arcrole="http://www.xbrl.org/2003/arcrole/concept-label" order="1" />
    <link:labelArc xlink:type="arc" xlink:from="jpigp_cor_DecreaseIncreaseInTradeAndOtherReceivablesOpeCFIFRS" xlink:to="jpigp_cor_DecreaseIncreaseInTradeAndOtherReceivablesOpeCFIFRS_label" xlink:arcrole="http://www.xbrl.org/2003/arcrole/concept-label" order="1" />
    <link:labelArc xlink:type="arc" xlink:from="jpigp_cor_DilutedEarningsLossPerShareIFRS" xlink:to="jpigp_cor_DilutedEarningsLossPerShareIFRS_label" xlink:arcrole="http://www.xbrl.org/2003/arcrole/concept-label" order="1" />
    <link:labelArc xlink:type="arc" xlink:from="jpigp_cor_EarningsLossPerShareIFRSAbstract" xlink:to="jpigp_cor_EarningsLossPerShareIFRSAbstract_label" xlink:arcrole="http://www.xbrl.org/2003/arcrole/concept-label" order="1" />
    <link:labelArc xlink:type="arc" xlink:from="jpigp_cor_EquityIFRSMember" xlink:to="jpigp_cor_EquityIFRSMember_label" xlink:arcrole="http://www.xbrl.org/2003/arcrole/concept-label" order="1" />
    <link:labelArc xlink:type="arc" xlink:from="jpigp_cor_EquityIFRSMember" xlink:to="label_EquityIFRSMember_4" xlink:arcrole="http://www.xbrl.org/2003/arcrole/concept-label" use="prohibited" priority="1" order="1" />
    <link:labelArc xlink:type="arc" xlink:from="jpigp_cor_ExerciseOfShareAcquisitionRightsSSIFRS" xlink:to="jpigp_cor_ExerciseOfShareAcquisitionRightsSSIFRS_label" xlink:arcrole="http://www.xbrl.org/2003/arcrole/concept-label" order="1" />
    <link:labelArc xlink:type="arc" xlink:from="jpigp_cor_IncomeTaxesRefundPaidOpeCFIFRS" xlink:to="jpigp_cor_IncomeTaxesRefundPaidOpeCFIFRS_label" xlink:arcrole="http://www.xbrl.org/2003/arcrole/concept-label" order="1" />
    <link:labelArc xlink:type="arc" xlink:from="jpigp_cor_IncreaseDecreaseInTradeAndOtherPayablesOpeCFIFRS" xlink:to="jpigp_cor_IncreaseDecreaseInTradeAndOtherPayablesOpeCFIFRS_label" xlink:arcrole="http://www.xbrl.org/2003/arcrole/concept-label" order="1" />
    <link:labelArc xlink:type="arc" xlink:from="jpigp_cor_NetChangeInFairValueOfEquityInstrumentsDesignatedAsMeasuredAtFairValueThroughOtherComprehensiveIncomeNetOfTaxItemsThatWillNotBeReclassifiedToProfitOrLossOCIIFRS" xlink:to="label_NetChangeInFairValueOfEquityInstrumentsDesignatedAsMeasuredAtFairValueThroughOtherComprehensiveIncomeNetOfTaxItemsThatWillNotBeReclassifiedToProfitOrLossOCIIFRS_3" xlink:arcrole="http://www.xbrl.org/2003/arcrole/concept-label" use="prohibited" priority="1" order="1" />
    <link:labelArc xlink:type="arc" xlink:from="jpigp_cor_NetChangeInFairValueOfEquityInstrumentsDesignatedAsMeasuredAtFairValueThroughOtherComprehensiveIncomeNetOfTaxItemsThatWillNotBeReclassifiedToProfitOrLossOCIIFRS" xlink:to="jpigp_cor_NetChangeInFairValueOfEquityInstrumentsDesignatedAsMeasuredAtFairValueThroughOtherComprehensiveIncomeNetOfTaxItemsThatWillNotBeReclassifiedToProfitOrLossOCIIFRS_label" xlink:arcrole="http://www.xbrl.org/2003/arcrole/concept-label" order="1" />
    <link:labelArc xlink:type="arc" xlink:from="jpigp_cor_ProceedsFromExerciseOfShareAcquisitionRightsFinCFIFRS" xlink:to="jpigp_cor_ProceedsFromExerciseOfShareAcquisitionRightsFinCFIFRS_label" xlink:arcrole="http://www.xbrl.org/2003/arcrole/concept-label" order="1" />
    <link:labelArc xlink:type="arc" xlink:from="jpigp_cor_ProfitLossAttributableToIFRSAbstract" xlink:to="jpigp_cor_ProfitLossAttributableToIFRSAbstract_label" xlink:arcrole="http://www.xbrl.org/2003/arcrole/concept-label" order="1" />
    <link:labelArc xlink:type="arc" xlink:from="jpigp_cor_ProfitLossIFRS" xlink:to="jpigp_cor_ProfitLossIFRS_label" xlink:arcrole="http://www.xbrl.org/2003/arcrole/concept-label" order="1" />
    <link:labelArc xlink:type="arc" xlink:from="jpigp_cor_ProfitLossIFRS" xlink:to="jpigp_cor_ProfitLossIFRS_label_1" xlink:arcrole="http://www.xbrl.org/2003/arcrole/concept-label" order="1" />
    <link:labelArc xlink:type="arc" xlink:from="jpigp_cor_ShareOfProfitLossOfInvestmentsAccountedForUsingEquityMethodIFRS" xlink:to="jpigp_cor_ShareOfProfitLossOfInvestmentsAccountedForUsingEquityMethodIFRS_label" xlink:arcrole="http://www.xbrl.org/2003/arcrole/concept-label" order="1" />
    <link:labelArc xlink:type="arc" xlink:from="jpigp_cor_TotalTransactionsWithOwnersIFRS" xlink:to="jpigp_cor_TotalTransactionsWithOwnersIFRS_label" xlink:arcrole="http://www.xbrl.org/2003/arcrole/concept-label" order="1" />
    <link:labelArc xlink:type="arc" xlink:from="jpigp_cor_TransactionsWithOwnersIFRSAbstract" xlink:to="jpigp_cor_TransactionsWithOwnersIFRSAbstract_label" xlink:arcrole="http://www.xbrl.org/2003/arcrole/concept-label" order="1" />
  </link:labelLink>
</link:linkbase>