<?xml version="1.0" encoding="utf-8"?>
<!-- Generated by PRONEXUS WORKS -->
<link:linkbase xmlns:link="http://www.xbrl.org/2003/linkbase" xmlns:xsi="http://www.w3.org/2001/XMLSchema-instance" xmlns:xbrli="http://www.xbrl.org/2003/instance" xmlns:xlink="http://www.w3.org/1999/xlink">
  <link:labelLink xlink:type="extended" xlink:role="http://www.xbrl.org/2003/role/link">
    <link:loc xlink:type="locator" xlink:href="jpcrp030000-asr-001_E00389-000_2024-03-31_01_2024-06-24.xsd#jpcrp030000-asr_E00389-000_RefundLiabilitiesCL" xlink:label="RefundLiabilitiesCL" />
    <link:loc xlink:type="locator" xlink:href="jpcrp030000-asr-001_E00389-000_2024-03-31_01_2024-06-24.xsd#jpcrp030000-asr_E00389-000_IncreaseDecreaseInRefundLiabilityOtherOpeCF" xlink:label="IncreaseDecreaseInRefundLiabilityOtherOpeCF" />
    <link:loc xlink:type="locator" xlink:href="jpcrp030000-asr-001_E00389-000_2024-03-31_01_2024-06-24.xsd#jpcrp030000-asr_E00389-000_BreakdownOfNetSalesTextBlock" xlink:label="BreakdownOfNetSalesTextBlock" />
    <link:loc xlink:type="locator" xlink:href="jpcrp030000-asr-001_E00389-000_2024-03-31_01_2024-06-24.xsd#jpcrp030000-asr_E00389-000_KoikeTakashiMember" xlink:label="KoikeTakashiMember" />
    <link:loc xlink:type="locator" xlink:href="jpcrp030000-asr-001_E00389-000_2024-03-31_01_2024-06-24.xsd#jpcrp030000-asr_E00389-000_SatoAkiraMember" xlink:label="SatoAkiraMember" />
    <link:loc xlink:type="locator" xlink:href="jpcrp030000-asr-001_E00389-000_2024-03-31_01_2024-06-24.xsd#jpcrp030000-asr_E00389-000_HamadaToyoshiMember" xlink:label="HamadaToyoshiMember" />
    <link:loc xlink:type="locator" xlink:href="jpcrp030000-asr-001_E00389-000_2024-03-31_01_2024-06-24.xsd#jpcrp030000-asr_E00389-000_FujimakiNaomichiMember" xlink:label="FujimakiNaomichiMember" />
    <link:loc xlink:type="locator" xlink:href="jpcrp030000-asr-001_E00389-000_2024-03-31_01_2024-06-24.xsd#jpcrp030000-asr_E00389-000_AsaiMasashiMember" xlink:label="AsaiMasashiMember" />
    <link:loc xlink:type="locator" xlink:href="jpcrp030000-asr-001_E00389-000_2024-03-31_01_2024-06-24.xsd#jpcrp030000-asr_E00389-000_SenzakiShigekoMember" xlink:label="SenzakiShigekoMember" />
    <link:loc xlink:type="locator" xlink:href="jpcrp030000-asr-001_E00389-000_2024-03-31_01_2024-06-24.xsd#jpcrp030000-asr_E00389-000_MatsuoTakashiMember" xlink:label="MatsuoTakashiMember" />
    <link:loc xlink:type="locator" xlink:href="jpcrp030000-asr-001_E00389-000_2024-03-31_01_2024-06-24.xsd#jpcrp030000-asr_E00389-000_UehiraToruMember" xlink:label="UehiraToruMember" />
    <link:loc xlink:type="locator" xlink:href="jpcrp030000-asr-001_E00389-000_2024-03-31_01_2024-06-24.xsd#jpcrp030000-asr_E00389-000_NotesRegardingLossOnCompensationForDamagesTextBlock" xlink:label="NotesRegardingLossOnCompensationForDamagesTextBlock" />
    <link:loc xlink:type="locator" xlink:href="jpcrp030000-asr-001_E00389-000_2024-03-31_01_2024-06-24.xsd#jpcrp030000-asr_E00389-000_ReferenceToOtherInformation2StrategyTextBlock" xlink:label="ReferenceToOtherInformation2StrategyTextBlock" />
    <link:loc xlink:type="locator" xlink:href="jpcrp030000-asr-001_E00389-000_2024-03-31_01_2024-06-24.xsd#jpcrp030000-asr_E00389-000_ReferenceToOtherInformation2MetricsAndTargets" xlink:label="ReferenceToOtherInformation2MetricsAndTargets" />
    <link:loc xlink:type="locator" xlink:href="jpcrp030000-asr-001_E00389-000_2024-03-31_01_2024-06-24.xsd#jpcrp030000-asr_E00389-000_DomesticReportableSegmentsMember" xlink:label="DomesticReportableSegmentsMember" />
    <link:loc xlink:type="locator" xlink:href="jpcrp030000-asr-001_E00389-000_2024-03-31_01_2024-06-24.xsd#jpcrp030000-asr_E00389-000_OverseasReportableSegmentsMember" xlink:label="OverseasReportableSegmentsMember" />
    <link:loc xlink:type="locator" xlink:href="http://disclosure.edinet-fsa.go.jp/taxonomy/jpcrp/2023-12-01/jpcrp_cor_2023-12-01.xsd#jpcrp_cor_ProfitLossAttributableToOwnersOfParentSummaryOfBusinessResults" xlink:label="ProfitLossAttributableToOwnersOfParentSummaryOfBusinessResults" />
    <link:loc xlink:type="locator" xlink:href="jpcrp030000-asr-001_E00389-000_2024-03-31_01_2024-06-24.xsd#jpcrp030000-asr_E00389-000_EquipmentRelocationExpensesNOE" xlink:label="EquipmentRelocationExpensesNOE" />
    <link:loc xlink:type="locator" xlink:href="jpcrp030000-asr-001_E00389-000_2024-03-31_01_2024-06-24.xsd#jpcrp030000-asr_E00389-000_ManagementDifferencesInWagesBetweenMaleAndFemaleEmployeesMetricsOfReportingCompany" xlink:label="ManagementDifferencesInWagesBetweenMaleAndFemaleEmployeesMetricsOfReportingCompany" />
    <link:loc xlink:type="locator" xlink:href="http://disclosure.edinet-fsa.go.jp/taxonomy/jpcrp/2023-12-01/label/jpcrp_2023-12-01_lab-en.xml#label_ProfitLossAttributableToOwnersOfParentSummaryOfBusinessResults_3" xlink:label="label_ProfitLossAttributableToOwnersOfParentSummaryOfBusinessResults" xlink:role="http://www.xbrl.org/2003/role/positiveLabel" />
    <link:labelArc xlink:type="arc" xlink:arcrole="http://www.xbrl.org/2003/arcrole/concept-label" xlink:from="ProfitLossAttributableToOwnersOfParentSummaryOfBusinessResults" xlink:to="label_ProfitLossAttributableToOwnersOfParentSummaryOfBusinessResults" use="prohibited" priority="1" />
    <link:label xlink:type="resource" xlink:label="label_ProfitLossAttributableToOwnersOfParentSummaryOfBusinessResults_2" xml:lang="en" xlink:role="http://www.xbrl.org/2003/role/positiveLabel" id="label_ProfitLossAttributableToOwnersOfParentSummaryOfBusinessResults_2">Profit (loss) attributable to owners of parent</link:label>
    <link:labelArc xlink:type="arc" xlink:arcrole="http://www.xbrl.org/2003/arcrole/concept-label" xlink:from="ProfitLossAttributableToOwnersOfParentSummaryOfBusinessResults" xlink:to="label_ProfitLossAttributableToOwnersOfParentSummaryOfBusinessResults_2" priority="2" />
    <link:loc xlink:type="locator" xlink:href="jpcrp030000-asr-001_E00389-000_2024-03-31_01_2024-06-24.xsd#jpcrp030000-asr_E00389-000_ReferenceToOtherInformation3StrategyTextBlock" xlink:label="ReferenceToOtherInformation3StrategyTextBlock" />
    <link:loc xlink:type="locator" xlink:href="jpcrp030000-asr-001_E00389-000_2024-03-31_01_2024-06-24.xsd#jpcrp030000-asr_E00389-000_ReferenceToOtherInformation4StrategyTextBlock" xlink:label="ReferenceToOtherInformation4StrategyTextBlock" />
    <link:label xlink:type="resource" xlink:label="label_IncreaseDecreaseInRefundLiabilityOtherOpeCF" xml:lang="en" xlink:role="http://www.xbrl.org/2003/role/label" id="label_IncreaseDecreaseInRefundLiabilityOtherOpeCF">Increase (decrease) in refund liability - other</link:label>
    <link:labelArc xlink:type="arc" xlink:arcrole="http://www.xbrl.org/2003/arcrole/concept-label" xlink:from="IncreaseDecreaseInRefundLiabilityOtherOpeCF" xlink:to="label_IncreaseDecreaseInRefundLiabilityOtherOpeCF" />
    <link:label xlink:type="resource" xlink:label="label_IncreaseDecreaseInRefundLiabilityOtherOpeCF_2" xml:lang="en" xlink:role="http://www.xbrl.org/2003/role/verboseLabel" id="label_IncreaseDecreaseInRefundLiabilityOtherOpeCF_2">Increase (decrease) in refund liability-other-OpeCF</link:label>
    <link:labelArc xlink:type="arc" xlink:arcrole="http://www.xbrl.org/2003/arcrole/concept-label" xlink:from="IncreaseDecreaseInRefundLiabilityOtherOpeCF" xlink:to="label_IncreaseDecreaseInRefundLiabilityOtherOpeCF_2" />
    <link:label xlink:type="resource" xlink:label="label_BreakdownOfNetSalesTextBlock" xml:lang="en" xlink:role="http://www.xbrl.org/2003/role/label" id="label_BreakdownOfNetSalesTextBlock">Breakdown of net sales</link:label>
    <link:labelArc xlink:type="arc" xlink:arcrole="http://www.xbrl.org/2003/arcrole/concept-label" xlink:from="BreakdownOfNetSalesTextBlock" xlink:to="label_BreakdownOfNetSalesTextBlock" />
    <link:label xlink:type="resource" xlink:label="label_BreakdownOfNetSalesTextBlock_2" xml:lang="en" xlink:role="http://www.xbrl.org/2003/role/verboseLabel" id="label_BreakdownOfNetSalesTextBlock_2">Breakdown of net sales [text block]</link:label>
    <link:labelArc xlink:type="arc" xlink:arcrole="http://www.xbrl.org/2003/arcrole/concept-label" xlink:from="BreakdownOfNetSalesTextBlock" xlink:to="label_BreakdownOfNetSalesTextBlock_2" />
    <link:label xlink:type="resource" xlink:label="label_NotesRegardingLossOnCompensationForDamagesTextBlock_2" xml:lang="en" xlink:role="http://www.xbrl.org/2003/role/label" id="label_NotesRegardingLossOnCompensationForDamagesTextBlock_2">Notes regarding loss on compensation for damages</link:label>
    <link:labelArc xlink:type="arc" xlink:arcrole="http://www.xbrl.org/2003/arcrole/concept-label" xlink:from="NotesRegardingLossOnCompensationForDamagesTextBlock" xlink:to="label_NotesRegardingLossOnCompensationForDamagesTextBlock_2" />
    <link:label xlink:type="resource" xlink:label="label_NotesRegardingLossOnCompensationForDamagesTextBlock" xml:lang="en" xlink:role="http://www.xbrl.org/2003/role/verboseLabel" id="label_NotesRegardingLossOnCompensationForDamagesTextBlock">Notes regarding loss on compensation for damages [text block]</link:label>
    <link:labelArc xlink:type="arc" xlink:arcrole="http://www.xbrl.org/2003/arcrole/concept-label" xlink:from="NotesRegardingLossOnCompensationForDamagesTextBlock" xlink:to="label_NotesRegardingLossOnCompensationForDamagesTextBlock" />
    <link:label xlink:type="resource" xlink:label="label_EquipmentRelocationExpensesNOE" xml:lang="en" xlink:role="http://www.xbrl.org/2003/role/label" id="label_EquipmentRelocationExpensesNOE">Equipment relocation expenses</link:label>
    <link:labelArc xlink:type="arc" xlink:arcrole="http://www.xbrl.org/2003/arcrole/concept-label" xlink:from="EquipmentRelocationExpensesNOE" xlink:to="label_EquipmentRelocationExpensesNOE" />
    <link:label xlink:type="resource" xlink:label="label_EquipmentRelocationExpensesNOE_2" xml:lang="en" xlink:role="http://www.xbrl.org/2003/role/verboseLabel" id="label_EquipmentRelocationExpensesNOE_2">Equipment relocation expenses-NOE</link:label>
    <link:labelArc xlink:type="arc" xlink:arcrole="http://www.xbrl.org/2003/arcrole/concept-label" xlink:from="EquipmentRelocationExpensesNOE" xlink:to="label_EquipmentRelocationExpensesNOE_2" />
    <link:label xlink:type="resource" xlink:label="label_DomesticReportableSegmentsMember" xml:lang="en" xlink:role="http://www.xbrl.org/2003/role/label" id="label_DomesticReportableSegmentsMember">Domestic</link:label>
    <link:labelArc xlink:type="arc" xlink:arcrole="http://www.xbrl.org/2003/arcrole/concept-label" xlink:from="DomesticReportableSegmentsMember" xlink:to="label_DomesticReportableSegmentsMember" />
    <link:label xlink:type="resource" xlink:label="label_DomesticReportableSegmentsMember_2" xml:lang="en" xlink:role="http://www.xbrl.org/2003/role/verboseLabel" id="label_DomesticReportableSegmentsMember_2">Domestic, Reportable segments [member]</link:label>
    <link:labelArc xlink:type="arc" xlink:arcrole="http://www.xbrl.org/2003/arcrole/concept-label" xlink:from="DomesticReportableSegmentsMember" xlink:to="label_DomesticReportableSegmentsMember_2" />
    <link:label xlink:type="resource" xlink:label="label_OverseasReportableSegmentsMember" xml:lang="en" xlink:role="http://www.xbrl.org/2003/role/label" id="label_OverseasReportableSegmentsMember">Overseas</link:label>
    <link:labelArc xlink:type="arc" xlink:arcrole="http://www.xbrl.org/2003/arcrole/concept-label" xlink:from="OverseasReportableSegmentsMember" xlink:to="label_OverseasReportableSegmentsMember" />
    <link:label xlink:type="resource" xlink:label="label_OverseasReportableSegmentsMember_2" xml:lang="en" xlink:role="http://www.xbrl.org/2003/role/verboseLabel" id="label_OverseasReportableSegmentsMember_2">Overseas, Reportable segments [member]</link:label>
    <link:labelArc xlink:type="arc" xlink:arcrole="http://www.xbrl.org/2003/arcrole/concept-label" xlink:from="OverseasReportableSegmentsMember" xlink:to="label_OverseasReportableSegmentsMember_2" />
    <link:label xlink:type="resource" xlink:label="label_ManagementDifferencesInWagesBetweenMaleAndFemaleEmployeesMetricsOfReportingCompany_2" xml:lang="en" xlink:role="http://www.xbrl.org/2003/role/label" id="label_ManagementDifferencesInWagesBetweenMaleAndFemaleEmployeesMetricsOfReportingCompany_2">Management</link:label>
    <link:labelArc xlink:type="arc" xlink:arcrole="http://www.xbrl.org/2003/arcrole/concept-label" xlink:from="ManagementDifferencesInWagesBetweenMaleAndFemaleEmployeesMetricsOfReportingCompany" xlink:to="label_ManagementDifferencesInWagesBetweenMaleAndFemaleEmployeesMetricsOfReportingCompany_2" />
    <link:label xlink:type="resource" xlink:label="label_ManagementDifferencesInWagesBetweenMaleAndFemaleEmployeesMetricsOfReportingCompany" xml:lang="en" xlink:role="http://www.xbrl.org/2003/role/verboseLabel" id="label_ManagementDifferencesInWagesBetweenMaleAndFemaleEmployeesMetricsOfReportingCompany">Management, Differences in wages between male and female employees, Metrics of reporting company</link:label>
    <link:labelArc xlink:type="arc" xlink:arcrole="http://www.xbrl.org/2003/arcrole/concept-label" xlink:from="ManagementDifferencesInWagesBetweenMaleAndFemaleEmployeesMetricsOfReportingCompany" xlink:to="label_ManagementDifferencesInWagesBetweenMaleAndFemaleEmployeesMetricsOfReportingCompany" />
    <link:label xlink:type="resource" xlink:label="label_KoikeTakashiMember" xml:lang="en" xlink:role="http://www.xbrl.org/2003/role/verboseLabel" id="label_KoikeTakashiMember">Koike, Takashi [member]</link:label>
    <link:labelArc xlink:type="arc" xlink:arcrole="http://www.xbrl.org/2003/arcrole/concept-label" xlink:from="KoikeTakashiMember" xlink:to="label_KoikeTakashiMember" />
    <link:label xlink:type="resource" xlink:label="label_KoikeTakashiMember_2" xml:lang="en" xlink:role="http://www.xbrl.org/2003/role/label" id="label_KoikeTakashiMember_2">Koike, Takashi</link:label>
    <link:labelArc xlink:type="arc" xlink:arcrole="http://www.xbrl.org/2003/arcrole/concept-label" xlink:from="KoikeTakashiMember" xlink:to="label_KoikeTakashiMember_2" />
    <link:label xlink:type="resource" xlink:label="label_SatoAkiraMember" xml:lang="en" xlink:role="http://www.xbrl.org/2003/role/verboseLabel" id="label_SatoAkiraMember">Sato, Akira[member]</link:label>
    <link:labelArc xlink:type="arc" xlink:arcrole="http://www.xbrl.org/2003/arcrole/concept-label" xlink:from="SatoAkiraMember" xlink:to="label_SatoAkiraMember" />
    <link:label xlink:type="resource" xlink:label="label_SatoAkiraMember_2" xml:lang="en" xlink:role="http://www.xbrl.org/2003/role/label" id="label_SatoAkiraMember_2">Sato, Akira</link:label>
    <link:labelArc xlink:type="arc" xlink:arcrole="http://www.xbrl.org/2003/arcrole/concept-label" xlink:from="SatoAkiraMember" xlink:to="label_SatoAkiraMember_2" />
    <link:label xlink:type="resource" xlink:label="label_HamadaToyoshiMember" xml:lang="en" xlink:role="http://www.xbrl.org/2003/role/verboseLabel" id="label_HamadaToyoshiMember">Hamada, Toyoshi [member]</link:label>
    <link:labelArc xlink:type="arc" xlink:arcrole="http://www.xbrl.org/2003/arcrole/concept-label" xlink:from="HamadaToyoshiMember" xlink:to="label_HamadaToyoshiMember" />
    <link:label xlink:type="resource" xlink:label="label_HamadaToyoshiMember_2" xml:lang="en" xlink:role="http://www.xbrl.org/2003/role/label" id="label_HamadaToyoshiMember_2">Hamada, Toyoshi</link:label>
    <link:labelArc xlink:type="arc" xlink:arcrole="http://www.xbrl.org/2003/arcrole/concept-label" xlink:from="HamadaToyoshiMember" xlink:to="label_HamadaToyoshiMember_2" />
    <link:label xlink:type="resource" xlink:label="label_FujimakiNaomichiMember" xml:lang="en" xlink:role="http://www.xbrl.org/2003/role/verboseLabel" id="label_FujimakiNaomichiMember">Fujimaki, Naomichi[member]</link:label>
    <link:labelArc xlink:type="arc" xlink:arcrole="http://www.xbrl.org/2003/arcrole/concept-label" xlink:from="FujimakiNaomichiMember" xlink:to="label_FujimakiNaomichiMember" />
    <link:label xlink:type="resource" xlink:label="label_FujimakiNaomichiMember_2" xml:lang="en" xlink:role="http://www.xbrl.org/2003/role/label" id="label_FujimakiNaomichiMember_2">Fujimaki, Naomichi</link:label>
    <link:labelArc xlink:type="arc" xlink:arcrole="http://www.xbrl.org/2003/arcrole/concept-label" xlink:from="FujimakiNaomichiMember" xlink:to="label_FujimakiNaomichiMember_2" />
    <link:label xlink:type="resource" xlink:label="label_AsaiMasashiMember" xml:lang="en" xlink:role="http://www.xbrl.org/2003/role/verboseLabel" id="label_AsaiMasashiMember">Asai, Masashi[member]</link:label>
    <link:labelArc xlink:type="arc" xlink:arcrole="http://www.xbrl.org/2003/arcrole/concept-label" xlink:from="AsaiMasashiMember" xlink:to="label_AsaiMasashiMember" />
    <link:label xlink:type="resource" xlink:label="label_AsaiMasashiMember_2" xml:lang="en" xlink:role="http://www.xbrl.org/2003/role/label" id="label_AsaiMasashiMember_2">Asai, Masashi</link:label>
    <link:labelArc xlink:type="arc" xlink:arcrole="http://www.xbrl.org/2003/arcrole/concept-label" xlink:from="AsaiMasashiMember" xlink:to="label_AsaiMasashiMember_2" />
    <link:label xlink:type="resource" xlink:label="label_SenzakiShigekoMember" xml:lang="en" xlink:role="http://www.xbrl.org/2003/role/verboseLabel" id="label_SenzakiShigekoMember">Senzaki, Shigeko [member]</link:label>
    <link:labelArc xlink:type="arc" xlink:arcrole="http://www.xbrl.org/2003/arcrole/concept-label" xlink:from="SenzakiShigekoMember" xlink:to="label_SenzakiShigekoMember" />
    <link:label xlink:type="resource" xlink:label="label_SenzakiShigekoMember_2" xml:lang="en" xlink:role="http://www.xbrl.org/2003/role/label" id="label_SenzakiShigekoMember_2">Senzaki, Shigeko</link:label>
    <link:labelArc xlink:type="arc" xlink:arcrole="http://www.xbrl.org/2003/arcrole/concept-label" xlink:from="SenzakiShigekoMember" xlink:to="label_SenzakiShigekoMember_2" />
    <link:label xlink:type="resource" xlink:label="label_MatsuoTakashiMember" xml:lang="en" xlink:role="http://www.xbrl.org/2003/role/verboseLabel" id="label_MatsuoTakashiMember">Matsuo, Takashi [member]</link:label>
    <link:labelArc xlink:type="arc" xlink:arcrole="http://www.xbrl.org/2003/arcrole/concept-label" xlink:from="MatsuoTakashiMember" xlink:to="label_MatsuoTakashiMember" />
    <link:label xlink:type="resource" xlink:label="label_MatsuoTakashiMember_2" xml:lang="en" xlink:role="http://www.xbrl.org/2003/role/label" id="label_MatsuoTakashiMember_2">Matsuo, Takashi</link:label>
    <link:labelArc xlink:type="arc" xlink:arcrole="http://www.xbrl.org/2003/arcrole/concept-label" xlink:from="MatsuoTakashiMember" xlink:to="label_MatsuoTakashiMember_2" />
    <link:label xlink:type="resource" xlink:label="label_UehiraToruMember" xml:lang="en" xlink:role="http://www.xbrl.org/2003/role/verboseLabel" id="label_UehiraToruMember">Uehira, Toru [member]</link:label>
    <link:labelArc xlink:type="arc" xlink:arcrole="http://www.xbrl.org/2003/arcrole/concept-label" xlink:from="UehiraToruMember" xlink:to="label_UehiraToruMember" />
    <link:label xlink:type="resource" xlink:label="label_UehiraToruMember_2" xml:lang="en" xlink:role="http://www.xbrl.org/2003/role/label" id="label_UehiraToruMember_2">Uehira, Toru</link:label>
    <link:labelArc xlink:type="arc" xlink:arcrole="http://www.xbrl.org/2003/arcrole/concept-label" xlink:from="UehiraToruMember" xlink:to="label_UehiraToruMember_2" />
    <link:label xlink:type="resource" xlink:label="label_ReferenceToOtherInformation2StrategyTextBlock_2" xml:lang="en" xlink:role="http://www.xbrl.org/2003/role/label" id="label_ReferenceToOtherInformation2StrategyTextBlock_2">Reference to other information2</link:label>
    <link:labelArc xlink:type="arc" xlink:arcrole="http://www.xbrl.org/2003/arcrole/concept-label" xlink:from="ReferenceToOtherInformation2StrategyTextBlock" xlink:to="label_ReferenceToOtherInformation2StrategyTextBlock_2" />
    <link:label xlink:type="resource" xlink:label="label_ReferenceToOtherInformation2StrategyTextBlock" xml:lang="en" xlink:role="http://www.xbrl.org/2003/role/verboseLabel" id="label_ReferenceToOtherInformation2StrategyTextBlock">Reference to other information2, Strategy [text block]</link:label>
    <link:labelArc xlink:type="arc" xlink:arcrole="http://www.xbrl.org/2003/arcrole/concept-label" xlink:from="ReferenceToOtherInformation2StrategyTextBlock" xlink:to="label_ReferenceToOtherInformation2StrategyTextBlock" />
    <link:label xlink:type="resource" xlink:label="label_ReferenceToOtherInformation3StrategyTextBlock_2" xml:lang="en" xlink:role="http://www.xbrl.org/2003/role/label" id="label_ReferenceToOtherInformation3StrategyTextBlock_2">Reference to other information3</link:label>
    <link:labelArc xlink:type="arc" xlink:arcrole="http://www.xbrl.org/2003/arcrole/concept-label" xlink:from="ReferenceToOtherInformation3StrategyTextBlock" xlink:to="label_ReferenceToOtherInformation3StrategyTextBlock_2" />
    <link:label xlink:type="resource" xlink:label="label_ReferenceToOtherInformation3StrategyTextBlock" xml:lang="en" xlink:role="http://www.xbrl.org/2003/role/verboseLabel" id="label_ReferenceToOtherInformation3StrategyTextBlock">Reference to other information3, Strategy [text block]</link:label>
    <link:labelArc xlink:type="arc" xlink:arcrole="http://www.xbrl.org/2003/arcrole/concept-label" xlink:from="ReferenceToOtherInformation3StrategyTextBlock" xlink:to="label_ReferenceToOtherInformation3StrategyTextBlock" />
    <link:label xlink:type="resource" xlink:label="label_ReferenceToOtherInformation4StrategyTextBlock_2" xml:lang="en" xlink:role="http://www.xbrl.org/2003/role/label" id="label_ReferenceToOtherInformation4StrategyTextBlock_2">Reference to other information4</link:label>
    <link:labelArc xlink:type="arc" xlink:arcrole="http://www.xbrl.org/2003/arcrole/concept-label" xlink:from="ReferenceToOtherInformation4StrategyTextBlock" xlink:to="label_ReferenceToOtherInformation4StrategyTextBlock_2" />
    <link:label xlink:type="resource" xlink:label="label_ReferenceToOtherInformation4StrategyTextBlock" xml:lang="en" xlink:role="http://www.xbrl.org/2003/role/verboseLabel" id="label_ReferenceToOtherInformation4StrategyTextBlock">Reference to other information4, Strategy [text block]</link:label>
    <link:labelArc xlink:type="arc" xlink:arcrole="http://www.xbrl.org/2003/arcrole/concept-label" xlink:from="ReferenceToOtherInformation4StrategyTextBlock" xlink:to="label_ReferenceToOtherInformation4StrategyTextBlock" />
    <link:label xlink:type="resource" xlink:label="label_ReferenceToOtherInformation2MetricsAndTargets_2" xml:lang="en" xlink:role="http://www.xbrl.org/2003/role/label" id="label_ReferenceToOtherInformation2MetricsAndTargets_2">Reference to other information</link:label>
    <link:labelArc xlink:type="arc" xlink:arcrole="http://www.xbrl.org/2003/arcrole/concept-label" xlink:from="ReferenceToOtherInformation2MetricsAndTargets" xlink:to="label_ReferenceToOtherInformation2MetricsAndTargets_2" />
    <link:label xlink:type="resource" xlink:label="label_ReferenceToOtherInformation2MetricsAndTargets" xml:lang="en" xlink:role="http://www.xbrl.org/2003/role/verboseLabel" id="label_ReferenceToOtherInformation2MetricsAndTargets">Reference to other information2, Metrics and targets</link:label>
    <link:labelArc xlink:type="arc" xlink:arcrole="http://www.xbrl.org/2003/arcrole/concept-label" xlink:from="ReferenceToOtherInformation2MetricsAndTargets" xlink:to="label_ReferenceToOtherInformation2MetricsAndTargets" />
    <link:label xlink:type="resource" xlink:label="label_RefundLiabilitiesCL" xml:lang="en" xlink:role="http://www.xbrl.org/2003/role/label" id="label_RefundLiabilitiesCL">Refund liabilities</link:label>
    <link:labelArc xlink:type="arc" xlink:arcrole="http://www.xbrl.org/2003/arcrole/concept-label" xlink:from="RefundLiabilitiesCL" xlink:to="label_RefundLiabilitiesCL" />
    <link:label xlink:type="resource" xlink:label="label_RefundLiabilitiesCL_2" xml:lang="en" xlink:role="http://www.xbrl.org/2003/role/verboseLabel" id="label_RefundLiabilitiesCL_2">Refund liabilities -CL</link:label>
    <link:labelArc xlink:type="arc" xlink:arcrole="http://www.xbrl.org/2003/arcrole/concept-label" xlink:from="RefundLiabilitiesCL" xlink:to="label_RefundLiabilitiesCL_2" />
  </link:labelLink>
</link:linkbase>