<?xml version="1.0" encoding="utf-8"?>
<!-- Generated by PRONEXUS WORKS -->
<link:linkbase xmlns:link="http://www.xbrl.org/2003/linkbase" xmlns:xsi="http://www.w3.org/2001/XMLSchema-instance" xmlns:xbrli="http://www.xbrl.org/2003/instance" xmlns:xlink="http://www.w3.org/1999/xlink">
  <link:labelLink xlink:type="extended" xlink:role="http://www.xbrl.org/2003/role/link">
    <link:loc xlink:type="locator" xlink:href="jpcrp030000-asr-001_E00389-000_2024-03-31_01_2024-06-24.xsd#jpcrp030000-asr_E00389-000_RefundLiabilitiesCL" xlink:label="RefundLiabilitiesCL" />
    <link:loc xlink:type="locator" xlink:href="jpcrp030000-asr-001_E00389-000_2024-03-31_01_2024-06-24.xsd#jpcrp030000-asr_E00389-000_IncreaseDecreaseInRefundLiabilityOtherOpeCF" xlink:label="IncreaseDecreaseInRefundLiabilityOtherOpeCF" />
    <link:loc xlink:type="locator" xlink:href="jpcrp030000-asr-001_E00389-000_2024-03-31_01_2024-06-24.xsd#jpcrp030000-asr_E00389-000_BreakdownOfNetSalesTextBlock" xlink:label="BreakdownOfNetSalesTextBlock" />
    <link:loc xlink:type="locator" xlink:href="jpcrp030000-asr-001_E00389-000_2024-03-31_01_2024-06-24.xsd#jpcrp030000-asr_E00389-000_KoikeTakashiMember" xlink:label="KoikeTakashiMember" />
    <link:loc xlink:type="locator" xlink:href="jpcrp030000-asr-001_E00389-000_2024-03-31_01_2024-06-24.xsd#jpcrp030000-asr_E00389-000_SatoAkiraMember" xlink:label="SatoAkiraMember" />
    <link:loc xlink:type="locator" xlink:href="jpcrp030000-asr-001_E00389-000_2024-03-31_01_2024-06-24.xsd#jpcrp030000-asr_E00389-000_HamadaToyoshiMember" xlink:label="HamadaToyoshiMember" />
    <link:loc xlink:type="locator" xlink:href="jpcrp030000-asr-001_E00389-000_2024-03-31_01_2024-06-24.xsd#jpcrp030000-asr_E00389-000_FujimakiNaomichiMember" xlink:label="FujimakiNaomichiMember" />
    <link:loc xlink:type="locator" xlink:href="jpcrp030000-asr-001_E00389-000_2024-03-31_01_2024-06-24.xsd#jpcrp030000-asr_E00389-000_AsaiMasashiMember" xlink:label="AsaiMasashiMember" />
    <link:loc xlink:type="locator" xlink:href="jpcrp030000-asr-001_E00389-000_2024-03-31_01_2024-06-24.xsd#jpcrp030000-asr_E00389-000_SenzakiShigekoMember" xlink:label="SenzakiShigekoMember" />
    <link:loc xlink:type="locator" xlink:href="jpcrp030000-asr-001_E00389-000_2024-03-31_01_2024-06-24.xsd#jpcrp030000-asr_E00389-000_MatsuoTakashiMember" xlink:label="MatsuoTakashiMember" />
    <link:loc xlink:type="locator" xlink:href="jpcrp030000-asr-001_E00389-000_2024-03-31_01_2024-06-24.xsd#jpcrp030000-asr_E00389-000_UehiraToruMember" xlink:label="UehiraToruMember" />
    <link:loc xlink:type="locator" xlink:href="jpcrp030000-asr-001_E00389-000_2024-03-31_01_2024-06-24.xsd#jpcrp030000-asr_E00389-000_NotesRegardingLossOnCompensationForDamagesTextBlock" xlink:label="NotesRegardingLossOnCompensationForDamagesTextBlock" />
    <link:loc xlink:type="locator" xlink:href="jpcrp030000-asr-001_E00389-000_2024-03-31_01_2024-06-24.xsd#jpcrp030000-asr_E00389-000_ReferenceToOtherInformation2StrategyTextBlock" xlink:label="ReferenceToOtherInformation2StrategyTextBlock" />
    <link:loc xlink:type="locator" xlink:href="jpcrp030000-asr-001_E00389-000_2024-03-31_01_2024-06-24.xsd#jpcrp030000-asr_E00389-000_ReferenceToOtherInformation2MetricsAndTargets" xlink:label="ReferenceToOtherInformation2MetricsAndTargets" />
    <link:loc xlink:type="locator" xlink:href="jpcrp030000-asr-001_E00389-000_2024-03-31_01_2024-06-24.xsd#jpcrp030000-asr_E00389-000_DomesticReportableSegmentsMember" xlink:label="DomesticReportableSegmentsMember" />
    <link:loc xlink:type="locator" xlink:href="jpcrp030000-asr-001_E00389-000_2024-03-31_01_2024-06-24.xsd#jpcrp030000-asr_E00389-000_OverseasReportableSegmentsMember" xlink:label="OverseasReportableSegmentsMember" />
    <link:loc xlink:type="locator" xlink:href="jpcrp030000-asr-001_E00389-000_2024-03-31_01_2024-06-24.xsd#jpcrp030000-asr_E00389-000_EquipmentRelocationExpensesNOE" xlink:label="EquipmentRelocationExpensesNOE" />
    <link:loc xlink:type="locator" xlink:href="jpcrp030000-asr-001_E00389-000_2024-03-31_01_2024-06-24.xsd#jpcrp030000-asr_E00389-000_ManagementDifferencesInWagesBetweenMaleAndFemaleEmployeesMetricsOfReportingCompany" xlink:label="ManagementDifferencesInWagesBetweenMaleAndFemaleEmployeesMetricsOfReportingCompany" />
    <link:loc xlink:type="locator" xlink:href="jpcrp030000-asr-001_E00389-000_2024-03-31_01_2024-06-24.xsd#jpcrp030000-asr_E00389-000_ReferenceToOtherInformation3StrategyTextBlock" xlink:label="ReferenceToOtherInformation3StrategyTextBlock" />
    <link:loc xlink:type="locator" xlink:href="jpcrp030000-asr-001_E00389-000_2024-03-31_01_2024-06-24.xsd#jpcrp030000-asr_E00389-000_ReferenceToOtherInformation4StrategyTextBlock" xlink:label="ReferenceToOtherInformation4StrategyTextBlock" />
    <link:label xlink:type="resource" xlink:label="label_IncreaseDecreaseInRefundLiabilityOtherOpeCF" xml:lang="ja" xlink:role="http://www.xbrl.org/2003/role/label" id="label_IncreaseDecreaseInRefundLiabilityOtherOpeCF">返金負債の増減額（△は減少）</link:label>
    <link:labelArc xlink:type="arc" xlink:arcrole="http://www.xbrl.org/2003/arcrole/concept-label" xlink:from="IncreaseDecreaseInRefundLiabilityOtherOpeCF" xlink:to="label_IncreaseDecreaseInRefundLiabilityOtherOpeCF" />
    <link:label xlink:type="resource" xlink:label="label_IncreaseDecreaseInRefundLiabilityOtherOpeCF_2" xml:lang="ja" xlink:role="http://www.xbrl.org/2003/role/verboseLabel" id="label_IncreaseDecreaseInRefundLiabilityOtherOpeCF_2">返金負債の増減額（△は減少）、営業活動によるキャッシュ・フロー</link:label>
    <link:labelArc xlink:type="arc" xlink:arcrole="http://www.xbrl.org/2003/arcrole/concept-label" xlink:from="IncreaseDecreaseInRefundLiabilityOtherOpeCF" xlink:to="label_IncreaseDecreaseInRefundLiabilityOtherOpeCF_2" />
    <link:label xlink:type="resource" xlink:label="label_BreakdownOfNetSalesTextBlock" xml:lang="ja" xlink:role="http://www.xbrl.org/2003/role/label" id="label_BreakdownOfNetSalesTextBlock">売上高の内訳</link:label>
    <link:labelArc xlink:type="arc" xlink:arcrole="http://www.xbrl.org/2003/arcrole/concept-label" xlink:from="BreakdownOfNetSalesTextBlock" xlink:to="label_BreakdownOfNetSalesTextBlock" />
    <link:label xlink:type="resource" xlink:label="label_BreakdownOfNetSalesTextBlock_2" xml:lang="ja" xlink:role="http://www.xbrl.org/2003/role/verboseLabel" id="label_BreakdownOfNetSalesTextBlock_2">売上高の内訳 [テキストブロック]</link:label>
    <link:labelArc xlink:type="arc" xlink:arcrole="http://www.xbrl.org/2003/arcrole/concept-label" xlink:from="BreakdownOfNetSalesTextBlock" xlink:to="label_BreakdownOfNetSalesTextBlock_2" />
    <link:label xlink:type="resource" xlink:label="label_NotesRegardingLossOnCompensationForDamagesTextBlock_2" xml:lang="ja" xlink:role="http://www.xbrl.org/2003/role/label" id="label_NotesRegardingLossOnCompensationForDamagesTextBlock_2">損害賠償金に関する注記</link:label>
    <link:labelArc xlink:type="arc" xlink:arcrole="http://www.xbrl.org/2003/arcrole/concept-label" xlink:from="NotesRegardingLossOnCompensationForDamagesTextBlock" xlink:to="label_NotesRegardingLossOnCompensationForDamagesTextBlock_2" />
    <link:label xlink:type="resource" xlink:label="label_NotesRegardingLossOnCompensationForDamagesTextBlock" xml:lang="ja" xlink:role="http://www.xbrl.org/2003/role/verboseLabel" id="label_NotesRegardingLossOnCompensationForDamagesTextBlock">損害賠償金に関する注記 [テキストブロック]</link:label>
    <link:labelArc xlink:type="arc" xlink:arcrole="http://www.xbrl.org/2003/arcrole/concept-label" xlink:from="NotesRegardingLossOnCompensationForDamagesTextBlock" xlink:to="label_NotesRegardingLossOnCompensationForDamagesTextBlock" />
    <link:label xlink:type="resource" xlink:label="label_EquipmentRelocationExpensesNOE" xml:lang="ja" xlink:role="http://www.xbrl.org/2003/role/label" id="label_EquipmentRelocationExpensesNOE">設備移設費用</link:label>
    <link:labelArc xlink:type="arc" xlink:arcrole="http://www.xbrl.org/2003/arcrole/concept-label" xlink:from="EquipmentRelocationExpensesNOE" xlink:to="label_EquipmentRelocationExpensesNOE" />
    <link:label xlink:type="resource" xlink:label="label_EquipmentRelocationExpensesNOE_2" xml:lang="ja" xlink:role="http://www.xbrl.org/2003/role/verboseLabel" id="label_EquipmentRelocationExpensesNOE_2">設備移設費用、営業外費用</link:label>
    <link:labelArc xlink:type="arc" xlink:arcrole="http://www.xbrl.org/2003/arcrole/concept-label" xlink:from="EquipmentRelocationExpensesNOE" xlink:to="label_EquipmentRelocationExpensesNOE_2" />
    <link:label xlink:type="resource" xlink:label="label_DomesticReportableSegmentsMember" xml:lang="ja" xlink:role="http://www.xbrl.org/2003/role/label" id="label_DomesticReportableSegmentsMember">国内</link:label>
    <link:labelArc xlink:type="arc" xlink:arcrole="http://www.xbrl.org/2003/arcrole/concept-label" xlink:from="DomesticReportableSegmentsMember" xlink:to="label_DomesticReportableSegmentsMember" />
    <link:label xlink:type="resource" xlink:label="label_DomesticReportableSegmentsMember_2" xml:lang="ja" xlink:role="http://www.xbrl.org/2003/role/verboseLabel" id="label_DomesticReportableSegmentsMember_2">国内、報告セグメント [メンバー]</link:label>
    <link:labelArc xlink:type="arc" xlink:arcrole="http://www.xbrl.org/2003/arcrole/concept-label" xlink:from="DomesticReportableSegmentsMember" xlink:to="label_DomesticReportableSegmentsMember_2" />
    <link:label xlink:type="resource" xlink:label="label_OverseasReportableSegmentsMember" xml:lang="ja" xlink:role="http://www.xbrl.org/2003/role/label" id="label_OverseasReportableSegmentsMember">海外</link:label>
    <link:labelArc xlink:type="arc" xlink:arcrole="http://www.xbrl.org/2003/arcrole/concept-label" xlink:from="OverseasReportableSegmentsMember" xlink:to="label_OverseasReportableSegmentsMember" />
    <link:label xlink:type="resource" xlink:label="label_OverseasReportableSegmentsMember_2" xml:lang="ja" xlink:role="http://www.xbrl.org/2003/role/verboseLabel" id="label_OverseasReportableSegmentsMember_2">海外、報告セグメント [メンバー]</link:label>
    <link:labelArc xlink:type="arc" xlink:arcrole="http://www.xbrl.org/2003/arcrole/concept-label" xlink:from="OverseasReportableSegmentsMember" xlink:to="label_OverseasReportableSegmentsMember_2" />
    <link:label xlink:type="resource" xlink:label="label_ManagementDifferencesInWagesBetweenMaleAndFemaleEmployeesMetricsOfReportingCompany_2" xml:lang="ja" xlink:role="http://www.xbrl.org/2003/role/label" id="label_ManagementDifferencesInWagesBetweenMaleAndFemaleEmployeesMetricsOfReportingCompany_2">管理職</link:label>
    <link:labelArc xlink:type="arc" xlink:arcrole="http://www.xbrl.org/2003/arcrole/concept-label" xlink:from="ManagementDifferencesInWagesBetweenMaleAndFemaleEmployeesMetricsOfReportingCompany" xlink:to="label_ManagementDifferencesInWagesBetweenMaleAndFemaleEmployeesMetricsOfReportingCompany_2" />
    <link:label xlink:type="resource" xlink:label="label_ManagementDifferencesInWagesBetweenMaleAndFemaleEmployeesMetricsOfReportingCompany" xml:lang="ja" xlink:role="http://www.xbrl.org/2003/role/verboseLabel" id="label_ManagementDifferencesInWagesBetweenMaleAndFemaleEmployeesMetricsOfReportingCompany">管理職、労働者の男女の賃金の差異、提出会社の指標</link:label>
    <link:labelArc xlink:type="arc" xlink:arcrole="http://www.xbrl.org/2003/arcrole/concept-label" xlink:from="ManagementDifferencesInWagesBetweenMaleAndFemaleEmployeesMetricsOfReportingCompany" xlink:to="label_ManagementDifferencesInWagesBetweenMaleAndFemaleEmployeesMetricsOfReportingCompany" />
    <link:label xlink:type="resource" xlink:label="label_KoikeTakashiMember" xml:lang="ja" xlink:role="http://www.xbrl.org/2003/role/verboseLabel" id="label_KoikeTakashiMember">小池　孝 [メンバー]</link:label>
    <link:labelArc xlink:type="arc" xlink:arcrole="http://www.xbrl.org/2003/arcrole/concept-label" xlink:from="KoikeTakashiMember" xlink:to="label_KoikeTakashiMember" />
    <link:label xlink:type="resource" xlink:label="label_KoikeTakashiMember_2" xml:lang="ja" xlink:role="http://www.xbrl.org/2003/role/label" id="label_KoikeTakashiMember_2">小池　孝</link:label>
    <link:labelArc xlink:type="arc" xlink:arcrole="http://www.xbrl.org/2003/arcrole/concept-label" xlink:from="KoikeTakashiMember" xlink:to="label_KoikeTakashiMember_2" />
    <link:label xlink:type="resource" xlink:label="label_SatoAkiraMember" xml:lang="ja" xlink:role="http://www.xbrl.org/2003/role/verboseLabel" id="label_SatoAkiraMember">佐藤　章 [メンバー]</link:label>
    <link:labelArc xlink:type="arc" xlink:arcrole="http://www.xbrl.org/2003/arcrole/concept-label" xlink:from="SatoAkiraMember" xlink:to="label_SatoAkiraMember" />
    <link:label xlink:type="resource" xlink:label="label_SatoAkiraMember_2" xml:lang="ja" xlink:role="http://www.xbrl.org/2003/role/label" id="label_SatoAkiraMember_2">佐藤　章</link:label>
    <link:labelArc xlink:type="arc" xlink:arcrole="http://www.xbrl.org/2003/arcrole/concept-label" xlink:from="SatoAkiraMember" xlink:to="label_SatoAkiraMember_2" />
    <link:label xlink:type="resource" xlink:label="label_HamadaToyoshiMember" xml:lang="ja" xlink:role="http://www.xbrl.org/2003/role/verboseLabel" id="label_HamadaToyoshiMember">濱田　豊志 [メンバー]</link:label>
    <link:labelArc xlink:type="arc" xlink:arcrole="http://www.xbrl.org/2003/arcrole/concept-label" xlink:from="HamadaToyoshiMember" xlink:to="label_HamadaToyoshiMember" />
    <link:label xlink:type="resource" xlink:label="label_HamadaToyoshiMember_2" xml:lang="ja" xlink:role="http://www.xbrl.org/2003/role/label" id="label_HamadaToyoshiMember_2">濱田　豊志</link:label>
    <link:labelArc xlink:type="arc" xlink:arcrole="http://www.xbrl.org/2003/arcrole/concept-label" xlink:from="HamadaToyoshiMember" xlink:to="label_HamadaToyoshiMember_2" />
    <link:label xlink:type="resource" xlink:label="label_FujimakiNaomichiMember" xml:lang="ja" xlink:role="http://www.xbrl.org/2003/role/verboseLabel" id="label_FujimakiNaomichiMember">藤巻　修道 [メンバー]</link:label>
    <link:labelArc xlink:type="arc" xlink:arcrole="http://www.xbrl.org/2003/arcrole/concept-label" xlink:from="FujimakiNaomichiMember" xlink:to="label_FujimakiNaomichiMember" />
    <link:label xlink:type="resource" xlink:label="label_FujimakiNaomichiMember_2" xml:lang="ja" xlink:role="http://www.xbrl.org/2003/role/label" id="label_FujimakiNaomichiMember_2">藤巻　修道</link:label>
    <link:labelArc xlink:type="arc" xlink:arcrole="http://www.xbrl.org/2003/arcrole/concept-label" xlink:from="FujimakiNaomichiMember" xlink:to="label_FujimakiNaomichiMember_2" />
    <link:label xlink:type="resource" xlink:label="label_AsaiMasashiMember" xml:lang="ja" xlink:role="http://www.xbrl.org/2003/role/verboseLabel" id="label_AsaiMasashiMember">浅井　雅司 [メンバー]</link:label>
    <link:labelArc xlink:type="arc" xlink:arcrole="http://www.xbrl.org/2003/arcrole/concept-label" xlink:from="AsaiMasashiMember" xlink:to="label_AsaiMasashiMember" />
    <link:label xlink:type="resource" xlink:label="label_AsaiMasashiMember_2" xml:lang="ja" xlink:role="http://www.xbrl.org/2003/role/label" id="label_AsaiMasashiMember_2">浅井　雅司</link:label>
    <link:labelArc xlink:type="arc" xlink:arcrole="http://www.xbrl.org/2003/arcrole/concept-label" xlink:from="AsaiMasashiMember" xlink:to="label_AsaiMasashiMember_2" />
    <link:label xlink:type="resource" xlink:label="label_SenzakiShigekoMember" xml:lang="ja" xlink:role="http://www.xbrl.org/2003/role/verboseLabel" id="label_SenzakiShigekoMember">千崎　滋子 [メンバー]</link:label>
    <link:labelArc xlink:type="arc" xlink:arcrole="http://www.xbrl.org/2003/arcrole/concept-label" xlink:from="SenzakiShigekoMember" xlink:to="label_SenzakiShigekoMember" />
    <link:label xlink:type="resource" xlink:label="label_SenzakiShigekoMember_2" xml:lang="ja" xlink:role="http://www.xbrl.org/2003/role/label" id="label_SenzakiShigekoMember_2">千崎　滋子</link:label>
    <link:labelArc xlink:type="arc" xlink:arcrole="http://www.xbrl.org/2003/arcrole/concept-label" xlink:from="SenzakiShigekoMember" xlink:to="label_SenzakiShigekoMember_2" />
    <link:label xlink:type="resource" xlink:label="label_MatsuoTakashiMember" xml:lang="ja" xlink:role="http://www.xbrl.org/2003/role/verboseLabel" id="label_MatsuoTakashiMember">松尾　隆 [メンバー]</link:label>
    <link:labelArc xlink:type="arc" xlink:arcrole="http://www.xbrl.org/2003/arcrole/concept-label" xlink:from="MatsuoTakashiMember" xlink:to="label_MatsuoTakashiMember" />
    <link:label xlink:type="resource" xlink:label="label_MatsuoTakashiMember_2" xml:lang="ja" xlink:role="http://www.xbrl.org/2003/role/label" id="label_MatsuoTakashiMember_2">松尾　隆</link:label>
    <link:labelArc xlink:type="arc" xlink:arcrole="http://www.xbrl.org/2003/arcrole/concept-label" xlink:from="MatsuoTakashiMember" xlink:to="label_MatsuoTakashiMember_2" />
    <link:label xlink:type="resource" xlink:label="label_UehiraToruMember" xml:lang="ja" xlink:role="http://www.xbrl.org/2003/role/verboseLabel" id="label_UehiraToruMember">上平　徹 [メンバー]</link:label>
    <link:labelArc xlink:type="arc" xlink:arcrole="http://www.xbrl.org/2003/arcrole/concept-label" xlink:from="UehiraToruMember" xlink:to="label_UehiraToruMember" />
    <link:label xlink:type="resource" xlink:label="label_UehiraToruMember_2" xml:lang="ja" xlink:role="http://www.xbrl.org/2003/role/label" id="label_UehiraToruMember_2">上平　徹</link:label>
    <link:labelArc xlink:type="arc" xlink:arcrole="http://www.xbrl.org/2003/arcrole/concept-label" xlink:from="UehiraToruMember" xlink:to="label_UehiraToruMember_2" />
    <link:label xlink:type="resource" xlink:label="label_ReferenceToOtherInformation2StrategyTextBlock_2" xml:lang="ja" xlink:role="http://www.xbrl.org/2003/role/label" id="label_ReferenceToOtherInformation2StrategyTextBlock_2">他の記載への参照 2</link:label>
    <link:labelArc xlink:type="arc" xlink:arcrole="http://www.xbrl.org/2003/arcrole/concept-label" xlink:from="ReferenceToOtherInformation2StrategyTextBlock" xlink:to="label_ReferenceToOtherInformation2StrategyTextBlock_2" />
    <link:label xlink:type="resource" xlink:label="label_ReferenceToOtherInformation2StrategyTextBlock" xml:lang="ja" xlink:role="http://www.xbrl.org/2003/role/verboseLabel" id="label_ReferenceToOtherInformation2StrategyTextBlock">他の記載への参照 2、戦略 [テキストブロック]</link:label>
    <link:labelArc xlink:type="arc" xlink:arcrole="http://www.xbrl.org/2003/arcrole/concept-label" xlink:from="ReferenceToOtherInformation2StrategyTextBlock" xlink:to="label_ReferenceToOtherInformation2StrategyTextBlock" />
    <link:label xlink:type="resource" xlink:label="label_ReferenceToOtherInformation3StrategyTextBlock_2" xml:lang="ja" xlink:role="http://www.xbrl.org/2003/role/label" id="label_ReferenceToOtherInformation3StrategyTextBlock_2">他の記載への参照 3</link:label>
    <link:labelArc xlink:type="arc" xlink:arcrole="http://www.xbrl.org/2003/arcrole/concept-label" xlink:from="ReferenceToOtherInformation3StrategyTextBlock" xlink:to="label_ReferenceToOtherInformation3StrategyTextBlock_2" />
    <link:label xlink:type="resource" xlink:label="label_ReferenceToOtherInformation3StrategyTextBlock" xml:lang="ja" xlink:role="http://www.xbrl.org/2003/role/verboseLabel" id="label_ReferenceToOtherInformation3StrategyTextBlock">他の記載への参照 3、戦略 [テキストブロック]</link:label>
    <link:labelArc xlink:type="arc" xlink:arcrole="http://www.xbrl.org/2003/arcrole/concept-label" xlink:from="ReferenceToOtherInformation3StrategyTextBlock" xlink:to="label_ReferenceToOtherInformation3StrategyTextBlock" />
    <link:label xlink:type="resource" xlink:label="label_ReferenceToOtherInformation4StrategyTextBlock_2" xml:lang="ja" xlink:role="http://www.xbrl.org/2003/role/label" id="label_ReferenceToOtherInformation4StrategyTextBlock_2">他の記載への参照 4</link:label>
    <link:labelArc xlink:type="arc" xlink:arcrole="http://www.xbrl.org/2003/arcrole/concept-label" xlink:from="ReferenceToOtherInformation4StrategyTextBlock" xlink:to="label_ReferenceToOtherInformation4StrategyTextBlock_2" />
    <link:label xlink:type="resource" xlink:label="label_ReferenceToOtherInformation4StrategyTextBlock" xml:lang="ja" xlink:role="http://www.xbrl.org/2003/role/verboseLabel" id="label_ReferenceToOtherInformation4StrategyTextBlock">他の記載への参照 4、戦略 [テキストブロック]</link:label>
    <link:labelArc xlink:type="arc" xlink:arcrole="http://www.xbrl.org/2003/arcrole/concept-label" xlink:from="ReferenceToOtherInformation4StrategyTextBlock" xlink:to="label_ReferenceToOtherInformation4StrategyTextBlock" />
    <link:label xlink:type="resource" xlink:label="label_ReferenceToOtherInformation2MetricsAndTargets_2" xml:lang="ja" xlink:role="http://www.xbrl.org/2003/role/label" id="label_ReferenceToOtherInformation2MetricsAndTargets_2">他の記載への参照 2</link:label>
    <link:labelArc xlink:type="arc" xlink:arcrole="http://www.xbrl.org/2003/arcrole/concept-label" xlink:from="ReferenceToOtherInformation2MetricsAndTargets" xlink:to="label_ReferenceToOtherInformation2MetricsAndTargets_2" />
    <link:label xlink:type="resource" xlink:label="label_ReferenceToOtherInformation2MetricsAndTargets" xml:lang="ja" xlink:role="http://www.xbrl.org/2003/role/verboseLabel" id="label_ReferenceToOtherInformation2MetricsAndTargets">他の記載への参照 2、指標及び目標</link:label>
    <link:labelArc xlink:type="arc" xlink:arcrole="http://www.xbrl.org/2003/arcrole/concept-label" xlink:from="ReferenceToOtherInformation2MetricsAndTargets" xlink:to="label_ReferenceToOtherInformation2MetricsAndTargets" />
    <link:label xlink:type="resource" xlink:label="label_RefundLiabilitiesCL" xml:lang="ja" xlink:role="http://www.xbrl.org/2003/role/label" id="label_RefundLiabilitiesCL">返金負債</link:label>
    <link:labelArc xlink:type="arc" xlink:arcrole="http://www.xbrl.org/2003/arcrole/concept-label" xlink:from="RefundLiabilitiesCL" xlink:to="label_RefundLiabilitiesCL" />
    <link:label xlink:type="resource" xlink:label="label_RefundLiabilitiesCL_2" xml:lang="ja" xlink:role="http://www.xbrl.org/2003/role/verboseLabel" id="label_RefundLiabilitiesCL_2">返金負債、流動負債</link:label>
    <link:labelArc xlink:type="arc" xlink:arcrole="http://www.xbrl.org/2003/arcrole/concept-label" xlink:from="RefundLiabilitiesCL" xlink:to="label_RefundLiabilitiesCL_2" />
  </link:labelLink>
</link:linkbase>