﻿<?xml version="1.0" encoding="utf-8"?>
<!-- XBRL Document Created with WizLabo Platform -->
<link:linkbase xmlns:xlink="http://www.w3.org/1999/xlink" xmlns:xsi="http://www.w3.org/2001/XMLSchema-instance" xmlns:link="http://www.xbrl.org/2003/linkbase">
  <link:roleRef xlink:type="simple" xlink:href="http://disclosure.edinet-fsa.go.jp/taxonomy/jppfs/2023-12-01/jppfs_rt_2023-12-01.xsd#rol_CTELabel" roleURI="http://disclosure.edinet-fsa.go.jp/jppfs/cte/role/label" />
  <link:labelLink xlink:type="extended" xlink:role="http://www.xbrl.org/2003/role/link">
    <link:label xml:lang="ja" xlink:type="resource" xlink:label="jpcrp030000-asr_E38168-000_AkutsuMasashiMember_label" xlink:role="http://www.xbrl.org/2003/role/label">阿久津　正志</link:label>
    <link:label xml:lang="ja" xlink:type="resource" xlink:label="jpcrp030000-asr_E38168-000_AkutsuMasashiMember_label_1" xlink:role="http://www.xbrl.org/2003/role/verboseLabel">阿久津　正志 [メンバー]</link:label>
    <link:label xml:lang="ja" xlink:type="resource" xlink:label="jpcrp030000-asr_E38168-000_GainOnForgivenessOfDebtsNOI_label" xlink:role="http://www.xbrl.org/2003/role/label">債務免除益</link:label>
    <link:label xml:lang="ja" xlink:type="resource" xlink:label="jpcrp030000-asr_E38168-000_GainOnForgivenessOfDebtsNOI_label_1" xlink:role="http://www.xbrl.org/2003/role/verboseLabel">債務免除益、営業外収益</link:label>
    <link:label xml:lang="ja" xlink:type="resource" xlink:label="jpcrp030000-asr_E38168-000_GotoYujiMember_label" xlink:role="http://www.xbrl.org/2003/role/label">後藤　祐次</link:label>
    <link:label xml:lang="ja" xlink:type="resource" xlink:label="jpcrp030000-asr_E38168-000_GotoYujiMember_label_1" xlink:role="http://www.xbrl.org/2003/role/verboseLabel">後藤　祐次 [メンバー]</link:label>
    <link:label xml:lang="ja" xlink:type="resource" xlink:label="jpcrp030000-asr_E38168-000_ImamuraHideakiMember_label" xlink:role="http://www.xbrl.org/2003/role/label">今村　英明</link:label>
    <link:label xml:lang="ja" xlink:type="resource" xlink:label="jpcrp030000-asr_E38168-000_ImamuraHideakiMember_label_1" xlink:role="http://www.xbrl.org/2003/role/verboseLabel">今村　英明 [メンバー]</link:label>
    <link:label xml:lang="ja" xlink:type="resource" xlink:label="jpcrp030000-asr_E38168-000_KandaHidehitoMember_label" xlink:role="http://www.xbrl.org/2003/role/label">神田　秀仁</link:label>
    <link:label xml:lang="ja" xlink:type="resource" xlink:label="jpcrp030000-asr_E38168-000_KandaHidehitoMember_label_1" xlink:role="http://www.xbrl.org/2003/role/verboseLabel">神田　秀仁 [メンバー]</link:label>
    <link:label xml:lang="ja" xlink:type="resource" xlink:label="jpcrp030000-asr_E38168-000_KawaharaSeiichiMember_label" xlink:role="http://www.xbrl.org/2003/role/label">河原　誠一</link:label>
    <link:label xml:lang="ja" xlink:type="resource" xlink:label="jpcrp030000-asr_E38168-000_KawaharaSeiichiMember_label_1" xlink:role="http://www.xbrl.org/2003/role/verboseLabel">河原　誠一 [メンバー]</link:label>
    <link:label xml:lang="ja" xlink:type="resource" xlink:label="jpcrp030000-asr_E38168-000_KuzeNaokiMember_label" xlink:role="http://www.xbrl.org/2003/role/label">久世　直樹</link:label>
    <link:label xml:lang="ja" xlink:type="resource" xlink:label="jpcrp030000-asr_E38168-000_KuzeNaokiMember_label_1" xlink:role="http://www.xbrl.org/2003/role/verboseLabel">久世　直樹 [メンバー]</link:label>
    <link:label xml:lang="ja" xlink:type="resource" xlink:label="jpcrp030000-asr_E38168-000_KuzeRyotaMember_label" xlink:role="http://www.xbrl.org/2003/role/label">久世　良太</link:label>
    <link:label xml:lang="ja" xlink:type="resource" xlink:label="jpcrp030000-asr_E38168-000_KuzeRyotaMember_label_1" xlink:role="http://www.xbrl.org/2003/role/verboseLabel">久世　良太 [メンバー]</link:label>
    <link:label xml:lang="ja" xlink:type="resource" xlink:label="jpcrp030000-asr_E38168-000_KuzeRyozoMember_label" xlink:role="http://www.xbrl.org/2003/role/label">久世　良三</link:label>
    <link:label xml:lang="ja" xlink:type="resource" xlink:label="jpcrp030000-asr_E38168-000_KuzeRyozoMember_label_1" xlink:role="http://www.xbrl.org/2003/role/verboseLabel">久世　良三 [メンバー]</link:label>
    <link:label xml:lang="ja" xlink:type="resource" xlink:label="jpcrp030000-asr_E38168-000_NotesRegardingLossOnValuationOfInvestmentSecuritiesTextBlock_label" xlink:role="http://www.xbrl.org/2003/role/label">投資有価証券評価損に関する注記</link:label>
    <link:label xml:lang="ja" xlink:type="resource" xlink:label="jpcrp030000-asr_E38168-000_NotesRegardingLossOnValuationOfInvestmentSecuritiesTextBlock_label_1" xlink:role="http://www.xbrl.org/2003/role/verboseLabel">投資有価証券評価損に関する注記 [テキストブロック]</link:label>
    <link:label xml:lang="ja" xlink:type="resource" xlink:label="jpcrp030000-asr_E38168-000_SugitaMasanoriMember_label" xlink:role="http://www.xbrl.org/2003/role/label">杉田　昌則</link:label>
    <link:label xml:lang="ja" xlink:type="resource" xlink:label="jpcrp030000-asr_E38168-000_SugitaMasanoriMember_label_1" xlink:role="http://www.xbrl.org/2003/role/verboseLabel">杉田　昌則 [メンバー]</link:label>
    <link:label xml:lang="ja" xlink:type="resource" xlink:label="jpcrp030000-asr_E38168-000_YamaguchiSachieMember_label" xlink:role="http://www.xbrl.org/2003/role/label">山口　幸枝</link:label>
    <link:label xml:lang="ja" xlink:type="resource" xlink:label="jpcrp030000-asr_E38168-000_YamaguchiSachieMember_label_1" xlink:role="http://www.xbrl.org/2003/role/verboseLabel">山口　幸枝 [メンバー]</link:label>
    <link:label xml:lang="ja" xlink:type="resource" xlink:label="jpcrp030000-asr_E38168-000_YamamotoYoshihiroMember_label" xlink:role="http://www.xbrl.org/2003/role/label">山本　義博</link:label>
    <link:label xml:lang="ja" xlink:type="resource" xlink:label="jpcrp030000-asr_E38168-000_YamamotoYoshihiroMember_label_1" xlink:role="http://www.xbrl.org/2003/role/verboseLabel">山本　義博 [メンバー]</link:label>
    <link:label xml:lang="ja" xlink:type="resource" xlink:label="jpcrp030000-asr_E38168-000_YamaokaMinakoMember_label" xlink:role="http://www.xbrl.org/2003/role/label">山岡　美奈子</link:label>
    <link:label xml:lang="ja" xlink:type="resource" xlink:label="jpcrp030000-asr_E38168-000_YamaokaMinakoMember_label_1" xlink:role="http://www.xbrl.org/2003/role/verboseLabel">山岡　美奈子 [メンバー]</link:label>
    <link:label xml:lang="ja" xlink:type="resource" xlink:label="jppfs_cor_OtherNetPPE_label" xlink:role="http://disclosure.edinet-fsa.go.jp/jppfs/cte/role/label">その他</link:label>
    <link:label xml:lang="ja" xlink:type="resource" xlink:label="jppfs_cor_SubsidyIncomeNOI_label" xlink:role="http://disclosure.edinet-fsa.go.jp/jppfs/cte/role/label">助成金収入</link:label>
    <link:loc xlink:type="locator" xlink:href="http://disclosure.edinet-fsa.go.jp/taxonomy/jppfs/2023-12-01/jppfs_cor_2023-12-01.xsd#jppfs_cor_OtherNetPPE" xlink:label="jppfs_cor_OtherNetPPE" />
    <link:loc xlink:type="locator" xlink:href="http://disclosure.edinet-fsa.go.jp/taxonomy/jppfs/2023-12-01/jppfs_cor_2023-12-01.xsd#jppfs_cor_SubsidyIncomeNOI" xlink:label="jppfs_cor_SubsidyIncomeNOI" />
    <link:loc xlink:type="locator" xlink:href="jpcrp030000-asr-001_E38168-000_2024-03-31_01_2024-06-24.xsd#jpcrp030000-asr_E38168-000_AkutsuMasashiMember" xlink:label="jpcrp030000-asr_E38168-000_AkutsuMasashiMember" />
    <link:loc xlink:type="locator" xlink:href="jpcrp030000-asr-001_E38168-000_2024-03-31_01_2024-06-24.xsd#jpcrp030000-asr_E38168-000_GainOnForgivenessOfDebtsNOI" xlink:label="jpcrp030000-asr_E38168-000_GainOnForgivenessOfDebtsNOI" />
    <link:loc xlink:type="locator" xlink:href="jpcrp030000-asr-001_E38168-000_2024-03-31_01_2024-06-24.xsd#jpcrp030000-asr_E38168-000_GotoYujiMember" xlink:label="jpcrp030000-asr_E38168-000_GotoYujiMember" />
    <link:loc xlink:type="locator" xlink:href="jpcrp030000-asr-001_E38168-000_2024-03-31_01_2024-06-24.xsd#jpcrp030000-asr_E38168-000_ImamuraHideakiMember" xlink:label="jpcrp030000-asr_E38168-000_ImamuraHideakiMember" />
    <link:loc xlink:type="locator" xlink:href="jpcrp030000-asr-001_E38168-000_2024-03-31_01_2024-06-24.xsd#jpcrp030000-asr_E38168-000_KandaHidehitoMember" xlink:label="jpcrp030000-asr_E38168-000_KandaHidehitoMember" />
    <link:loc xlink:type="locator" xlink:href="jpcrp030000-asr-001_E38168-000_2024-03-31_01_2024-06-24.xsd#jpcrp030000-asr_E38168-000_KawaharaSeiichiMember" xlink:label="jpcrp030000-asr_E38168-000_KawaharaSeiichiMember" />
    <link:loc xlink:type="locator" xlink:href="jpcrp030000-asr-001_E38168-000_2024-03-31_01_2024-06-24.xsd#jpcrp030000-asr_E38168-000_KuzeNaokiMember" xlink:label="jpcrp030000-asr_E38168-000_KuzeNaokiMember" />
    <link:loc xlink:type="locator" xlink:href="jpcrp030000-asr-001_E38168-000_2024-03-31_01_2024-06-24.xsd#jpcrp030000-asr_E38168-000_KuzeRyotaMember" xlink:label="jpcrp030000-asr_E38168-000_KuzeRyotaMember" />
    <link:loc xlink:type="locator" xlink:href="jpcrp030000-asr-001_E38168-000_2024-03-31_01_2024-06-24.xsd#jpcrp030000-asr_E38168-000_KuzeRyozoMember" xlink:label="jpcrp030000-asr_E38168-000_KuzeRyozoMember" />
    <link:loc xlink:type="locator" xlink:href="jpcrp030000-asr-001_E38168-000_2024-03-31_01_2024-06-24.xsd#jpcrp030000-asr_E38168-000_NotesRegardingLossOnValuationOfInvestmentSecuritiesTextBlock" xlink:label="jpcrp030000-asr_E38168-000_NotesRegardingLossOnValuationOfInvestmentSecuritiesTextBlock" />
    <link:loc xlink:type="locator" xlink:href="jpcrp030000-asr-001_E38168-000_2024-03-31_01_2024-06-24.xsd#jpcrp030000-asr_E38168-000_SugitaMasanoriMember" xlink:label="jpcrp030000-asr_E38168-000_SugitaMasanoriMember" />
    <link:loc xlink:type="locator" xlink:href="jpcrp030000-asr-001_E38168-000_2024-03-31_01_2024-06-24.xsd#jpcrp030000-asr_E38168-000_YamaguchiSachieMember" xlink:label="jpcrp030000-asr_E38168-000_YamaguchiSachieMember" />
    <link:loc xlink:type="locator" xlink:href="jpcrp030000-asr-001_E38168-000_2024-03-31_01_2024-06-24.xsd#jpcrp030000-asr_E38168-000_YamamotoYoshihiroMember" xlink:label="jpcrp030000-asr_E38168-000_YamamotoYoshihiroMember" />
    <link:loc xlink:type="locator" xlink:href="jpcrp030000-asr-001_E38168-000_2024-03-31_01_2024-06-24.xsd#jpcrp030000-asr_E38168-000_YamaokaMinakoMember" xlink:label="jpcrp030000-asr_E38168-000_YamaokaMinakoMember" />
    <link:labelArc xlink:type="arc" xlink:from="jpcrp030000-asr_E38168-000_AkutsuMasashiMember" xlink:to="jpcrp030000-asr_E38168-000_AkutsuMasashiMember_label" xlink:arcrole="http://www.xbrl.org/2003/arcrole/concept-label" order="1" />
    <link:labelArc xlink:type="arc" xlink:from="jpcrp030000-asr_E38168-000_AkutsuMasashiMember" xlink:to="jpcrp030000-asr_E38168-000_AkutsuMasashiMember_label_1" xlink:arcrole="http://www.xbrl.org/2003/arcrole/concept-label" order="1" />
    <link:labelArc xlink:type="arc" xlink:from="jpcrp030000-asr_E38168-000_GainOnForgivenessOfDebtsNOI" xlink:to="jpcrp030000-asr_E38168-000_GainOnForgivenessOfDebtsNOI_label" xlink:arcrole="http://www.xbrl.org/2003/arcrole/concept-label" order="1" />
    <link:labelArc xlink:type="arc" xlink:from="jpcrp030000-asr_E38168-000_GainOnForgivenessOfDebtsNOI" xlink:to="jpcrp030000-asr_E38168-000_GainOnForgivenessOfDebtsNOI_label_1" xlink:arcrole="http://www.xbrl.org/2003/arcrole/concept-label" order="1" />
    <link:labelArc xlink:type="arc" xlink:from="jpcrp030000-asr_E38168-000_GotoYujiMember" xlink:to="jpcrp030000-asr_E38168-000_GotoYujiMember_label" xlink:arcrole="http://www.xbrl.org/2003/arcrole/concept-label" order="1" />
    <link:labelArc xlink:type="arc" xlink:from="jpcrp030000-asr_E38168-000_GotoYujiMember" xlink:to="jpcrp030000-asr_E38168-000_GotoYujiMember_label_1" xlink:arcrole="http://www.xbrl.org/2003/arcrole/concept-label" order="1" />
    <link:labelArc xlink:type="arc" xlink:from="jpcrp030000-asr_E38168-000_ImamuraHideakiMember" xlink:to="jpcrp030000-asr_E38168-000_ImamuraHideakiMember_label" xlink:arcrole="http://www.xbrl.org/2003/arcrole/concept-label" order="1" />
    <link:labelArc xlink:type="arc" xlink:from="jpcrp030000-asr_E38168-000_ImamuraHideakiMember" xlink:to="jpcrp030000-asr_E38168-000_ImamuraHideakiMember_label_1" xlink:arcrole="http://www.xbrl.org/2003/arcrole/concept-label" order="1" />
    <link:labelArc xlink:type="arc" xlink:from="jpcrp030000-asr_E38168-000_KandaHidehitoMember" xlink:to="jpcrp030000-asr_E38168-000_KandaHidehitoMember_label" xlink:arcrole="http://www.xbrl.org/2003/arcrole/concept-label" order="1" />
    <link:labelArc xlink:type="arc" xlink:from="jpcrp030000-asr_E38168-000_KandaHidehitoMember" xlink:to="jpcrp030000-asr_E38168-000_KandaHidehitoMember_label_1" xlink:arcrole="http://www.xbrl.org/2003/arcrole/concept-label" order="1" />
    <link:labelArc xlink:type="arc" xlink:from="jpcrp030000-asr_E38168-000_KawaharaSeiichiMember" xlink:to="jpcrp030000-asr_E38168-000_KawaharaSeiichiMember_label" xlink:arcrole="http://www.xbrl.org/2003/arcrole/concept-label" order="1" />
    <link:labelArc xlink:type="arc" xlink:from="jpcrp030000-asr_E38168-000_KawaharaSeiichiMember" xlink:to="jpcrp030000-asr_E38168-000_KawaharaSeiichiMember_label_1" xlink:arcrole="http://www.xbrl.org/2003/arcrole/concept-label" order="1" />
    <link:labelArc xlink:type="arc" xlink:from="jpcrp030000-asr_E38168-000_KuzeNaokiMember" xlink:to="jpcrp030000-asr_E38168-000_KuzeNaokiMember_label" xlink:arcrole="http://www.xbrl.org/2003/arcrole/concept-label" order="1" />
    <link:labelArc xlink:type="arc" xlink:from="jpcrp030000-asr_E38168-000_KuzeNaokiMember" xlink:to="jpcrp030000-asr_E38168-000_KuzeNaokiMember_label_1" xlink:arcrole="http://www.xbrl.org/2003/arcrole/concept-label" order="1" />
    <link:labelArc xlink:type="arc" xlink:from="jpcrp030000-asr_E38168-000_KuzeRyotaMember" xlink:to="jpcrp030000-asr_E38168-000_KuzeRyotaMember_label_1" xlink:arcrole="http://www.xbrl.org/2003/arcrole/concept-label" order="1" />
    <link:labelArc xlink:type="arc" xlink:from="jpcrp030000-asr_E38168-000_KuzeRyotaMember" xlink:to="jpcrp030000-asr_E38168-000_KuzeRyotaMember_label" xlink:arcrole="http://www.xbrl.org/2003/arcrole/concept-label" order="1" />
    <link:labelArc xlink:type="arc" xlink:from="jpcrp030000-asr_E38168-000_KuzeRyozoMember" xlink:to="jpcrp030000-asr_E38168-000_KuzeRyozoMember_label" xlink:arcrole="http://www.xbrl.org/2003/arcrole/concept-label" order="1" />
    <link:labelArc xlink:type="arc" xlink:from="jpcrp030000-asr_E38168-000_KuzeRyozoMember" xlink:to="jpcrp030000-asr_E38168-000_KuzeRyozoMember_label_1" xlink:arcrole="http://www.xbrl.org/2003/arcrole/concept-label" order="1" />
    <link:labelArc xlink:type="arc" xlink:from="jpcrp030000-asr_E38168-000_NotesRegardingLossOnValuationOfInvestmentSecuritiesTextBlock" xlink:to="jpcrp030000-asr_E38168-000_NotesRegardingLossOnValuationOfInvestmentSecuritiesTextBlock_label" xlink:arcrole="http://www.xbrl.org/2003/arcrole/concept-label" order="1" />
    <link:labelArc xlink:type="arc" xlink:from="jpcrp030000-asr_E38168-000_NotesRegardingLossOnValuationOfInvestmentSecuritiesTextBlock" xlink:to="jpcrp030000-asr_E38168-000_NotesRegardingLossOnValuationOfInvestmentSecuritiesTextBlock_label_1" xlink:arcrole="http://www.xbrl.org/2003/arcrole/concept-label" order="1" />
    <link:labelArc xlink:type="arc" xlink:from="jpcrp030000-asr_E38168-000_SugitaMasanoriMember" xlink:to="jpcrp030000-asr_E38168-000_SugitaMasanoriMember_label" xlink:arcrole="http://www.xbrl.org/2003/arcrole/concept-label" order="1" />
    <link:labelArc xlink:type="arc" xlink:from="jpcrp030000-asr_E38168-000_SugitaMasanoriMember" xlink:to="jpcrp030000-asr_E38168-000_SugitaMasanoriMember_label_1" xlink:arcrole="http://www.xbrl.org/2003/arcrole/concept-label" order="1" />
    <link:labelArc xlink:type="arc" xlink:from="jpcrp030000-asr_E38168-000_YamaguchiSachieMember" xlink:to="jpcrp030000-asr_E38168-000_YamaguchiSachieMember_label" xlink:arcrole="http://www.xbrl.org/2003/arcrole/concept-label" order="1" />
    <link:labelArc xlink:type="arc" xlink:from="jpcrp030000-asr_E38168-000_YamaguchiSachieMember" xlink:to="jpcrp030000-asr_E38168-000_YamaguchiSachieMember_label_1" xlink:arcrole="http://www.xbrl.org/2003/arcrole/concept-label" order="1" />
    <link:labelArc xlink:type="arc" xlink:from="jpcrp030000-asr_E38168-000_YamamotoYoshihiroMember" xlink:to="jpcrp030000-asr_E38168-000_YamamotoYoshihiroMember_label" xlink:arcrole="http://www.xbrl.org/2003/arcrole/concept-label" order="1" />
    <link:labelArc xlink:type="arc" xlink:from="jpcrp030000-asr_E38168-000_YamamotoYoshihiroMember" xlink:to="jpcrp030000-asr_E38168-000_YamamotoYoshihiroMember_label_1" xlink:arcrole="http://www.xbrl.org/2003/arcrole/concept-label" order="1" />
    <link:labelArc xlink:type="arc" xlink:from="jpcrp030000-asr_E38168-000_YamaokaMinakoMember" xlink:to="jpcrp030000-asr_E38168-000_YamaokaMinakoMember_label" xlink:arcrole="http://www.xbrl.org/2003/arcrole/concept-label" order="1" />
    <link:labelArc xlink:type="arc" xlink:from="jpcrp030000-asr_E38168-000_YamaokaMinakoMember" xlink:to="jpcrp030000-asr_E38168-000_YamaokaMinakoMember_label_1" xlink:arcrole="http://www.xbrl.org/2003/arcrole/concept-label" order="1" />
    <link:labelArc xlink:type="arc" xlink:from="jppfs_cor_OtherNetPPE" xlink:to="jppfs_cor_OtherNetPPE_label" xlink:arcrole="http://www.xbrl.org/2003/arcrole/concept-label" order="1" />
    <link:labelArc xlink:type="arc" xlink:from="jppfs_cor_SubsidyIncomeNOI" xlink:to="jppfs_cor_SubsidyIncomeNOI_label" xlink:arcrole="http://www.xbrl.org/2003/arcrole/concept-label" order="1" />
  </link:labelLink>
</link:linkbase>